item,buque,producto,jornada,turno,ticket_apm,permiso,bl,bodega,balanza_ingreso,fecha_ingreso_apm,fecha_inicio_carguio,fecha_termino_carguio,duracion_carguio,estadia_muelle_antes_carguio,balanza_salida,guia_remision_agencia,placa_camion,empresa_transporte,num_precinto,peso_bruto_puerto,tara_puerto,peso_neto_salida_apm,peso_apm_tn,destino_almacen,fecha_salida_apmtc,tiempo_termino_carguio_salida,tiempo_llegada_salida_apm,fecha_ingreso_almacen,peso_bruto_almacen,tara_almacen,peso_neto_ingreso_almacen,diferencia_pesos_netos,fecha_salida_almacen,tiempo_llegada_almacen_desde_puerto,permanencia_almacen,duracion_total_traslado,observaciones,guia_transporte
1,AFRICAN ROADRUNNER,MAIZ AMARILLO ARGENTINO,JORNADA 1,15-23,202412240024,-,2,BODEGA 3,-,2024-12-24 14:10:00,2024-12-24 15:22:00,2024-12-24 15:29:00,00:07:00,01:12:00,-,240024,AWS916,TOSA E.I.R.L.,128601,33060,17760,15300,15.3,CHANCAY - 5003,2024-12-24 17:46:00,02:17:00,03:36:00,2024-12-24 19:23:00,33000,17700,15300,0,2024-12-24 19:41:00,01:37:00,00:18:00,05:31:00,,0
2,AFRICAN ROADRUNNER,MAIZ AMARILLO ARGENTINO,JORNADA 1,15-23,202412240021,-,2,BODEGA 3,-,2024-12-24 13:47:00,2024-12-24 15:30:00,2024-12-24 15:37:00,00:07:00,01:43:00,-,240021,AFX858,TOSA E.I.R.L.,128600,30660,17000,13660,13.66,CHANCAY - 5003,2024-12-24 17:45:00,02:08:00,03:58:00,2024-12-24 19:11:00,30570,16910,13660,0,2024-12-24 19:28:00,01:26:00,00:17:00,05:41:00,0,0
3,AFRICAN ROADRUNNER,MAIZ AMARILLO ARGENTINO,JORNADA 1,15-23,202412240023,-,2,BODEGA 3,-,2024-12-24 13:48:00,2024-12-24 15:38:00,2024-12-24 15:45:00,00:07:00,01:50:00,-,240023,ASA876,TOSA E.I.R.L.,128602,45080,17340,27740,27.74,CHANCAY - 5003,2024-12-24 18:01:00,02:16:00,04:13:00,2024-12-24 19:39:00,45030,17280,27750,10,2024-12-24 19:55:00,01:38:00,00:16:00,06:07:00,0,0
4,AFRICAN ROADRUNNER,MAIZ AMARILLO ARGENTINO,JORNADA 1,15-23,202412240033,-,2,BODEGA 3,-,2024-12-24 13:52:00,2024-12-24 15:46:00,2024-12-24 15:53:00,00:07:00,01:54:00,-,240033,ABY907,TOSA E.I.R.L.,128603,41940,16920,25020,25.02,CHANCAY - 5003,2024-12-24 18:15:00,02:22:00,04:23:00,2024-12-24 19:43:00,41890,16830,25060,40,2024-12-24 20:07:00,01:28:00,00:24:00,06:15:00,0,0
5,AFRICAN ROADRUNNER,MAIZ AMARILLO ARGENTINO,JORNADA 1,15-23,202412240036,-,2,BODEGA 1,-,2024-12-24 14:21:00,2024-12-24 15:50:00,2024-12-24 15:57:00,00:07:00,01:29:00,-,240036,APP823,TRANSJIBAJA S.A.C.,128608,48380,17540,30840,30.84,CHANCAY - 5003,2024-12-24 18:27:00,02:30:00,04:06:00,2024-12-24 20:09:00,48320,17470,30850,10,2024-12-24 20:36:00,01:42:00,00:27:00,06:15:00,0,0
6,AFRICAN ROADRUNNER,MAIZ AMARILLO ARGENTINO,JORNADA 1,15-23,202412240026,-,2,BODEGA 3,-,2024-12-24 13:47:00,2024-12-24 15:54:00,2024-12-24 16:01:00,00:07:00,02:07:00,-,240026,AUL936,TOSA E.I.R.L.,128604,43860,17080,26780,26.78,CHANCAY - 5003,2024-12-24 18:18:00,02:17:00,04:31:00,2024-12-24 19:47:00,43790,17020,26770,-10,2024-12-24 20:10:00,01:29:00,00:23:00,06:23:00,0,0
7,AFRICAN ROADRUNNER,MAIZ AMARILLO ARGENTINO,JORNADA 1,15-23,202412240028,-,2,BODEGA 1,-,2024-12-24 14:12:00,2024-12-24 16:01:00,2024-12-24 16:10:00,00:09:00,01:49:00,-,240028,D7X754,TOSA E.I.R.L.,128605,45140,17280,27860,27.86,CHANCAY - 5003,2024-12-24 18:19:00,02:09:00,04:07:00,2024-12-24 19:55:00,45070,17210,27860,0,2024-12-24 20:14:00,01:36:00,00:19:00,06:02:00,0,0
8,AFRICAN ROADRUNNER,MAIZ AMARILLO ARGENTINO,JORNADA 1,15-23,202412240035,-,2,BODEGA 3,-,2024-12-24 13:51:00,2024-12-24 16:04:00,2024-12-24 16:11:00,00:07:00,02:13:00,-,240035,C7Y834,TRANSJIBAJA S.A.C.,128609,47360,17300,30060,30.06,CHANCAY - 5003,2024-12-24 18:27:00,02:16:00,04:36:00,2024-12-24 20:13:00,47280,17220,30060,0,2024-12-24 20:42:00,01:46:00,00:29:00,06:51:00,0,0
9,AFRICAN ROADRUNNER,MAIZ AMARILLO ARGENTINO,JORNADA 1,15-23,202412240034,-,2,BODEGA 3,-,2024-12-24 14:14:00,2024-12-24 16:11:00,2024-12-24 16:18:00,00:07:00,01:57:00,-,240034,ASZ864,TRANSJIBAJA S.A.C.,128607,52560,17180,35380,35.38,CHANCAY - 5003,2024-12-24 18:26:00,02:08:00,04:12:00,2024-12-24 20:01:00,52490,17120,35370,-10,2024-12-24 20:28:00,01:35:00,00:27:00,06:14:00,0,0
10,AFRICAN ROADRUNNER,MAIZ AMARILLO ARGENTINO,JORNADA 1,15-23,202412240027,-,2,BODEGA 1,-,2024-12-24 13:50:00,2024-12-24 16:11:00,2024-12-24 16:18:00,00:07:00,02:21:00,-,240027,C9H901,TOSA E.I.R.L.,128606,48440,16360,32080,32.08,CHANCAY - 5003,2024-12-24 18:21:00,02:03:00,04:31:00,2024-12-24 19:58:00,48370,16290,32080,0,2024-12-24 20:23:00,01:37:00,00:25:00,06:33:00,0,0
11,AFRICAN ROADRUNNER,MAIZ AMARILLO ARGENTINO,JORNADA 1,15-23,202412240038,-,2,BODEGA 3,-,2024-12-24 14:35:00,2024-12-24 16:12:00,2024-12-24 16:19:00,00:07:00,01:37:00,-,240038,D1J772,TRANSJIBAJA S.A.C.,128610,50280,17120,33160,33.16,CHANCAY - 5003,2024-12-24 18:28:00,02:09:00,03:53:00,2024-12-24 20:07:00,50220,17060,33160,0,2024-12-24 20:32:00,01:39:00,00:25:00,05:57:00,0,0
12,AFRICAN ROADRUNNER,MAIZ AMARILLO ARGENTINO,JORNADA 1,15-23,202412240037,-,2,BODEGA 1,-,2024-12-24 14:26:00,2024-12-24 16:19:00,2024-12-24 16:26:00,00:07:00,01:53:00,-,240037,D0Q776,TRANSJIBAJA S.A.C.,128613,45680,16480,29200,29.2,CHANCAY - 5003,2024-12-24 18:36:00,02:10:00,04:10:00,2024-12-24 20:19:00,45640,16430,29210,10,2024-12-24 20:57:00,01:43:00,00:38:00,06:31:00,0,0
13,AFRICAN ROADRUNNER,MAIZ AMARILLO ARGENTINO,JORNADA 1,15-23,202412240040,-,2,BODEGA 1,-,2024-12-24 15:46:00,2024-12-24 16:20:00,2024-12-24 16:27:00,00:07:00,00:34:00,-,240040,C2B789,TRANSJIBAJA S.A.C.,128611,52240,16560,35680,35.68,CHANCAY - 5003,2024-12-24 18:32:00,02:05:00,02:46:00,2024-12-24 20:15:00,52190,16500,35690,10,2024-12-24 20:49:00,01:43:00,00:34:00,05:03:00,0,0
14,AFRICAN ROADRUNNER,MAIZ AMARILLO ARGENTINO,JORNADA 1,15-23,202412240061,-,2,BODEGA 3,-,2024-12-24 14:26:00,2024-12-24 16:27:00,2024-12-24 16:34:00,00:07:00,02:01:00,-,240061,D6H785,TRANSJIBAJA S.A.C.,128614,44480,16140,28340,28.34,CHANCAY - 5003,2024-12-24 18:38:00,02:04:00,04:12:00,2024-12-24 20:27:00,44430,16070,28360,20,2024-12-24 21:07:00,01:49:00,00:40:00,06:41:00,0,0
15,AFRICAN ROADRUNNER,MAIZ AMARILLO ARGENTINO,JORNADA 1,15-23,202412240060,-,2,BODEGA 3,-,2024-12-24 13:52:00,2024-12-24 16:28:00,2024-12-24 16:35:00,00:07:00,02:36:00,-,240060,F4E751,TRANSJIBAJA S.A.C.,128612,52020,16940,35080,35.08,CHANCAY - 5003,2024-12-24 18:36:00,02:01:00,04:44:00,2024-12-24 20:23:00,51960,16870,35090,10,2024-12-24 21:02:00,01:47:00,00:39:00,07:10:00,0,0
16,AFRICAN ROADRUNNER,MAIZ AMARILLO ARGENTINO,JORNADA 1,15-23,202412240066,-,2,BODEGA 3,-,2024-12-24 14:21:00,2024-12-24 16:30:00,2024-12-24 16:37:00,00:07:00,02:09:00,-,240066,D3Y881,TRANSJIBAJA S.A.C.,128619,43420,16420,27000,27,CHANCAY - 5003,2024-12-24 19:01:00,02:24:00,04:40:00,2024-12-24 20:39:00,43350,16350,27000,0,2024-12-24 21:48:00,01:38:00,01:09:00,07:27:00,0,0
17,AFRICAN ROADRUNNER,MAIZ AMARILLO ARGENTINO,JORNADA 1,15-23,202412240047,-,2,BODEGA 3,-,2024-12-24 16:36:00,2024-12-24 16:37:00,2024-12-24 16:44:00,00:07:00,00:01:00,-,240047,BYP751,TOSA E.I.R.L.,128615,51140,18360,32780,32.78,CHANCAY - 5003,2024-12-24 18:42:00,01:58:00,02:06:00,2024-12-24 20:31:00,51100,18310,32790,10,2024-12-24 21:15:00,01:49:00,00:44:00,04:39:00,0,0
18,AFRICAN ROADRUNNER,MAIZ AMARILLO ARGENTINO,JORNADA 1,15-23,202412240079,-,2,BODEGA 3,-,2024-12-24 16:34:00,2024-12-24 16:38:00,2024-12-24 16:45:00,00:07:00,00:04:00,-,240079,D8A721,TOSA E.I.R.L.,128621,48880,17320,31560,31.56,CHANCAY - 5003,2024-12-24 19:05:00,02:20:00,02:31:00,2024-12-24 20:44:00,48800,17220,31580,20,2024-12-24 22:02:00,01:39:00,01:18:00,05:28:00,0,0
19,AFRICAN ROADRUNNER,MAIZ AMARILLO ARGENTINO,JORNADA 1,15-23,202412240063,-,2,BODEGA 1,-,2024-12-24 16:13:00,2024-12-24 16:45:00,2024-12-24 16:52:00,00:07:00,00:32:00,-,240063,BUY724,TOSA E.I.R.L.,128616,54100,18320,35780,35.78,CHANCAY - 5003,2024-12-24 18:53:00,02:01:00,02:40:00,2024-12-24 20:33:00,54070,18270,35800,20,2024-12-24 21:20:00,01:40:00,00:47:00,05:07:00,0,0
20,AFRICAN ROADRUNNER,MAIZ AMARILLO ARGENTINO,JORNADA 1,15-23,202412240085,-,2,BODEGA 3,-,2024-12-24 16:42:00,2024-12-24 16:46:00,2024-12-24 16:53:00,00:07:00,00:04:00,-,2240085,AJP818,VILMA ROJAS,128622,49180,18800,30380,30.38,CHANCAY - 5003,2024-12-24 19:16:00,02:23:00,02:34:00,2024-12-24 20:45:00,49140,18730,30410,30,2024-12-24 22:11:00,01:29:00,01:26:00,05:29:00,0,0
21,AFRICAN ROADRUNNER,MAIZ AMARILLO ARGENTINO,JORNADA 1,15-23,202412240064,-,2,BODEGA 3,-,2024-12-24 13:51:00,2024-12-24 16:53:00,2024-12-24 17:00:00,00:07:00,03:02:00,-,240064,D7H920,TRANSJIBAJA S.A.C.,128617,47820,17180,30640,30.64,CHANCAY - 5003,2024-12-24 18:54:00,01:54:00,05:03:00,2024-12-24 20:37:00,47730,17110,30620,-20,2024-12-24 21:36:00,01:43:00,00:59:00,07:45:00,0,0
22,AFRICAN ROADRUNNER,MAIZ AMARILLO ARGENTINO,JORNADA 1,15-23,202412240067,-,2,BODEGA 1,-,2024-12-24 16:37:00,2024-12-24 17:01:00,2024-12-24 17:09:00,00:08:00,00:24:00,-,240067,D7P795,TRANSJIBAJA S.A.C.,128618,53140,17620,35520,35.52,CHANCAY - 5003,2024-12-24 18:56:00,01:47:00,02:19:00,2024-12-24 20:35:00,53080,17540,35540,20,2024-12-24 21:32:00,01:39:00,00:57:00,04:55:00,0,0
23,AFRICAN ROADRUNNER,MAIZ AMARILLO ARGENTINO,JORNADA 1,15-23,202412240082,-,2,BODEGA 3,-,2024-12-24 16:42:00,2024-12-24 17:01:00,2024-12-24 17:10:00,00:09:00,00:19:00,-,240082,BDE743,VILMA ROJAS,128620,55880,18040,37840,37.84,CHANCAY - 5003,2024-12-24 19:05:00,01:55:00,02:23:00,2024-12-24 20:42:00,55780,17960,37820,-20,2024-12-24 21:58:00,01:37:00,01:16:00,05:16:00,0,0
24,AFRICAN ROADRUNNER,MAIZ AMARILLO ARGENTINO,JORNADA 1,15-23,202412240086,-,2,BODEGA 3,-,2024-12-24 16:42:00,2024-12-24 17:02:00,2024-12-24 17:09:00,00:07:00,00:20:00,-,2240086,AJE884,VILMA ROJAS,128624,54700,18920,35780,35.78,CHANCAY - 5003,2024-12-24 19:24:00,02:15:00,02:42:00,2024-12-24 20:54:00,54550,18800,35750,-30,2024-12-24 22:32:00,01:30:00,01:38:00,05:50:00,0,0
25,AFRICAN ROADRUNNER,MAIZ AMARILLO ARGENTINO,JORNADA 1,15-23,202412240093,-,2,BODEGA 3,-,2024-12-24 17:27:00,2024-12-24 17:40:00,2024-12-24 17:47:00,00:07:00,00:13:00,-,2240093,AJP762,VILMA ROJAS,128628,49200,18040,31160,31.16,GH CHANCAY - 5029,2024-12-24 19:53:00,02:06:00,02:26:00,2024-12-24 20:34:00,49120,17970,31150,-10,2024-12-24 20:43:00,00:41:00,00:09:00,03:16:00,0,0
26,AFRICAN ROADRUNNER,MAIZ AMARILLO ARGENTINO,JORNADA 1,15-23,202412240088,-,2,BODEGA 1,-,2024-12-24 17:18:00,2024-12-24 17:45:00,2024-12-24 17:53:00,00:08:00,00:27:00,-,2240088,AWS791,TOSA E.I.R.L.,128625,46920,17800,29120,29.12,CHANCAY - 5003,2024-12-24 19:45:00,01:52:00,02:27:00,2024-12-24 20:57:00,46860,17730,29130,10,2024-12-24 22:37:00,01:12:00,01:40:00,05:19:00,0,0
27,AFRICAN ROADRUNNER,MAIZ AMARILLO ARGENTINO,JORNADA 1,15-23,202412240089,-,2,BODEGA 3,-,2024-12-24 17:27:00,2024-12-24 18:20:00,2024-12-24 18:27:00,00:07:00,00:53:00,-,2240089,T9T864,TRANSJIBAJA S.A.C.,128627,51100,17480,33620,33.62,CHANCAY - 5003,2024-12-24 19:46:00,01:19:00,02:19:00,2024-12-24 20:51:00,51020,17390,33630,10,2024-12-24 22:23:00,01:05:00,01:32:00,04:56:00,0,0
28,AFRICAN ROADRUNNER,MAIZ AMARILLO ARGENTINO,JORNADA 1,15-23,202412240087,-,2,BODEGA 3,-,2024-12-24 17:34:00,2024-12-24 18:40:00,2024-12-24 18:49:00,00:09:00,01:06:00,-,2240087,ABP703,TRANSJIBAJA S.A.C.,128623,49080,16880,32200,32.2,CHANCAY - 5003,2024-12-24 19:23:00,00:34:00,01:49:00,2024-12-24 20:47:00,49000,16790,32210,10,2024-12-24 22:14:00,01:24:00,01:27:00,04:40:00,0,0
29,AFRICAN ROADRUNNER,MAIZ AMARILLO ARGENTINO,JORNADA 1,15-23,202412240025,-,2,BODEGA 3,-,2024-12-24 13:48:00,2024-12-24 18:45:00,2024-12-24 18:52:00,00:07:00,04:57:00,-,2240025,AZS811,TOSA E.I.R.L.,128629,42160,17460,24700,24.7,GH CHANCAY - 5029,2024-12-24 19:56:00,01:04:00,06:08:00,2024-12-24 20:49:00,42050,17390,24660,-40,2024-12-24 21:00:00,00:53:00,00:11:00,07:12:00,0,0
30,AFRICAN ROADRUNNER,MAIZ AMARILLO ARGENTINO,JORNADA 1,15-23,202412240100,-,2,BODEGA 3,-,2024-12-24 18:14:00,2024-12-24 19:00:00,2024-12-24 19:07:00,00:07:00,00:46:00,-,2240100,BDD892,VILMA ROJAS,128626,53680,17760,35920,35.92,CHANCAY - 5003,2024-12-24 19:48:00,00:41:00,01:34:00,2024-12-24 20:49:00,53600,17670,35930,10,2024-12-24 22:19:00,01:01:00,01:30:00,04:05:00,0,0
31,AFRICAN ROADRUNNER,MAIZ AMARILLO ARGENTINO,JORNADA 1,15-23,202412240103,-,2,BODEGA 1,-,2024-12-24 18:17:00,2024-12-24 19:10:00,2024-12-24 19:17:00,00:07:00,00:53:00,-,2240103,BDD755,VILMA ROJAS,128630,50600,17960,32640,32.64,GH CHANCAY - 5029,2024-12-24 20:12:00,00:55:00,01:55:00,2024-12-24 20:55:00,50480,17860,32620,-20,2024-12-24 21:05:00,00:43:00,00:10:00,02:48:00,0,0
32,AFRICAN ROADRUNNER,MAIZ AMARILLO ARGENTINO,JORNADA 1,15-23,202412240115,-,2,BODEGA 1,-,2024-12-24 19:00:00,2024-12-24 19:35:00,2024-12-24 19:42:00,00:07:00,00:35:00,-,2240115,AJG777,VILMA ROJAS,128631,54260,18100,36160,36.16,GH CHANCAY - 5029,2024-12-24 21:10:00,01:28:00,02:10:00,2024-12-24 22:19:00,54160,18010,36150,-10,2024-12-24 22:32:00,01:09:00,00:13:00,03:32:00,0,0
33,AFRICAN ROADRUNNER,MAIZ AMARILLO ARGENTINO,JORNADA 1,15-23,202412240119,-,2,BODEGA 1,-,2024-12-24 19:29:00,2024-12-24 19:43:00,2024-12-24 19:50:00,00:07:00,00:14:00,-,240119,F1K772,TRANSJIBAJA S.A.C.,128632,54560,17020,37540,37.54,CHANCAY - 5003,2024-12-24 21:20:00,01:30:00,01:51:00,2024-12-24 21:46:00,54490,16950,37540,0,2024-12-24 22:43:00,00:26:00,00:57:00,03:14:00,0,0
34,AFRICAN ROADRUNNER,MAIZ AMARILLO ARGENTINO,JORNADA 1,15-23,202412240114,-,2,BODEGA 3,-,2024-12-24 19:04:00,2024-12-24 19:43:00,2024-12-24 19:50:00,00:07:00,00:39:00,-,240114,BMN703,VILMA ROJAS,128633,56540,19120,37420,37.42,GH CHANCAY - 5029,2024-12-24 21:26:00,01:36:00,02:22:00,2024-12-24 22:21:00,56400,19020,37380,-40,2024-12-24 22:37:00,00:55:00,00:16:00,03:33:00,0,0
35,AFRICAN ROADRUNNER,MAIZ AMARILLO ARGENTINO,JORNADA 1,15-23,202412240102,-,2,BODEGA 1,-,2024-12-24 18:21:00,2024-12-24 19:52:00,2024-12-24 19:59:00,00:07:00,01:31:00,-,240102,BMO703,VILMA ROJAS,128634,57600,18900,38700,38.7,CHANCAY - 5003,2024-12-24 21:48:00,01:49:00,03:27:00,2024-12-24 22:22:00,57540,18860,38680,-20,2024-12-24 22:47:00,00:34:00,00:25:00,04:26:00,0,0
36,AFRICAN ROADRUNNER,MAIZ AMARILLO ARGENTINO,JORNADA 1,15-23,202412240121,-,2,BODEGA 1,-,2024-12-24 19:54:00,2024-12-24 20:00:00,2024-12-24 21:00:00,01:00:00,00:06:00,-,240121,BMO774,VILMA ROJAS,128635,54720,18940,35780,35.78,CHANCAY - 5003,2024-12-24 23:13:00,02:13:00,03:19:00,2024-12-25 00:04:00,54650,18870,35780,0,2024-12-25 00:24:00,00:51:00,00:20:00,04:30:00,0,0
37,AFRICAN ROADRUNNER,MAIZ AMARILLO ARGENTINO,JORNADA 1,15-23,202412240141,-,2,BODEGA 1,-,2024-12-24 20:09:00,2024-12-24 20:19:00,2024-12-24 20:25:00,00:06:00,00:10:00,-,240141,ASA876,TOSA E.I.R.L.,128638,49940,17340,32600,32.6,CHANCAY - 5003,2024-12-25 01:48:00,05:23:00,05:39:00,2024-12-25 02:29:00,49890,17270,32620,20,2024-12-25 03:04:00,00:41:00,00:35:00,06:55:00,0,0
38,AFRICAN ROADRUNNER,MAIZ AMARILLO ARGENTINO,JORNADA 1,15-23,202412240140,-,2,BODEGA 1,-,2024-12-24 19:58:00,2024-12-24 20:58:00,2024-12-25 01:30:00,04:32:00,01:00:00,-,240140,AWS916,TOSA E.I.R.L.,128639,52000,17740,34260,34.26,GH CHANCAY - 5029,2024-12-25 01:49:00,00:19:00,05:51:00,2024-12-25 02:36:00,51880,17670,34210,-50,2024-12-25 02:46:00,00:47:00,00:10:00,06:48:00,0,0
39,AFRICAN ROADRUNNER,MAIZ AMARILLO ARGENTINO,JORNADA 2,2025-07-23 00:00:00,202412240129,-,2,BODEGA 1,-,2024-12-24 20:35:00,2024-12-25 01:15:00,2024-12-25 01:20:00,00:05:00,04:40:00,-,240129,F6V876,VILMA ROJAS,128640,51760,18080,33680,33.68,GH CHANCAY - 5029,2024-12-25 01:53:00,00:33:00,05:18:00,2024-12-25 02:40:00,51630,17980,33650,-30,2024-12-25 02:53:00,00:47:00,00:13:00,06:18:00,0,0
40,AFRICAN ROADRUNNER,MAIZ AMARILLO ARGENTINO,JORNADA 2,2025-07-23 00:00:00,202412240142,-,2,BODEGA 1,-,2024-12-24 19:54:00,2024-12-25 01:19:00,2024-12-25 01:24:00,00:05:00,05:25:00,-,240142,AFX858,TOSA E.I.R.L.,128641,52760,17000,35760,35.76,CHANCAY - 5003,2024-12-25 01:54:00,00:30:00,06:00:00,2024-12-25 02:46:00,52670,16910,35760,0,2024-12-25 03:20:00,00:52:00,00:34:00,07:26:00,0,0
41,AFRICAN ROADRUNNER,MAIZ AMARILLO ARGENTINO,JORNADA 2,2025-07-23 00:00:00,202412240144,-,2,BODEGA 3,-,2024-12-24 20:21:00,2024-12-25 01:22:00,2024-12-25 01:27:00,00:05:00,05:01:00,-,240144,AUL936,TOSA E.I.R.L.,128643,52940,17080,35860,35.86,CHANCAY - 5003,2024-12-25 01:54:00,00:27:00,05:33:00,2024-12-25 02:49:00,52880,17030,35850,-10,2024-12-25 03:23:00,00:55:00,00:34:00,07:02:00,0,0
42,AFRICAN ROADRUNNER,MAIZ AMARILLO ARGENTINO,JORNADA 2,2025-07-23 00:00:00,202412241050,-,2,BODEGA 3,-,2024-12-24 20:45:00,2024-12-25 01:25:00,2024-12-25 01:35:00,00:10:00,04:40:00,-,240150,D1J772,TRANSJIBAJA S.A.C.,128642,49440,17120,32320,32.32,CHANCAY - 5003,2024-12-25 02:09:00,00:34:00,05:24:00,2024-12-25 02:51:00,49370,17040,32330,10,2024-12-25 03:37:00,00:42:00,00:46:00,06:52:00,0,0
43,AFRICAN ROADRUNNER,MAIZ AMARILLO ARGENTINO,JORNADA 2,2025-07-23 00:00:00,202412240157,-,2,BODEGA 3,-,2024-12-24 20:54:00,2024-12-25 01:27:00,2024-12-25 01:30:00,00:03:00,04:33:00,-,240157,C7Y834,TRANSJIBAJA S.A.C.,128645,49600,17300,32300,32.3,CHANCAY - 5003,2024-12-25 02:10:00,00:40:00,05:16:00,2024-12-25 02:36:00,49530,17210,32320,20,2024-12-25 03:07:00,00:26:00,00:31:00,06:13:00,0,0
44,AFRICAN ROADRUNNER,MAIZ AMARILLO ARGENTINO,JORNADA 2,2025-07-23 00:00:00,202412240158,-,2,BODEGA 1,-,2024-12-24 20:24:00,2024-12-25 01:29:00,2024-12-25 01:35:00,00:06:00,05:05:00,-,240158,D7X754,TOSA E.I.R.L.,128644,53140,17280,35860,35.86,CHANCAY - 5003,2024-12-25 02:15:00,00:40:00,05:51:00,2024-12-25 02:54:00,53080,17220,35860,0,2024-12-25 03:40:00,00:39:00,00:46:00,07:16:00,0,0
45,AFRICAN ROADRUNNER,MAIZ AMARILLO ARGENTINO,JORNADA 2,2025-07-23 00:00:00,202412240128,-,2,BODEGA 1,-,2024-12-24 20:39:00,2024-12-25 01:30:00,2024-12-25 01:31:00,00:01:00,04:51:00,-,240128,ASZ864,TRANSJIBAJA S.A.C.,128636,47860,17180,30680,30.68,CHANCAY - 5003,2024-12-25 01:46:00,00:15:00,05:07:00,2024-12-25 02:14:00,47800,17110,30690,10,2024-12-25 02:32:00,00:28:00,00:18:00,05:53:00,0,0
46,AFRICAN ROADRUNNER,MAIZ AMARILLO ARGENTINO,JORNADA 2,2025-07-23 00:00:00,202412240127,-,2,BODEGA 1,-,2024-12-24 20:35:00,2024-12-25 01:30:00,2024-12-25 01:32:00,00:02:00,04:55:00,-,240127,C9H901,TOSA E.I.R.L.,128637,43640,16360,27280,27.28,CHANCAY - 5003,2024-12-25 01:47:00,00:15:00,05:12:00,2024-12-25 02:22:00,43590,16280,27310,30,2024-12-25 03:01:00,00:35:00,00:39:00,06:26:00,0,0
47,AFRICAN ROADRUNNER,MAIZ AMARILLO ARGENTINO,JORNADA 2,2025-07-23 00:00:00,202412240164,-,2,BODEGA 1,-,2024-12-24 21:28:00,2024-12-25 01:30:00,2024-12-25 01:37:00,00:07:00,04:02:00,-,240164,D6H785,TRANSJIBAJA S.A.C.,128646,51400,16140,35260,35.26,GH CHANCAY - 5029,2024-12-25 02:25:00,00:48:00,04:57:00,2024-12-25 04:04:00,51290,16050,35240,-20,2024-12-25 04:25:00,01:39:00,00:21:00,06:57:00,0,0
48,AFRICAN ROADRUNNER,MAIZ AMARILLO ARGENTINO,JORNADA 2,2025-07-23 00:00:00,202412240167,-,2,BODEGA 1,-,2024-12-25 01:07:00,2024-12-25 02:00:00,2024-12-25 02:05:00,00:05:00,00:53:00,-,240167,C2B789,TRANSJIBAJA S.A.C.,128647,50920,16560,34360,34.36,CHANCAY - 5003,2024-12-25 02:26:00,00:21:00,01:19:00,2024-12-25 02:56:00,50850,16490,34360,0,2024-12-25 04:21:00,00:30:00,01:25:00,03:14:00,0,0
49,AFRICAN ROADRUNNER,MAIZ AMARILLO ARGENTINO,JORNADA 2,2025-07-23 00:00:00,202412240169,-,2,BODEGA 3,-,2024-12-24 20:47:00,2024-12-25 02:00:00,2024-12-25 02:05:00,00:05:00,05:13:00,-,240169,APP823,TRANSJIBAJA S.A.C.,128648,55900,17540,38360,38.36,CHANCAY - 5003,2024-12-25 02:27:00,00:22:00,05:40:00,2024-12-25 02:58:00,55810,17460,38350,-10,2024-12-25 04:24:00,00:31:00,01:26:00,07:37:00,0,0
50,AFRICAN ROADRUNNER,MAIZ AMARILLO ARGENTINO,JORNADA 2,2025-07-23 00:00:00,202412240170,-,2,BODEGA 1,-,2024-12-24 21:35:00,2024-12-25 02:20:00,2024-12-25 02:25:00,00:05:00,04:45:00,-,240170,BYP751,TOSA E.I.R.L.,128649,53940,18360,35580,35.58,GH CHANCAY - 5029,2024-12-25 02:32:00,00:07:00,04:57:00,2024-12-25 04:08:00,53850,18300,35550,-30,2024-12-25 04:29:00,01:36:00,00:21:00,06:54:00,0,0
51,AFRICAN ROADRUNNER,MAIZ AMARILLO ARGENTINO,JORNADA 2,2025-07-23 00:00:00,202412240147,-,2,BODEGA 1,-,2024-12-24 20:23:00,2024-12-25 02:31:00,2024-12-25 02:36:00,00:05:00,06:08:00,-,240147,ABY907,TOSA E.I.R.L.,128650,52520,16900,35620,35.62,GH CHANCAY - 5029,2024-12-25 02:42:00,00:06:00,06:19:00,2024-12-25 04:11:00,52390,16810,35580,-40,2024-12-25 04:35:00,01:29:00,00:24:00,08:12:00,0,0
52,AFRICAN ROADRUNNER,MAIZ AMARILLO ARGENTINO,JORNADA 2,2025-07-23 00:00:00,202412240180,-,2,BODEGA 3,-,2024-12-24 21:17:00,2024-12-25 02:40:00,2024-12-25 02:45:00,00:05:00,05:23:00,-,240180,AZS811,TOSA E.I.R.L.,128652,52520,17460,35060,35.06,GH CHANCAY - 5029,2024-12-25 03:02:00,00:17:00,05:45:00,2024-12-25 04:15:00,52420,17380,35040,-20,2024-12-25 04:48:00,01:13:00,00:33:00,07:31:00,0,0
53,AFRICAN ROADRUNNER,MAIZ AMARILLO ARGENTINO,JORNADA 2,2025-07-23 00:00:00,202412240178,-,2,BODEGA 3,-,2024-12-24 21:07:00,2024-12-25 02:40:00,2024-12-25 02:45:00,00:05:00,05:33:00,-,240178,AJP762,VILMA ROJAS,128651,54300,18040,36260,36.26,CHANCAY - 5003,2024-12-25 03:00:00,00:15:00,05:53:00,2024-12-25 03:35:00,54270,17980,36290,30,2024-12-25 04:30:00,00:35:00,00:55:00,07:23:00,0,0
54,AFRICAN ROADRUNNER,MAIZ AMARILLO ARGENTINO,JORNADA 2,2025-07-23 00:00:00,202412240182,-,2,BODEGA 3,-,2024-12-24 21:21:00,2024-12-25 02:42:00,2024-12-25 02:47:00,00:05:00,05:21:00,-,240182,BDD755,VILMA ROJAS,128653,55820,17940,37880,37.88,GH CHANCAY - 5029,2024-12-25 03:05:00,00:18:00,05:44:00,2024-12-25 04:17:00,55720,17850,37870,-10,2024-12-25 05:29:00,01:12:00,01:12:00,08:08:00,0,0
55,AFRICAN ROADRUNNER,MAIZ AMARILLO ARGENTINO,JORNADA 2,2025-07-23 00:00:00,202412240171,-,2,BODEGA 3,-,2024-12-24 21:13:00,2024-12-25 02:50:00,2024-12-25 02:55:00,00:05:00,05:37:00,-,240171,F4E751,TRANSJIBAJA S.A.C.,128654,54160,16920,37240,37.24,CHANCAY - 5003,2024-12-25 03:06:00,00:11:00,05:53:00,2024-12-25 03:27:00,54090,16860,37230,-10,2024-12-25 04:27:00,00:21:00,01:00:00,07:14:00,0,0
56,AFRICAN ROADRUNNER,MAIZ AMARILLO ARGENTINO,JORNADA 2,2025-07-23 00:00:00,202412240186,-,2,BODEGA 1,-,2024-12-24 22:10:00,2024-12-25 02:53:00,2024-12-25 02:58:00,00:05:00,04:43:00,-,240186,BDE743,VILMA ROJAS,128655,56100,18040,38060,38.06,CHANCAY - 5003,2024-12-25 03:09:00,00:11:00,04:59:00,2024-12-25 03:44:00,56030,17940,38090,30,2024-12-25 04:33:00,00:35:00,00:49:00,06:23:00,0,0
57,AFRICAN ROADRUNNER,MAIZ AMARILLO ARGENTINO,JORNADA 2,2025-07-23 00:00:00,202412240183,-,2,BODEGA 3,-,2024-12-24 21:51:00,2024-12-25 03:00:00,2024-12-25 03:05:00,00:05:00,05:09:00,-,240183,D0Q776,TRANSJIBAJA S.A.C.,128656,47060,16480,30580,30.58,CHANCAY - 5003,2024-12-25 03:19:00,00:14:00,05:28:00,2024-12-25 03:47:00,47040,16420,30620,40,2024-12-25 04:39:00,00:28:00,00:52:00,06:48:00,0,0
58,AFRICAN ROADRUNNER,MAIZ AMARILLO ARGENTINO,JORNADA 2,2025-07-23 00:00:00,202412240201,-,2,BODEGA 1,-,2024-12-24 22:16:00,2024-12-25 03:02:00,2024-12-25 03:07:00,00:05:00,04:46:00,-,240201,AJD804,VILMA ROJAS,128659,51300,18440,32860,32.86,CHANCAY - 5003,2024-12-25 03:24:00,00:17:00,05:08:00,2024-12-25 03:51:00,51200,18350,32850,-10,2024-12-25 04:42:00,00:27:00,00:51:00,06:26:00,0,0
59,AFRICAN ROADRUNNER,MAIZ AMARILLO ARGENTINO,JORNADA 2,2025-07-23 00:00:00,202412240187,-,2,BODEGA 3,-,2024-12-24 22:15:00,2024-12-25 03:05:00,2024-12-25 03:10:00,00:05:00,04:50:00,-,240187,D3Y881,TRANSJIBAJA S.A.C.,128657,50000,16420,33580,33.58,CHANCAY - 5003,2024-12-25 03:20:00,00:10:00,05:05:00,2024-12-25 03:49:00,49930,16340,33590,10,2024-12-25 04:36:00,00:29:00,00:47:00,06:21:00,0,0
60,AFRICAN ROADRUNNER,MAIZ AMARILLO ARGENTINO,JORNADA 2,2025-07-23 00:00:00,202412240204,-,2,BODEGA 1,-,2024-12-24 22:29:00,2024-12-25 03:10:00,2024-12-25 03:13:00,00:03:00,04:41:00,-,240204,BDD892,VILMA ROJAS,128661,53020,17740,35280,35.28,CHANCAY - 5003,2024-12-25 03:28:00,00:15:00,04:59:00,2024-12-25 03:57:00,52930,17650,35280,0,2024-12-25 04:56:00,00:29:00,00:59:00,06:27:00,0,0
61,AFRICAN ROADRUNNER,MAIZ AMARILLO ARGENTINO,JORNADA 2,2025-07-23 00:00:00,202412240210,-,2,BODEGA 3,-,2024-12-24 22:50:00,2024-12-25 03:10:00,2024-12-25 03:13:00,00:03:00,04:20:00,-,240210,T9T864,TRANSJIBAJA S.A.C.,128662,53120,17480,35640,35.64,GH CHANCAY - 5029,2024-12-25 03:47:00,00:34:00,04:57:00,2024-12-25 04:23:00,52980,17350,35630,-10,2024-12-25 05:43:00,00:36:00,01:20:00,06:53:00,0,0
62,AFRICAN ROADRUNNER,MAIZ AMARILLO ARGENTINO,JORNADA 2,2025-07-23 00:00:00,202412240203,-,2,BODEGA 1,-,2024-12-24 22:25:00,2024-12-25 03:10:00,2024-12-25 03:15:00,00:05:00,04:45:00,-,240203,D7P795,TRANSJIBAJA S.A.C.,128660,55000,17600,37400,37.4,CHANCAY - 5003,2024-12-25 03:26:00,00:11:00,05:01:00,2024-12-25 03:54:00,54930,17530,37400,0,2024-12-25 04:45:00,00:28:00,00:51:00,06:20:00,0,0
63,AFRICAN ROADRUNNER,MAIZ AMARILLO ARGENTINO,JORNADA 2,2025-07-23 00:00:00,202412240196,-,2,BODEGA 3,-,2024-12-24 22:23:00,2024-12-25 03:10:00,2024-12-25 03:12:00,00:02:00,04:47:00,-,240196,ABP703,TRANSJIBAJA S.A.C.,128658,52720,16860,35860,35.86,GH CHANCAY - 5029,2024-12-25 03:22:00,00:10:00,04:59:00,2024-12-25 04:20:00,52610,16760,35850,-10,2024-12-25 05:32:00,00:58:00,01:12:00,07:09:00,0,0
64,AFRICAN ROADRUNNER,MAIZ AMARILLO ARGENTINO,JORNADA 2,2025-07-23 00:00:00,202412240202,-,2,BODEGA 3,-,2024-12-24 22:25:00,2024-12-25 03:13:00,2024-12-25 03:17:00,00:04:00,04:48:00,-,240202,D7H920,TRANSJIBAJA S.A.C.,128664,51760,17180,34580,34.58,CHANCAY - 5003,2024-12-25 03:31:00,00:14:00,05:06:00,2024-12-25 04:00:00,51690,17090,34600,20,2024-12-25 04:59:00,00:29:00,00:59:00,06:34:00,0,0
65,AFRICAN ROADRUNNER,MAIZ AMARILLO ARGENTINO,JORNADA 2,2025-07-23 00:00:00,202412240205,-,2,BODEGA 1,-,2024-12-24 22:30:00,2024-12-25 03:15:00,2024-12-25 03:18:00,00:03:00,04:45:00,-,240205,AJP818,VILMA ROJAS,128663,53340,18800,34540,34.54,CHANCAY - 5003,2024-12-25 03:32:00,00:14:00,05:02:00,2024-12-25 04:02:00,53250,18720,34530,-10,2024-12-25 05:11:00,00:30:00,01:09:00,06:41:00,0,0
66,AFRICAN ROADRUNNER,MAIZ AMARILLO ARGENTINO,JORNADA 2,2025-07-23 00:00:00,202412250013,-,2,BODEGA 3,-,2024-12-25 00:40:00,2024-12-25 03:15:00,2024-12-25 03:17:00,00:02:00,02:35:00,-,250013,BMO774,VILMA ROJAS,128665,55480,18920,36560,36.56,GH CHANCAY - 5029,2024-12-25 03:34:00,00:17:00,02:54:00,2024-12-25 04:39:00,55360,18830,36530,-30,2024-12-25 06:16:00,01:05:00,01:37:00,05:36:00,0,0
67,AFRICAN ROADRUNNER,MAIZ AMARILLO ARGENTINO,JORNADA 2,2025-07-23 00:00:00,202412240211,-,2,BODEGA 1,-,2024-12-24 22:45:00,2024-12-25 03:20:00,2024-12-25 03:23:00,00:03:00,04:35:00,-,240211,AJE884,VILMA ROJAS,128666,55140,18920,36220,36.22,CHANCAY - 5003,2024-12-25 03:39:00,00:16:00,04:54:00,2024-12-25 04:48:00,55000,18780,36220,0,2024-12-25 05:29:00,01:09:00,00:41:00,06:44:00,0,0
68,AFRICAN ROADRUNNER,MAIZ AMARILLO ARGENTINO,JORNADA 2,2025-07-23 00:00:00,202412250055,-,2,BODEGA 3,-,2024-12-25 02:54:00,2024-12-25 03:20:00,2024-12-25 03:25:00,00:05:00,00:26:00,-,250055,AWS791,TOSA E.I.R.L.,128668,55040,17800,37240,37.24,CHANCAY - 5003,2024-12-25 03:50:00,00:25:00,00:56:00,2024-12-25 04:50:00,54980,17720,37260,20,2024-12-25 05:32:00,01:00:00,00:42:00,02:38:00,0,0
69,AFRICAN ROADRUNNER,MAIZ AMARILLO ARGENTINO,JORNADA 2,2025-07-23 00:00:00,202412250051,-,2,BODEGA 1,-,2024-12-25 02:53:00,2024-12-25 03:23:00,2024-12-25 03:30:00,00:07:00,00:30:00,-,250051,F1K772,TRANSJIBAJA S.A.C.,128667,53540,17020,36520,36.52,CHANCAY - 5003,2024-12-25 03:43:00,00:13:00,00:50:00,2024-12-25 04:04:00,53480,16940,36540,20,2024-12-25 05:22:00,00:21:00,01:18:00,02:29:00,0,0
70,AFRICAN ROADRUNNER,MAIZ AMARILLO ARGENTINO,JORNADA 2,2025-07-23 00:00:00,202412250080,-,2,BODEGA 3,-,2024-12-25 03:10:00,2024-12-25 03:30:00,2024-12-25 03:35:00,00:05:00,00:20:00,-,250080,F6V876,VILMA ROJAS,128673,54980,18080,36900,36.9,CHANCAY - 5003,2024-12-25 04:12:00,00:37:00,01:02:00,2024-12-25 05:06:00,54900,17990,36910,10,2024-12-25 06:09:00,00:54:00,01:03:00,02:59:00,0,0
71,AFRICAN ROADRUNNER,MAIZ AMARILLO ARGENTINO,JORNADA 2,2025-07-23 00:00:00,202412250064,-,2,BODEGA 1,-,2024-12-25 01:28:00,2024-12-25 03:30:00,2024-12-25 03:33:00,00:03:00,02:02:00,-,250064,AWS916,TOSA E.I.R.L.,128670,48320,17740,30580,30.58,CHANCAY - 5003,2024-12-25 03:53:00,00:20:00,02:25:00,2024-12-25 04:54:00,48280,17680,30600,20,2024-12-25 05:49:00,01:01:00,00:55:00,04:21:00,0,0
72,AFRICAN ROADRUNNER,MAIZ AMARILLO ARGENTINO,JORNADA 2,2025-07-23 00:00:00,202412250056,-,2,BODEGA 3,-,2024-12-25 01:34:00,2024-12-25 03:30:00,2024-12-25 03:35:00,00:05:00,01:56:00,-,250056,BMO703,VILMA ROJAS,128669,55840,18920,36920,36.92,GH CHANCAY - 5029,2024-12-25 03:50:00,00:15:00,02:16:00,2024-12-25 04:42:00,55730,18830,36900,-20,2024-12-25 06:27:00,00:52:00,01:45:00,04:53:00,0,0
73,AFRICAN ROADRUNNER,MAIZ AMARILLO ARGENTINO,JORNADA 2,2025-07-23 00:00:00,202412250057,-,2,BODEGA 3,-,2024-12-25 02:45:00,2024-12-25 03:50:00,2024-12-25 03:55:00,00:05:00,01:05:00,-,250057,ASZ864,TRANSJIBAJA S.A.C.,128671,54320,17180,37140,37.14,CHANCAY - 5003,2024-12-25 04:02:00,00:07:00,01:17:00,2024-12-25 04:52:00,54260,17100,37160,20,2024-12-25 05:42:00,00:50:00,00:50:00,02:57:00,0,0
74,AFRICAN ROADRUNNER,MAIZ AMARILLO ARGENTINO,JORNADA 2,2025-07-23 00:00:00,202412250070,-,2,BODEGA 3,-,2024-12-25 03:11:00,2024-12-25 03:52:00,2024-12-25 03:57:00,00:05:00,00:41:00,-,250070,AJG777,VILMA ROJAS,128672,52180,18080,34100,34.1,CHANCAY - 5003,2024-12-25 04:08:00,00:11:00,00:57:00,2024-12-25 05:04:00,52130,18020,34110,10,2024-12-25 06:05:00,00:56:00,01:01:00,02:54:00,0,0
75,AFRICAN ROADRUNNER,MAIZ AMARILLO ARGENTINO,JORNADA 2,2025-07-23 00:00:00,202412250090,-,2,BODEGA 1,-,2024-12-25 03:16:00,2024-12-25 03:54:00,2024-12-25 04:00:00,00:06:00,00:38:00,-,250090,ASA876,TOSA E.I.R.L.,128675,51480,17340,34140,34.14,GH CHANCAY - 5029,2024-12-25 04:16:00,00:16:00,01:00:00,2024-12-25 04:45:00,51360,17240,34120,-20,2024-12-25 06:50:00,00:29:00,02:05:00,03:34:00,0,0
76,AFRICAN ROADRUNNER,MAIZ AMARILLO ARGENTINO,JORNADA 2,2025-07-23 00:00:00,202412250086,-,2,BODEGA 3,-,2024-12-25 03:12:00,2024-12-25 03:55:00,2024-12-25 04:00:00,00:05:00,00:43:00,-,250086,C9H901,TOSA E.I.R.L.,128674,47860,16360,31500,31.5,CHANCAY - 5003,2024-12-25 04:13:00,00:13:00,01:01:00,2024-12-25 05:02:00,47810,16270,31540,40,2024-12-25 05:52:00,00:49:00,00:50:00,02:40:00,0,0
77,AFRICAN ROADRUNNER,MAIZ AMARILLO ARGENTINO,JORNADA 2,2025-07-23 00:00:00,202412250091,-,2,BODEGA 1,-,2024-12-25 03:18:00,2024-12-25 04:00:00,2024-12-25 04:05:00,00:05:00,00:42:00,-,250091,C7Y834,TRANSJIBAJA S.A.C.,128677,51380,17280,34100,34.1,CHANCAY - 5003,2024-12-25 04:26:00,00:21:00,01:08:00,2024-12-25 05:09:00,51300,17190,34110,10,2024-12-25 06:22:00,00:43:00,01:13:00,03:04:00,0,0
78,AFRICAN ROADRUNNER,MAIZ AMARILLO ARGENTINO,JORNADA 2,2025-07-23 00:00:00,202412250108,-,2,BODEGA 1,-,2024-12-25 03:36:00,2024-12-25 04:02:00,2024-12-25 04:07:00,00:05:00,00:26:00,-,250096,D8A721,TOSA E.I.R.L.,128678,49120,17320,31800,31.8,CHANCAY - 5003,2024-12-25 04:30:00,00:23:00,00:54:00,2024-12-25 05:15:00,49020,17210,31810,10,2024-12-25 06:55:00,00:45:00,01:40:00,03:19:00,0,0
79,AFRICAN ROADRUNNER,MAIZ AMARILLO ARGENTINO,JORNADA 2,2025-07-23 00:00:00,202412250107,-,2,BODEGA 3,-,2024-12-25 03:36:00,2024-12-25 04:05:00,2024-12-25 04:10:00,00:05:00,00:29:00,-,250107,BMN703,VILMA ROJAS,128676,55800,19100,36700,36.7,CHANCAY - 5003,2024-12-25 04:22:00,00:12:00,00:46:00,2024-12-25 05:07:00,55690,19030,36660,-40,2024-12-25 06:19:00,00:45:00,01:12:00,02:43:00,0,0
80,AFRICAN ROADRUNNER,MAIZ AMARILLO ARGENTINO,JORNADA 2,2025-07-23 00:00:00,202412250110,-,2,BODEGA 3,-,2024-12-25 03:34:00,2024-12-25 04:05:00,2024-12-25 04:10:00,00:05:00,00:31:00,-,250110,AFX858,TOSA E.I.R.L.,128679,49160,16980,32180,32.18,CHANCAY - 5003,2024-12-25 04:34:00,00:24:00,01:00:00,2024-12-25 05:17:00,49070,16890,32180,0,2024-12-25 06:52:00,00:43:00,01:35:00,03:18:00,0,0
81,AFRICAN ROADRUNNER,MAIZ AMARILLO ARGENTINO,JORNADA 2,2025-07-23 00:00:00,202412250109,-,2,BODEGA 1,-,2024-12-25 03:38:00,2024-12-25 04:08:00,2024-12-25 04:13:00,00:05:00,00:30:00,-,250109,AUL936,TOSA E.I.R.L.,128680,55200,17080,38120,38.12,GH CHANCAY - 5029,2024-12-25 04:36:00,00:23:00,00:58:00,2024-12-25 05:09:00,55110,17000,38110,-10,2024-12-25 07:09:00,00:33:00,02:00:00,03:31:00,0,0
82,AFRICAN ROADRUNNER,MAIZ AMARILLO ARGENTINO,JORNADA 2,2025-07-23 00:00:00,202412250121,-,2,BODEGA 3,-,2024-12-25 03:50:00,2024-12-25 04:10:00,2024-12-25 04:13:00,00:03:00,00:20:00,-,250121,D7X754,TOSA E.I.R.L.,128681,52220,17280,34940,34.94,CHANCAY - 5003,2024-12-25 04:40:00,00:27:00,00:50:00,2024-12-25 05:19:00,52150,17200,34950,10,2024-12-25 06:58:00,00:39:00,01:39:00,03:08:00,0,0
83,AFRICAN ROADRUNNER,MAIZ AMARILLO ARGENTINO,JORNADA 2,2025-07-23 00:00:00,202412250119,-,2,BODEGA 1,-,2024-12-25 03:49:00,2024-12-25 04:30:00,2024-12-25 04:34:00,00:04:00,00:41:00,-,250119,D1J772,TRANSJIBAJA S.A.C.,128682,53680,17100,36580,36.58,CHANCAY - 5003,2024-12-25 04:55:00,00:21:00,01:06:00,2024-12-25 05:20:00,53620,17030,36590,10,2024-12-25 07:02:00,00:25:00,01:42:00,03:13:00,0,0
84,AFRICAN ROADRUNNER,MAIZ AMARILLO ARGENTINO,JORNADA 2,2025-07-23 00:00:00,202412250149,-,2,BODEGA 1,-,2024-12-25 04:38:00,2024-12-25 04:50:00,2024-12-25 04:55:00,00:05:00,00:12:00,-,250149,D6H785,TRANSJIBAJA S.A.C.,128684,46500,16140,30360,30.36,CHANCAY - 5003,2024-12-25 05:15:00,00:20:00,00:37:00,2024-12-25 05:38:00,46440,16060,30380,20,2024-12-25 07:06:00,00:23:00,01:28:00,02:28:00,0,0
85,AFRICAN ROADRUNNER,MAIZ AMARILLO ARGENTINO,JORNADA 2,2025-07-23 00:00:00,202412250141,-,2,BODEGA 3,-,2024-12-25 04:35:00,2024-12-25 04:50:00,2024-12-25 04:55:00,00:05:00,00:15:00,-,250141,APP823,TRANSJIBAJA S.A.C.,128683,51380,17540,33840,33.84,GH CHANCAY - 5029,2024-12-25 05:10:00,00:15:00,00:35:00,2024-12-25 05:36:00,51230,17440,33790,-50,2024-12-25 07:22:00,00:26:00,01:46:00,02:47:00,0,0
86,AFRICAN ROADRUNNER,MAIZ AMARILLO ARGENTINO,JORNADA 2,2025-07-23 00:00:00,202412250138,-,2,BODEGA 1,-,2024-12-25 04:32:00,2024-12-25 05:00:00,2024-12-25 05:05:00,00:05:00,00:28:00,-,250138,C2B789,TRANSJIBAJA S.A.C.,128685,53200,16560,36640,36.64,CHANCAY - 5003,2024-12-25 05:17:00,00:12:00,00:45:00,2024-12-25 05:40:00,53140,16480,36660,20,2024-12-25 07:09:00,00:23:00,01:29:00,02:37:00,0,0
87,AFRICAN ROADRUNNER,MAIZ AMARILLO ARGENTINO,JORNADA 2,2025-07-23 00:00:00,202412250163,-,2,BODEGA 1,-,2024-12-25 04:48:00,2024-12-25 05:10:00,2024-12-25 05:14:00,00:04:00,00:22:00,-,250163,D3Y881,TRANSJIBAJA S.A.C.,128688,51540,16400,35140,35.14,CHANCAY - 5003,2024-12-25 05:33:00,00:19:00,00:45:00,2024-12-25 06:00:00,51470,16340,35130,-10,2024-12-25 07:47:00,00:27:00,01:47:00,02:59:00,0,0
88,AFRICAN ROADRUNNER,MAIZ AMARILLO ARGENTINO,JORNADA 2,2025-07-23 00:00:00,202412250155,-,2,BODEGA 3,-,2024-12-25 04:45:00,2024-12-25 05:10:00,2024-12-25 05:15:00,00:05:00,00:25:00,-,250155,BDE743,VILMA ROJAS,128687,57020,18040,38980,38.98,CHANCAY - 5003,2024-12-25 05:29:00,00:14:00,00:44:00,2024-12-25 05:58:00,56970,17940,39030,50,2024-12-25 07:55:00,00:29:00,01:57:00,03:10:00,0,0
89,AFRICAN ROADRUNNER,MAIZ AMARILLO ARGENTINO,JORNADA 2,2025-07-23 00:00:00,202412250150,-,2,BODEGA 1,-,2024-12-25 04:37:00,2024-12-25 05:10:00,2024-12-25 05:15:00,00:05:00,00:33:00,-,250150,F4E751,TRANSJIBAJA S.A.C.,128686,49280,16920,32360,32.36,GH CHANCAY - 5029,2024-12-25 05:27:00,00:12:00,00:50:00,2024-12-25 05:52:00,49140,16840,32300,-60,2024-12-25 07:33:00,00:25:00,01:41:00,02:56:00,0,0
90,AFRICAN ROADRUNNER,MAIZ AMARILLO ARGENTINO,JORNADA 2,2025-07-23 00:00:00,202412250166,-,2,BODEGA 1,-,2024-12-25 04:49:00,2024-12-25 05:20:00,2024-12-25 05:25:00,00:05:00,00:31:00,-,250166,BYP751,TOSA E.I.R.L.,128689,52860,18360,34500,34.5,CHANCAY - 5003,2024-12-25 05:43:00,00:18:00,00:54:00,2024-12-25 06:14:00,52820,18300,34520,20,2024-12-25 08:03:00,00:31:00,01:49:00,03:14:00,0,0
91,AFRICAN ROADRUNNER,MAIZ AMARILLO ARGENTINO,JORNADA 2,2025-07-23 00:00:00,202412250159,-,2,BODEGA 3,-,2024-12-25 04:41:00,2024-12-25 05:30:00,2024-12-25 05:35:00,00:05:00,00:49:00,-,250159,AJP762,VILMA ROJAS,128691,55780,18020,37760,37.76,CHANCAY - 5003,2024-12-25 05:50:00,00:15:00,01:09:00,2024-12-25 06:16:00,55700,17970,37730,-30,2024-12-25 08:07:00,00:26:00,01:51:00,03:26:00,0,0
92,AFRICAN ROADRUNNER,MAIZ AMARILLO ARGENTINO,JORNADA 2,2025-07-23 00:00:00,202412250170,-,2,BODEGA 1,-,2024-12-25 04:53:00,2024-12-25 05:30:00,2024-12-25 05:35:00,00:05:00,00:37:00,-,250170,AJD804,VILMA ROJAS,128690,52680,18440,34240,34.24,CHANCAY - 5003,2024-12-25 05:47:00,00:12:00,00:54:00,2024-12-25 06:03:00,52610,18340,34270,30,2024-12-25 07:59:00,00:16:00,01:56:00,03:06:00,0,0
93,AFRICAN ROADRUNNER,MAIZ AMARILLO ARGENTINO,JORNADA 2,2025-07-23 00:00:00,202412250171,-,2,BODEGA 3,-,2024-12-25 04:55:00,2024-12-25 05:34:00,2024-12-25 05:38:00,00:04:00,00:39:00,-,250171,D7P795,TRANSJIBAJA S.A.C.,128692,53200,17600,35600,35.6,CHANCAY - 5003,2024-12-25 05:54:00,00:16:00,00:59:00,2024-12-25 06:27:00,53130,17520,35610,10,2024-12-25 08:11:00,00:33:00,01:44:00,03:16:00,0,0
94,AFRICAN ROADRUNNER,MAIZ AMARILLO ARGENTINO,JORNADA 2,2025-07-23 00:00:00,202412250169,-,2,BODEGA 3,-,2024-12-25 04:51:00,2024-12-25 05:35:00,2024-12-25 05:37:00,00:02:00,00:44:00,-,250169,D0Q776,TRANSJIBAJA S.A.C.,128693,48720,16480,32240,32.24,GH CHANCAY - 5029,2024-12-25 05:55:00,00:18:00,01:04:00,2024-12-25 15:00:00,48620,16360,32260,20,2024-12-25 15:38:00,09:05:00,00:38:00,10:47:00,0,0
95,AFRICAN ROADRUNNER,MAIZ AMARILLO ARGENTINO,JORNADA 2,2025-07-23 00:00:00,202412250175,-,2,BODEGA 3,-,2024-12-25 05:02:00,2024-12-25 05:38:00,2024-12-25 05:42:00,00:04:00,00:36:00,-,250175,AZS811,TOSA E.I.R.L.,128694,52680,17460,35220,35.22,GH CHANCAY - 5029,2024-12-25 05:57:00,00:15:00,00:55:00,2024-12-25 06:40:00,52550,17370,35180,-40,2024-12-25 07:46:00,00:43:00,01:06:00,02:44:00,0,0
96,AFRICAN ROADRUNNER,MAIZ AMARILLO ARGENTINO,JORNADA 2,2025-07-23 00:00:00,202412250181,-,2,BODEGA 3,-,2024-12-25 05:08:00,2024-12-25 05:45:00,2024-12-25 05:50:00,00:05:00,00:37:00,-,250181,BDD892,VILMA ROJAS,128695,52340,17740,34600,34.6,GH CHANCAY - 5029,2024-12-25 06:02:00,00:12:00,00:54:00,2024-12-25 06:45:00,52210,17620,34590,-10,2024-12-25 07:56:00,00:43:00,01:11:00,02:48:00,0,0
97,AFRICAN ROADRUNNER,MAIZ AMARILLO ARGENTINO,JORNADA 2,2025-07-23 00:00:00,202412250174,-,2,BODEGA 3,-,2024-12-25 04:56:00,2024-12-25 05:50:00,2024-12-25 05:55:00,00:05:00,00:54:00,-,250174,ABY907,TOSA E.I.R.L.,128696,53600,16880,36720,36.72,GH CHANCAY - 5029,2024-12-25 06:05:00,00:10:00,01:09:00,2024-12-25 06:48:00,53510,16790,36720,0,2024-12-25 08:55:00,00:43:00,02:07:00,03:59:00,0,0
98,AFRICAN ROADRUNNER,MAIZ AMARILLO ARGENTINO,JORNADA 2,2025-07-23 00:00:00,202412250186,-,2,BODEGA 3,-,2024-12-25 05:26:00,2024-12-25 05:50:00,2024-12-25 05:55:00,00:05:00,00:24:00,-,250186,AJP818,VILMA ROJAS,128697,53060,18780,34280,34.28,CHANCAY - 5003,2024-12-25 06:09:00,00:14:00,00:43:00,2024-12-25 06:31:00,52980,18720,34260,-20,2024-12-25 08:14:00,00:22:00,01:43:00,02:48:00,0,0
99,AFRICAN ROADRUNNER,MAIZ AMARILLO ARGENTINO,JORNADA 2,2025-07-23 00:00:00,202412250192,-,2,BODEGA 3,-,2024-12-25 05:35:00,2024-12-25 06:00:00,2024-12-25 06:03:00,00:03:00,00:25:00,-,250192,F1K772,TRANSJIBAJA S.A.C.,128698,54780,17000,37780,37.78,CHANCAY - 5003,2024-12-25 06:18:00,00:15:00,00:43:00,2024-12-25 07:14:00,54650,16930,37720,-60,2024-12-25 08:19:00,00:56:00,01:05:00,02:44:00,0,0
100,AFRICAN ROADRUNNER,MAIZ AMARILLO ARGENTINO,JORNADA 2,2025-07-23 00:00:00,202412250182,-,2,BODEGA 3,-,2024-12-25 05:10:00,2024-12-25 06:02:00,2024-12-25 06:09:00,00:07:00,00:52:00,-,250182,D7H920,TRANSJIBAJA S.A.C.,128699,55840,17180,38660,38.66,CHANCAY - 5003,2024-12-25 06:18:00,00:09:00,01:08:00,2024-12-25 07:17:00,55780,17090,38690,30,2024-12-25 08:22:00,00:59:00,01:05:00,03:12:00,0,0
101,AFRICAN ROADRUNNER,MAIZ AMARILLO ARGENTINO,JORNADA 2,2025-07-23 00:00:00,202412250203,-,2,BODEGA 3,-,2024-12-25 05:45:00,2024-12-25 06:03:00,2024-12-25 06:08:00,00:05:00,00:18:00,-,250203,ABP703,TRANSJIBAJA S.A.C.,128701,50540,16860,33680,33.68,CHANCAY - 5003,2024-12-25 06:24:00,00:16:00,00:39:00,2024-12-25 07:25:00,50460,16760,33700,20,2024-12-25 08:44:00,01:01:00,01:19:00,02:59:00,0,0
102,AFRICAN ROADRUNNER,MAIZ AMARILLO ARGENTINO,JORNADA 2,2025-07-23 00:00:00,202412250201,-,2,BODEGA 1,-,2024-12-25 05:41:00,2024-12-25 06:07:00,2024-12-25 06:11:00,00:04:00,00:26:00,-,250201,AJE884,VILMA ROJAS,128700,53440,18900,34540,34.54,CHANCAY - 5003,2024-12-25 06:20:00,00:09:00,00:39:00,2024-12-25 07:19:00,53300,18760,34540,0,2024-12-25 08:27:00,00:59:00,01:08:00,02:46:00,0,0
103,AFRICAN ROADRUNNER,MAIZ AMARILLO ARGENTINO,JORNADA 2,2025-07-23 00:00:00,202412250202,-,2,BODEGA 1,-,2024-12-25 05:43:00,2024-12-25 06:10:00,2024-12-25 06:14:00,00:04:00,00:27:00,-,250202,BDD755,VILMA ROJAS,128702,56820,17920,38900,38.9,CHANCAY - 5003,2024-12-25 06:30:00,00:16:00,00:47:00,2024-12-25 07:23:00,56770,17860,38910,10,2024-12-25 08:33:00,00:53:00,01:10:00,02:50:00,0,0
104,AFRICAN ROADRUNNER,MAIZ AMARILLO ARGENTINO,JORNADA 2,2025-07-23 00:00:00,202412250204,-,2,BODEGA 1,-,2024-12-25 05:45:00,2024-12-25 06:10:00,2024-12-25 06:15:00,00:05:00,00:25:00,-,250204,AWS791,TOSA E.I.R.L.,128703,51760,17780,33980,33.98,GH CHANCAY - 5029,2024-12-25 06:32:00,00:17:00,00:47:00,2024-12-25 07:55:00,51640,17690,33950,-30,2024-12-25 09:00:00,01:23:00,01:05:00,03:15:00,0,0
105,AFRICAN ROADRUNNER,MAIZ AMARILLO ARGENTINO,JORNADA 2,2025-07-23 00:00:00,202412250217,-,2,BODEGA 1,-,2024-12-25 06:03:00,2024-12-25 06:20:00,2024-12-25 06:25:00,00:05:00,00:17:00,-,250217,C9H901,TOSA E.I.R.L.,128706,51260,16360,34900,34.9,GH CHANCAY - 5029,2024-12-25 06:46:00,00:21:00,00:43:00,2024-12-25 07:20:00,51160,16250,34910,10,2024-12-25 09:07:00,00:34:00,01:47:00,03:04:00,0,0
106,AFRICAN ROADRUNNER,MAIZ AMARILLO ARGENTINO,JORNADA 2,2025-07-23 00:00:00,202412250211,-,2,BODEGA 3,-,2024-12-25 05:58:00,2024-12-25 06:20:00,2024-12-25 06:25:00,00:05:00,00:22:00,-,250211,T9T864,TRANSJIBAJA S.A.C.,128704,50840,17460,33380,33.38,CHANCAY - 5003,2024-12-25 06:38:00,00:13:00,00:40:00,2024-12-25 07:28:00,50750,17370,33380,0,2024-12-25 08:53:00,00:50:00,01:25:00,02:55:00,0,0
107,AFRICAN ROADRUNNER,MAIZ AMARILLO ARGENTINO,JORNADA 2,2025-07-23 00:00:00,202412250224,-,2,BODEGA 1,-,2024-12-25 06:20:00,2024-12-25 06:35:00,2024-12-25 06:40:00,00:05:00,00:15:00,-,250224,F6V876,VILMA ROJAS,128708,51400,18060,33340,33.34,GH CHANCAY - 5029,2024-12-25 06:58:00,00:18:00,00:38:00,2024-12-25 07:26:00,51260,17960,33300,-40,2024-12-25 09:17:00,00:28:00,01:51:00,02:57:00,0,0
108,AFRICAN ROADRUNNER,MAIZ AMARILLO ARGENTINO,JORNADA 2,2025-07-23 00:00:00,202412250220,-,2,BODEGA 1,-,2024-12-25 06:02:00,2024-12-25 06:40:00,2024-12-25 06:45:00,00:05:00,00:38:00,-,250220,AWS916,TOSA E.I.R.L.,128707,55020,17720,37300,37.3,CHANCAY - 5003,2024-12-25 06:56:00,00:11:00,00:54:00,2024-12-25 07:32:00,54980,17660,37320,20,2024-12-25 09:04:00,00:36:00,01:32:00,03:02:00,0,0
109,AFRICAN ROADRUNNER,MAIZ AMARILLO ARGENTINO,JORNADA 2,2025-07-23 00:00:00,202412250209,-,2,BODEGA 1,-,2024-12-25 05:55:00,2024-12-25 06:40:00,2024-12-25 06:44:00,00:04:00,00:45:00,-,250209,ASZ864,TRANSJIBAJA S.A.C.,128705,54620,17160,37460,37.46,CHANCAY - 5003,2024-12-25 06:45:00,00:01:00,00:50:00,2024-12-25 07:30:00,54550,17080,37470,10,2024-12-25 08:59:00,00:45:00,01:29:00,03:04:00,0,0
110,AFRICAN ROADRUNNER,MAIZ AMARILLO ARGENTINO,JORNADA 2,2025-07-23 00:00:00,202412250232,-,2,BODEGA 3,-,2024-12-25 06:31:00,2024-12-25 06:45:00,2024-12-25 06:52:00,00:07:00,00:14:00,-,250232,BMN703,VILMA ROJAS,128709,53980,19120,34860,34.86,CHANCAY - 5003,2024-12-25 07:07:00,00:15:00,00:36:00,2024-12-25 07:36:00,53900,19020,34880,20,2024-12-25 09:18:00,00:29:00,01:42:00,02:47:00,0,0
111,AFRICAN ROADRUNNER,MAIZ AMARILLO ARGENTINO,JORNADA 2,2025-07-23 00:00:00,202412250229,-,2,BODEGA 1,-,2024-12-25 06:27:00,2024-12-25 06:52:00,2024-12-25 06:59:00,00:07:00,00:25:00,-,250229,AJG777,VILMA ROJAS,128710,55140,18080,37060,37.06,CHANCAY - 5003,2024-12-25 07:16:00,00:17:00,00:49:00,2024-12-25 07:39:00,55090,18020,37070,10,2024-12-25 09:26:00,00:23:00,01:47:00,02:59:00,0,0
112,AFRICAN ROADRUNNER,MAIZ AMARILLO ARGENTINO,JORNADA 2,2025-07-23 00:00:00,202412250239,-,2,BODEGA 3,-,2024-12-25 06:44:00,2024-12-25 06:53:00,2024-12-25 07:00:00,00:07:00,00:09:00,-,250239,BMO703,VILMA ROJAS,128711,55940,18900,37040,37.04,CHANCAY - 5003,2024-12-25 07:18:00,00:18:00,00:34:00,2024-12-25 07:42:00,55900,18830,37070,30,2024-12-25 09:32:00,00:24:00,01:50:00,02:48:00,0,0
113,AFRICAN ROADRUNNER,MAIZ AMARILLO ARGENTINO,JORNADA 3,7-15,202412250233,-,2,BODEGA 1,-,2024-12-25 06:33:00,2024-12-25 07:01:00,2024-12-25 07:09:00,00:08:00,00:28:00,-,250233,C7Y834,TRANSJIBAJA S.A.C.,128712,49640,17280,32360,32.36,GH CHANCAY - 5029,2024-12-25 07:20:00,00:11:00,00:47:00,2024-12-25 07:42:00,49530,17170,32360,0,2024-12-25 09:35:00,00:22:00,01:53:00,03:02:00,0,0
114,AFRICAN ROADRUNNER,MAIZ AMARILLO ARGENTINO,JORNADA 3,7-15,202412250236,-,2,BODEGA 3,-,2024-12-25 06:37:00,2024-12-25 07:10:00,2024-12-25 07:17:00,00:07:00,00:33:00,-,250236,BMO774,VILMA ROJAS,128713,56840,18920,37920,37.92,CHANCAY - 5003,2024-12-25 07:23:00,00:06:00,00:46:00,2024-12-25 07:45:00,56780,18840,37940,20,2024-12-25 09:36:00,00:22:00,01:51:00,02:59:00,0,0
115,AFRICAN ROADRUNNER,MAIZ AMARILLO ARGENTINO,JORNADA 3,7-15,202412250244,-,2,BODEGA 1,-,2024-12-25 07:07:00,2024-12-25 07:15:00,2024-12-25 07:22:00,00:07:00,00:08:00,-,250244,ASA876,TOSA E.I.R.L.,128714,50000,17320,32680,32.68,CHANCAY - 5003,2024-12-25 07:51:00,00:29:00,00:44:00,2024-12-25 08:19:00,50030,17250,32780,100,2024-12-25 09:48:00,00:28:00,01:29:00,02:41:00,0,0
116,AFRICAN ROADRUNNER,MAIZ AMARILLO ARGENTINO,JORNADA 3,7-15,202412250246,-,2,BODEGA 3,-,2024-12-25 07:15:00,2024-12-25 07:22:00,2024-12-25 07:29:00,00:07:00,00:07:00,-,250246,D6H785,TRANSJIBAJA S.A.C.,128716,47680,16120,31560,31.56,GH CHANCAY - 5029,2024-12-25 07:59:00,00:30:00,00:44:00,2024-12-25 08:45:00,47580,16020,31560,0,2024-12-25 10:29:00,00:46:00,01:44:00,03:14:00,0,0
117,AFRICAN ROADRUNNER,MAIZ AMARILLO ARGENTINO,JORNADA 3,7-15,202412250245,-,2,BODEGA 3,-,2024-12-25 07:07:00,2024-12-25 07:23:00,2024-12-25 07:30:00,00:07:00,00:16:00,-,250245,D8A721,TOSA E.I.R.L.,128715,54360,17320,37040,37.04,GH CHANCAY - 5029,2024-12-25 07:54:00,00:24:00,00:47:00,2024-12-25 08:39:00,54210,17180,37030,-10,2024-12-25 10:17:00,00:45:00,01:38:00,03:10:00,0,0
118,AFRICAN ROADRUNNER,MAIZ AMARILLO ARGENTINO,JORNADA 3,7-15,202412250247,-,2,BODEGA 1,-,2024-12-25 07:16:00,2024-12-25 07:40:00,2024-12-25 07:47:00,00:07:00,00:24:00,-,250247,D1J772,TRANSJIBAJA S.A.C.,128717,49080,17100,31980,31.98,GH CHANCAY - 5029,2024-12-25 08:00:00,00:13:00,00:44:00,2024-12-25 08:31:00,49060,16990,32070,90,2024-12-25 09:39:00,00:31:00,01:08:00,02:23:00,0,0
119,AFRICAN ROADRUNNER,MAIZ AMARILLO ARGENTINO,JORNADA 3,7-15,202412250255,-,2,BODEGA 3,-,2024-12-25 07:29:00,2024-12-25 07:45:00,2024-12-25 07:52:00,00:07:00,00:16:00,-,250255,AFX858,TOSA E.I.R.L.,128720,54660,16960,37700,37.7,GH CHANCAY - 5029,2024-12-25 08:19:00,00:27:00,00:50:00,2024-12-25 08:51:00,54560,16870,37690,-10,2024-12-25 10:50:00,00:32:00,01:59:00,03:21:00,0,0
120,AFRICAN ROADRUNNER,MAIZ AMARILLO ARGENTINO,JORNADA 3,7-15,202412250253,-,2,BODEGA 3,-,2024-12-25 07:24:00,2024-12-25 07:50:00,2024-12-25 07:57:00,00:07:00,00:26:00,-,250253,AUL936,TOSA E.I.R.L.,128721,50280,17060,33220,33.22,CHANCAY - 5003,2024-12-25 08:23:00,00:26:00,00:59:00,2024-12-25 14:57:00,50280,17060,33220,0,2024-12-25 15:12:00,06:34:00,00:15:00,07:48:00,0,0
121,AFRICAN ROADRUNNER,MAIZ AMARILLO ARGENTINO,JORNADA 3,7-15,202412250252,-,2,BODEGA 3,-,2024-12-25 07:21:00,2024-12-25 07:52:00,2024-12-25 07:59:00,00:07:00,00:31:00,-,250252,D7X754,TOSA E.I.R.L.,128719,51040,17260,33780,33.78,CHANCAY - 5003,2024-12-25 08:10:00,00:11:00,00:49:00,2024-12-25 08:34:00,50990,17190,33800,20,2024-12-25 09:54:00,00:24:00,01:20:00,02:33:00,0,0
122,AFRICAN ROADRUNNER,MAIZ AMARILLO ARGENTINO,JORNADA 3,7-15,202412250250,-,2,BODEGA 3,-,2024-12-25 07:20:00,2024-12-25 07:58:00,2024-12-25 08:04:00,00:06:00,00:38:00,-,250250,C2B789,TRANSJIBAJA S.A.C.,128718,47460,16540,30920,30.92,GH CHANCAY - 5029,2024-12-25 08:08:00,00:04:00,00:48:00,2024-12-25 08:47:00,47430,16460,30970,50,2024-12-25 10:44:00,00:39:00,01:57:00,03:24:00,0,0
123,AFRICAN ROADRUNNER,MAIZ AMARILLO ARGENTINO,JORNADA 3,7-15,202412250257,-,2,BODEGA 3,-,2024-12-25 07:35:00,2024-12-25 08:01:00,2024-12-25 08:08:00,00:07:00,00:26:00,-,250257,APP823,TRANSJIBAJA S.A.C.,128722,51300,17520,33780,33.78,CHANCAY - 5003,2024-12-25 08:30:00,00:22:00,00:55:00,2024-12-25 09:10:00,51230,17440,33790,10,2024-12-25 10:00:00,00:40:00,00:50:00,02:25:00,0,0
124,AFRICAN ROADRUNNER,MAIZ AMARILLO ARGENTINO,JORNADA 3,7-15,202412250221,-,2,BODEGA 3,-,2024-12-25 03:45:00,2024-12-25 08:05:00,2024-12-25 08:12:00,00:07:00,04:20:00,-,250221,BUY724,TOSA E.I.R.L.,128724,53280,18320,34960,34.96,CHANCAY - 5003,2024-12-25 08:34:00,00:22:00,04:49:00,2024-12-25 09:19:00,53130,18260,34870,-90,2024-12-25 10:17:00,00:45:00,00:58:00,06:32:00,0,0
125,AFRICAN ROADRUNNER,MAIZ AMARILLO ARGENTINO,JORNADA 3,7-15,202412250260,-,2,BODEGA 3,-,2024-12-25 07:58:00,2024-12-25 08:10:00,2024-12-25 08:17:00,00:07:00,00:12:00,-,250260,F4E751,TRANSJIBAJA S.A.C.,128723,47680,16920,30760,30.76,CHANCAY - 5003,2024-12-25 08:34:00,00:17:00,00:36:00,2024-12-25 09:15:00,47630,16840,30790,30,2024-12-25 10:08:00,00:41:00,00:53:00,02:10:00,0,0
126,AFRICAN ROADRUNNER,MAIZ AMARILLO ARGENTINO,JORNADA 3,7-15,202412250261,-,2,BODEGA 1,-,2024-12-25 08:00:00,2024-12-25 08:22:00,2024-12-25 08:29:00,00:07:00,00:22:00,-,250261,AZS811,TOSA E.I.R.L.,128725,53220,17440,35780,35.78,GH CHANCAY - 5029,2024-12-25 08:37:00,00:08:00,00:37:00,2024-12-25 09:12:00,53110,17330,35780,0,2024-12-25 11:22:00,00:35:00,02:10:00,03:22:00,0,0
127,AFRICAN ROADRUNNER,MAIZ AMARILLO ARGENTINO,JORNADA 3,7-15,202412250266,-,2,BODEGA 3,-,2024-12-25 08:06:00,2024-12-25 08:23:00,2024-12-25 08:30:00,00:07:00,00:17:00,-,250266,D3Y881,TRANSJIBAJA S.A.C.,128726,46780,16400,30380,30.38,GH CHANCAY - 5029,2024-12-25 08:42:00,00:12:00,00:36:00,2024-12-25 09:14:00,46700,16320,30380,0,2024-12-25 11:27:00,00:32:00,02:13:00,03:21:00,0,0
128,AFRICAN ROADRUNNER,MAIZ AMARILLO ARGENTINO,JORNADA 3,7-15,202412250270,-,2,BODEGA 1,-,2024-12-25 08:12:00,2024-12-25 08:31:00,2024-12-25 08:38:00,00:07:00,00:19:00,-,250270,BDD892,VILMA ROJAS,128727,48240,17720,30520,30.52,CHANCAY - 5003,2024-12-25 08:46:00,00:08:00,00:34:00,2024-12-25 09:23:00,48160,17640,30520,0,2024-12-25 10:25:00,00:37:00,01:02:00,02:13:00,0,0
129,AFRICAN ROADRUNNER,MAIZ AMARILLO ARGENTINO,JORNADA 3,7-15,202412250268,-,2,BODEGA 3,-,2024-12-25 08:07:00,2024-12-25 08:39:00,2024-12-25 08:46:00,00:07:00,00:32:00,-,250268,BDE743,VILMA ROJAS,128728,55660,18020,37640,37.64,GH CHANCAY - 5029,2024-12-25 08:51:00,00:05:00,00:44:00,2024-12-25 09:27:00,55500,17870,37630,-10,2024-12-25 11:44:00,00:36:00,02:17:00,03:37:00,0,0
130,AFRICAN ROADRUNNER,MAIZ AMARILLO ARGENTINO,JORNADA 3,7-15,202412250274,-,2,BODEGA 3,-,2024-12-25 08:16:00,2024-12-25 08:40:00,2024-12-25 08:47:00,00:07:00,00:24:00,-,250274,BYP751,TOSA E.I.R.L.,128729,49900,18340,31560,31.56,CHANCAY - 5003,2024-12-25 08:55:00,00:08:00,00:39:00,2024-12-25 09:26:00,49830,18300,31530,-30,2024-12-25 10:30:00,00:31:00,01:04:00,02:14:00,0,0
131,AFRICAN ROADRUNNER,MAIZ AMARILLO ARGENTINO,JORNADA 3,7-15,202412250272,-,2,BODEGA 1,-,2024-12-25 08:14:00,2024-12-25 08:45:00,2024-12-25 08:52:00,00:07:00,00:31:00,-,250272,AJD804,VILMA ROJAS,128730,51840,18420,33420,33.42,GH CHANCAY - 5029,2024-12-25 08:57:00,00:05:00,00:43:00,2024-12-25 09:30:00,51710,18290,33420,0,2024-12-25 12:06:00,00:33:00,02:36:00,03:52:00,0,0
132,AFRICAN ROADRUNNER,MAIZ AMARILLO ARGENTINO,JORNADA 3,7-15,202412250283,-,2,BODEGA 3,-,2024-12-25 08:30:00,2024-12-25 08:52:00,2024-12-25 08:59:00,00:07:00,00:22:00,-,250283,AJP762,VILMA ROJAS,128732,49420,18020,31400,31.4,CHANCAY - 5003,2024-12-25 09:09:00,00:10:00,00:39:00,2024-12-25 09:41:00,49390,17950,31440,40,2024-12-25 10:46:00,00:32:00,01:05:00,02:16:00,0,0
133,AFRICAN ROADRUNNER,MAIZ AMARILLO ARGENTINO,JORNADA 3,7-15,202412250277,-,2,BODEGA 1,-,2024-12-25 08:22:00,2024-12-25 08:53:00,2024-12-25 09:00:00,00:07:00,00:31:00,-,250277,D7P795,TRANSJIBAJA S.A.C.,128731,54840,17580,37260,37.26,CHANCAY - 5003,2024-12-25 09:03:00,00:03:00,00:41:00,2024-12-25 09:31:00,54790,17510,37280,20,2024-12-25 10:36:00,00:28:00,01:05:00,02:14:00,0,0
134,AFRICAN ROADRUNNER,MAIZ AMARILLO ARGENTINO,JORNADA 3,7-15,202412250286,-,2,BODEGA 1,-,2024-12-25 08:07:00,2024-12-25 09:00:00,2024-12-25 09:07:00,00:07:00,00:53:00,-,250286,AZR943,TOSA E.I.R.L.,128736,52760,17780,34980,34.98,CHANCAY - 5003,2024-12-25 09:26:00,00:19:00,01:19:00,2024-12-25 10:00:00,52680,17690,34990,10,2024-12-25 10:52:00,00:34:00,00:52:00,02:45:00,0,0
135,AFRICAN ROADRUNNER,MAIZ AMARILLO ARGENTINO,JORNADA 3,7-15,202412250288,-,2,BODEGA 3,-,2024-12-25 08:37:00,2024-12-25 09:03:00,2024-12-25 09:10:00,00:07:00,00:26:00,-,250288,D7H920,TRANSJIBAJA S.A.C.,128733,51440,17160,34280,34.28,GH CHANCAY - 5029,2024-12-25 09:15:00,00:05:00,00:38:00,2024-12-25 09:45:00,51300,17030,34270,-10,2024-12-25 12:12:00,00:30:00,02:27:00,03:35:00,0,0
136,AFRICAN ROADRUNNER,MAIZ AMARILLO ARGENTINO,JORNADA 3,7-15,202412250292,-,2,BODEGA 3,-,2024-12-25 08:55:00,2024-12-25 09:05:00,2024-12-25 09:12:00,00:07:00,00:10:00,-,250292,ABP703,TRANSJIBAJA S.A.C.,128737,52000,16840,35160,35.16,GH CHANCAY - 5029,2024-12-25 09:29:00,00:17:00,00:34:00,2024-12-25 09:53:00,51860,16710,35150,-10,2024-12-25 14:01:00,00:24:00,04:08:00,05:06:00,0,0
137,AFRICAN ROADRUNNER,MAIZ AMARILLO ARGENTINO,JORNADA 3,7-15,202412250289,-,2,BODEGA 3,-,2024-12-25 08:37:00,2024-12-25 09:10:00,2024-12-25 09:17:00,00:07:00,00:33:00,-,250289,F1K772,TRANSJIBAJA S.A.C.,128734,54320,17000,37320,37.32,GH CHANCAY - 5029,2024-12-25 09:21:00,00:04:00,00:44:00,2024-12-25 09:48:00,54200,16870,37330,10,2024-12-25 13:51:00,00:27:00,04:03:00,05:14:00,0,0
138,AFRICAN ROADRUNNER,MAIZ AMARILLO ARGENTINO,JORNADA 3,7-15,202412250276,-,2,BODEGA 3,-,2024-12-25 08:07:00,2024-12-25 09:10:00,2024-12-25 09:17:00,00:07:00,01:03:00,-,250276,BYP790,TOSA E.I.R.L.,128735,48320,18360,29960,29.96,GH CHANCAY - 5029,2024-12-25 09:23:00,00:06:00,01:16:00,2024-12-25 10:10:00,48180,18270,29910,-50,2024-12-25 14:04:00,00:47:00,03:54:00,05:57:00,0,0
139,AFRICAN ROADRUNNER,MAIZ AMARILLO ARGENTINO,JORNADA 3,7-15,202412250296,-,2,BODEGA 3,-,2024-12-25 09:03:00,2024-12-25 09:12:00,2024-12-25 09:19:00,00:07:00,00:09:00,-,250296,T9T864,TRANSJIBAJA S.A.C.,128739,51220,17440,33780,33.78,CHANCAY - 5003,2024-12-25 09:39:00,00:20:00,00:36:00,2024-12-25 10:05:00,51130,17360,33770,-10,2024-12-25 10:57:00,00:26:00,00:52:00,01:54:00,0,0
140,AFRICAN ROADRUNNER,MAIZ AMARILLO ARGENTINO,JORNADA 3,7-15,202412250290,-,2,BODEGA 3,-,2024-12-25 08:39:00,2024-12-25 09:15:00,2024-12-25 09:22:00,00:07:00,00:36:00,-,250290,AJE884,VILMA ROJAS,128738,54280,18880,35400,35.4,CHANCAY - 5003,2024-12-25 09:33:00,00:11:00,00:54:00,2024-12-25 10:09:00,54140,18750,35390,-10,2024-12-25 11:12:00,00:36:00,01:03:00,02:33:00,0,0
141,AFRICAN ROADRUNNER,MAIZ AMARILLO ARGENTINO,JORNADA 3,7-15,202412250301,-,2,BODEGA 1,-,2024-12-25 09:14:00,2024-12-25 09:25:00,2024-12-25 09:32:00,00:07:00,00:11:00,-,250301,ABY907,TOSA E.I.R.L.,128740,50760,16880,33880,33.88,CHANCAY - 5003,2024-12-25 09:49:00,00:17:00,00:35:00,2024-12-25 10:32:00,50700,16800,33900,20,2024-12-25 11:17:00,00:43:00,00:45:00,02:03:00,0,0
142,AFRICAN ROADRUNNER,MAIZ AMARILLO ARGENTINO,JORNADA 3,7-15,202412250302,-,2,BODEGA 3,-,2024-12-25 09:16:00,2024-12-25 09:33:00,2024-12-25 09:40:00,00:07:00,00:17:00,-,250302,AWS916,TOSA E.I.R.L.,128741,51680,17700,33980,33.98,CHANCAY - 5003,2024-12-25 10:05:00,00:25:00,00:49:00,2024-12-25 10:37:00,51620,17650,33970,-10,2024-12-25 11:23:00,00:32:00,00:46:00,02:07:00,0,0
143,AFRICAN ROADRUNNER,MAIZ AMARILLO ARGENTINO,JORNADA 3,7-15,202412250298,-,2,BODEGA 1,-,2024-12-25 09:10:00,2024-12-25 09:43:00,2024-12-25 09:50:00,00:07:00,00:33:00,-,259298,ASZ864,TRANSJIBAJA S.A.C.,128742,53400,17140,36260,36.26,CHANCAY - 5003,2024-12-25 10:17:00,00:27:00,01:07:00,2024-12-25 10:40:00,53340,17080,36260,0,2024-12-25 11:27:00,00:23:00,00:47:00,02:17:00,0,0
144,AFRICAN ROADRUNNER,MAIZ AMARILLO ARGENTINO,JORNADA 3,7-15,202412250305,-,2,BODEGA 3,-,2024-12-25 09:26:00,2024-12-25 09:50:00,2024-12-25 09:57:00,00:07:00,00:24:00,-,250305,C9H901,TOSA E.I.R.L.,128743,50540,16340,34200,34.2,CHANCAY - 5003,2024-12-25 10:24:00,00:27:00,00:58:00,2024-12-25 10:54:00,50470,16250,34220,20,2024-12-25 11:37:00,00:30:00,00:43:00,02:11:00,0,0
145,AFRICAN ROADRUNNER,MAIZ AMARILLO ARGENTINO,JORNADA 3,7-15,202412250316,-,2,BODEGA 1,-,2024-12-25 09:41:00,2024-12-25 09:55:00,2024-12-25 10:02:00,00:07:00,00:14:00,-,250316,BDD755,VILMA ROJAS,128747,54140,17900,36240,36.24,CHANCAY - 5003,2024-12-25 10:54:00,00:52:00,01:13:00,2024-12-25 11:18:00,54080,17840,36240,0,2024-12-25 12:03:00,00:24:00,00:45:00,02:22:00,0,0
146,AFRICAN ROADRUNNER,MAIZ AMARILLO ARGENTINO,JORNADA 3,7-15,202412250307,-,2,BODEGA 1,-,2024-12-25 09:33:00,2024-12-25 10:15:00,2024-12-25 10:22:00,00:07:00,00:42:00,-,250307,AWS791,TOSA E.I.R.L.,128744,53040,17760,35280,35.28,CHANCAY - 5003,2024-12-25 10:32:00,00:10:00,00:59:00,2024-12-25 10:57:00,52950,17700,35250,-30,2024-12-25 11:46:00,00:25:00,00:49:00,02:13:00,0,0
147,AFRICAN ROADRUNNER,MAIZ AMARILLO ARGENTINO,JORNADA 3,7-15,202412250314,-,2,BODEGA 1,-,2024-12-25 09:41:00,2024-12-25 10:20:00,2024-12-25 10:27:00,00:07:00,00:39:00,-,250314,AJG777,VILMA ROJAS,128745,51360,18080,33280,33.28,CHANCAY - 5003,2024-12-25 10:44:00,00:17:00,01:03:00,2024-12-25 11:11:00,51290,18000,33290,10,2024-12-25 11:53:00,00:27:00,00:42:00,02:12:00,0,0
148,AFRICAN ROADRUNNER,MAIZ AMARILLO ARGENTINO,JORNADA 3,7-15,202412250315,-,2,BODEGA 1,-,2024-12-25 09:41:00,2024-12-25 10:20:00,2024-12-25 10:27:00,00:07:00,00:39:00,-,250315,BMN703,VILMA ROJAS,128746,54120,19080,35040,35.04,CHANCAY - 5003,2024-12-25 10:48:00,00:21:00,01:07:00,2024-12-25 11:15:00,54060,19000,35060,20,2024-12-25 11:57:00,00:27:00,00:42:00,02:16:00,0,0
149,AFRICAN ROADRUNNER,MAIZ AMARILLO ARGENTINO,JORNADA 3,7-15,202412250321,-,2,BODEGA 3,-,2024-12-25 09:46:00,2024-12-25 10:26:00,2024-12-25 10:33:00,00:07:00,00:40:00,-,250321,F6V876,VILMA ROJAS,128749,52100,18040,34060,34.06,CHANCAY - 5003,2024-12-25 11:04:00,00:31:00,01:18:00,2024-12-25 11:27:00,52010,17970,34040,-20,2024-12-25 12:28:00,00:23:00,01:01:00,02:42:00,0,0
150,AFRICAN ROADRUNNER,MAIZ AMARILLO ARGENTINO,JORNADA 3,7-15,202412250331,-,2,BODEGA 3,-,2024-12-25 10:10:00,2024-12-25 10:27:00,2024-12-25 10:35:00,00:08:00,00:17:00,-,250331,APP823,TRANSJIBAJA S.A.C.,128756,52900,17500,35400,35.4,CHANCAY - 5003,2024-12-25 11:30:00,00:55:00,01:20:00,2024-12-25 11:51:00,52830,17430,35400,0,2024-12-25 13:08:00,00:21:00,01:17:00,02:58:00,0,0
151,AFRICAN ROADRUNNER,MAIZ AMARILLO ARGENTINO,JORNADA 3,7-15,202412250323,-,2,BODEGA 3,-,2024-12-25 09:51:00,2024-12-25 10:27:00,2024-12-25 10:34:00,00:07:00,00:36:00,-,250323,C7Y834,TRANSJIBAJA S.A.C.,128752,49620,17260,32360,32.36,CHANCAY - 5003,2024-12-25 11:16:00,00:42:00,01:25:00,2024-12-25 11:34:00,49550,17180,32370,10,2024-12-25 12:44:00,00:18:00,01:10:00,02:53:00,0,0
152,AFRICAN ROADRUNNER,MAIZ AMARILLO ARGENTINO,JORNADA 3,7-15,202412250318,-,2,BODEGA 3,-,2024-12-25 09:43:00,2024-12-25 10:30:00,2024-12-25 10:37:00,00:07:00,00:47:00,-,250318,BMO703,VILMA ROJAS,128748,54100,18880,35220,35.22,CHANCAY - 5003,2024-12-25 10:59:00,00:22:00,01:16:00,2024-12-25 11:21:00,54040,18810,35230,10,2024-12-25 12:24:00,00:22:00,01:03:00,02:41:00,0,0
153,AFRICAN ROADRUNNER,MAIZ AMARILLO ARGENTINO,JORNADA 3,7-15,202412250322,-,2,BODEGA 1,-,2024-12-25 09:49:00,2024-12-25 10:35:00,2024-12-25 10:42:00,00:07:00,00:46:00,-,250322,BMO774,VILMA ROJAS,128751,53440,18900,34540,34.54,CHANCAY - 5003,2024-12-25 11:08:00,00:26:00,01:19:00,2024-12-25 11:32:00,53390,18830,34560,20,2024-12-25 12:37:00,00:24:00,01:05:00,02:48:00,0,0
154,AFRICAN ROADRUNNER,MAIZ AMARILLO ARGENTINO,JORNADA 3,7-15,202412250338,-,2,BODEGA 1,-,2024-12-25 10:27:00,2024-12-25 10:42:00,2024-12-25 10:49:00,00:07:00,00:15:00,-,250338,BUY724,TOSA E.I.R.L.,128759,52380,18300,34080,34.08,CHANCAY - 5003,2024-12-25 11:44:00,00:55:00,01:17:00,2024-12-25 12:26:00,52320,18250,34070,-10,2024-12-25 14:20:00,00:42:00,01:54:00,03:53:00,0,0
155,AFRICAN ROADRUNNER,MAIZ AMARILLO ARGENTINO,JORNADA 3,7-15,202412250319,-,2,BODEGA 3,-,2024-12-25 09:43:00,2024-12-25 10:50:00,2024-12-25 10:57:00,00:07:00,01:07:00,-,250319,AJP818,VILMA ROJAS,128750,51760,18760,33000,33,CHANCAY - 5003,2024-12-25 11:06:00,00:09:00,01:23:00,2024-12-25 11:29:00,51700,18690,33010,10,2024-12-25 12:34:00,00:23:00,01:05:00,02:51:00,0,0
156,AFRICAN ROADRUNNER,MAIZ AMARILLO ARGENTINO,JORNADA 3,7-15,202412250329,-,2,BODEGA 3,-,2024-12-25 10:04:00,2024-12-25 10:50:00,2024-12-25 10:57:00,00:07:00,00:46:00,-,250329,D7X754,TOSA E.I.R.L.,128754,51080,17260,33820,33.82,CHANCAY - 5003,2024-12-25 11:22:00,00:25:00,01:18:00,2024-12-25 11:41:00,51030,17170,33860,40,2024-12-25 12:58:00,00:19:00,01:17:00,02:54:00,0,0
157,AFRICAN ROADRUNNER,MAIZ AMARILLO ARGENTINO,JORNADA 3,7-15,202412250340,-,2,BODEGA 3,-,2024-12-25 10:35:00,2024-12-25 10:52:00,2024-12-25 10:59:00,00:07:00,00:17:00,-,250340,BDD892,VILMA ROJAS,128758,53960,17700,36260,36.26,CHANCAY - 5003,2024-12-25 11:38:00,00:39:00,01:03:00,2024-12-25 11:57:00,53870,17620,36250,-10,2024-12-25 13:23:00,00:19:00,01:26:00,02:48:00,0,0
158,AFRICAN ROADRUNNER,MAIZ AMARILLO ARGENTINO,JORNADA 3,7-15,202412250325,-,2,BODEGA 3,-,2024-12-25 09:56:00,2024-12-25 10:52:00,2024-12-25 10:59:00,00:07:00,00:56:00,-,250325,D1J772,TRANSJIBAJA S.A.C.,128753,50380,17060,33320,33.32,CHANCAY - 5003,2024-12-25 11:16:00,00:17:00,01:20:00,2024-12-25 11:37:00,50320,17000,33320,0,2024-12-25 12:48:00,00:21:00,01:11:00,02:52:00,0,0
159,AFRICAN ROADRUNNER,MAIZ AMARILLO ARGENTINO,JORNADA 3,7-15,202412250328,-,2,BODEGA 3,-,2024-12-25 10:01:00,2024-12-25 11:00:00,2024-12-25 11:07:00,00:07:00,00:59:00,-,250328,ASA876,TOSA E.I.R.L.,128755,51420,17300,34120,34.12,CHANCAY - 5003,2024-12-25 11:24:00,00:17:00,01:23:00,2024-12-25 11:46:00,51380,17220,34160,40,2024-12-25 13:05:00,00:22:00,01:19:00,03:04:00,0,0
160,AFRICAN ROADRUNNER,MAIZ AMARILLO ARGENTINO,JORNADA 3,7-15,202412250334,-,2,BODEGA 1,-,2024-12-25 10:17:00,2024-12-25 11:17:00,2024-12-25 11:24:00,00:07:00,01:00:00,-,250334,F4E751,TRANSJIBAJA S.A.C.,128757,50920,16880,34040,34.04,CHANCAY - 5003,2024-12-25 11:31:00,00:07:00,01:14:00,2024-12-25 11:54:00,50850,16820,34030,-10,2024-12-25 13:20:00,00:23:00,01:26:00,03:03:00,0,0
161,AFRICAN ROADRUNNER,MAIZ AMARILLO ARGENTINO,JORNADA 3,7-15,202412250354,-,2,BODEGA 1,-,2024-12-25 10:57:00,2024-12-25 11:21:00,2024-12-25 11:28:00,00:07:00,00:24:00,-,250354,AJP762,VILMA ROJAS,128765,52800,18000,34800,34.8,CHANCAY - 5003,2024-12-25 12:03:00,00:35:00,01:06:00,2024-12-25 12:40:00,52770,17940,34830,30,2024-12-25 14:38:00,00:37:00,01:58:00,03:41:00,0,0
162,AFRICAN ROADRUNNER,MAIZ AMARILLO ARGENTINO,JORNADA 3,7-15,202412250342,-,2,BODEGA 3,-,2024-12-25 10:19:00,2024-12-25 11:30:00,2024-12-25 11:37:00,00:07:00,01:11:00,-,250342,D7W933,TOSA E.I.R.L.,128761,52720,17460,35260,35.26,CHANCAY - 5003,2024-12-25 11:51:00,00:14:00,01:32:00,2024-12-25 12:46:00,52670,17400,35270,10,2024-12-25 14:50:00,00:55:00,02:04:00,04:31:00,0,0
163,AFRICAN ROADRUNNER,MAIZ AMARILLO ARGENTINO,JORNADA 3,7-15,202412250353,-,2,BODEGA 3,-,2024-12-25 10:59:00,2024-12-25 11:30:00,2024-12-25 11:37:00,00:07:00,00:31:00,-,250353,D6H785,TRANSJIBAJA S.A.C.,128766,48340,16100,32240,32.24,CHANCAY - 5003,2024-12-25 12:05:00,00:28:00,01:06:00,2024-12-25 12:43:00,48290,16030,32260,20,2024-12-25 14:44:00,00:38:00,02:01:00,03:45:00,0,0
164,AFRICAN ROADRUNNER,MAIZ AMARILLO ARGENTINO,JORNADA 3,7-15,202412250345,-,2,BODEGA 3,-,2024-12-25 10:44:00,2024-12-25 11:30:00,2024-12-25 11:37:00,00:07:00,00:46:00,-,250345,D8A721,TOSA E.I.R.L.,128760,52720,17300,35420,35.42,CHANCAY - 5003,2024-12-25 11:47:00,00:10:00,01:03:00,2024-12-25 12:31:00,52630,17190,35440,20,2024-12-25 14:27:00,00:44:00,01:56:00,03:43:00,0,0
165,AFRICAN ROADRUNNER,MAIZ AMARILLO ARGENTINO,JORNADA 3,7-15,202412250356,-,2,BODEGA 1,-,2024-12-25 11:10:00,2024-12-25 11:38:00,2024-12-25 11:45:00,00:07:00,00:28:00,-,250356,T9T864,TRANSJIBAJA S.A.C.,128767,50900,17440,33460,33.46,CHANCAY - 5003,2024-12-25 12:10:00,00:25:00,01:00:00,2024-12-25 12:51:00,50850,17350,33500,40,2024-12-25 15:04:00,00:41:00,02:13:00,03:54:00,0,0
166,AFRICAN ROADRUNNER,MAIZ AMARILLO ARGENTINO,JORNADA 3,7-15,202412250341,-,2,BODEGA 1,-,2024-12-25 10:24:00,2024-12-25 11:40:00,2024-12-25 11:47:00,00:07:00,01:16:00,-,250341,ABV921,TOSA E.I.R.L.,128762,50060,16820,33240,33.24,CHANCAY - 5003,2024-12-25 11:54:00,00:07:00,01:30:00,2024-12-25 12:49:00,49990,16750,33240,0,2024-12-25 14:58:00,00:55:00,02:09:00,04:34:00,0,0
167,AFRICAN ROADRUNNER,MAIZ AMARILLO ARGENTINO,JORNADA 3,7-15,202412250348,-,2,BODEGA 3,-,2024-12-25 10:53:00,2024-12-25 11:41:00,2024-12-25 11:48:00,00:07:00,00:48:00,-,250348,D7P795,TRANSJIBAJA S.A.C.,128763,54320,17560,36760,36.76,CHANCAY - 5003,2024-12-25 11:57:00,00:09:00,01:04:00,2024-12-25 12:34:00,54250,17480,36770,10,2024-12-25 14:31:00,00:37:00,01:57:00,03:38:00,0,0
168,AFRICAN ROADRUNNER,MAIZ AMARILLO ARGENTINO,JORNADA 3,7-15,202412250360,-,2,BODEGA 1,-,2024-12-25 10:54:00,2024-12-25 11:48:00,2024-12-25 11:55:00,00:07:00,00:54:00,-,250360,AUL898,TOSA E.I.R.L.,128771,52100,17060,35040,35.04,CHANCAY - 5003,2024-12-25 12:20:00,00:25:00,01:26:00,2024-12-25 13:21:00,52050,16990,35060,20,2024-12-25 15:51:00,01:01:00,02:30:00,04:57:00,0,0
169,AFRICAN ROADRUNNER,MAIZ AMARILLO ARGENTINO,JORNADA 3,7-15,202412250358,-,2,BODEGA 3,-,2024-12-25 11:16:00,2024-12-25 11:48:00,2024-12-25 11:55:00,00:07:00,00:32:00,-,250358,C2B789,TRANSJIBAJA S.A.C.,128768,51560,16520,35040,35.04,CHANCAY - 5003,2024-12-25 12:13:00,00:18:00,00:57:00,2024-12-25 12:59:00,51520,16470,35050,10,2024-12-25 15:20:00,00:46:00,02:21:00,04:04:00,0,0
170,AFRICAN ROADRUNNER,MAIZ AMARILLO ARGENTINO,JORNADA 3,7-15,202412250359,-,2,BODEGA 3,-,2024-12-25 10:45:00,2024-12-25 11:50:00,2024-12-25 11:57:00,00:07:00,01:05:00,-,250359,AJI820,TOSA E.I.R.L.,128769,53960,17640,36320,36.32,CHANCAY - 5003,2024-12-25 12:15:00,00:18:00,01:30:00,2024-12-25 13:12:00,53900,17550,36350,30,2024-12-25 15:37:00,00:57:00,02:25:00,04:52:00,0,0
171,AFRICAN ROADRUNNER,MAIZ AMARILLO ARGENTINO,JORNADA 3,7-15,202412250351,-,2,BODEGA 1,-,2024-12-25 10:24:00,2024-12-25 11:50:00,2024-12-25 11:57:00,00:07:00,01:26:00,-,2250351,AKV816,TOSA E.I.R.L.,128764,52340,17220,35120,35.12,CHANCAY - 5003,2024-12-25 12:00:00,00:03:00,01:36:00,2024-12-25 13:01:00,52230,17120,35110,-10,2024-12-25 15:32:00,01:01:00,02:31:00,05:08:00,0,0
172,AFRICAN ROADRUNNER,MAIZ AMARILLO ARGENTINO,JORNADA 3,7-15,202412250371,-,2,BODEGA 3,-,2024-12-25 11:39:00,2024-12-25 11:52:00,2024-12-25 11:59:00,00:07:00,00:13:00,-,250371,AZS811,TOSA E.I.R.L.,128770,53560,17420,36140,36.14,CHANCAY - 5003,2024-12-25 12:19:00,00:20:00,00:40:00,2024-12-25 13:18:00,53500,17340,36160,20,2024-12-25 15:43:00,00:59:00,02:25:00,04:04:00,0,0
173,AFRICAN ROADRUNNER,MAIZ AMARILLO ARGENTINO,JORNADA 3,7-15,202412250386,-,2,BODEGA 3,-,2024-12-25 12:04:00,2024-12-25 12:27:00,2024-12-25 12:34:00,00:07:00,00:23:00,-,250386,ABY907,TOSA E.I.R.L.,128778,50700,16860,33840,33.84,CHANCAY - 5003,2024-12-25 13:53:00,01:19:00,01:49:00,2024-12-25 14:27:00,50640,16790,33850,10,2024-12-25 16:29:00,00:34:00,02:02:00,04:25:00,0,0
174,AFRICAN ROADRUNNER,MAIZ AMARILLO ARGENTINO,JORNADA 3,7-15,202412250382,-,2,BODEGA 3,-,2024-12-25 11:59:00,2024-12-25 12:28:00,2024-12-25 12:35:00,00:07:00,00:29:00,-,250382,AFX858,TOSA E.I.R.L.,128777,47880,16960,30920,30.92,GH CHANCAY - 5029,2024-12-25 13:50:00,01:15:00,01:51:00,2024-12-25 14:14:00,47770,16850,30920,0,2024-12-25 14:52:00,00:24:00,00:38:00,02:53:00,0,0
175,AFRICAN ROADRUNNER,MAIZ AMARILLO ARGENTINO,JORNADA 3,7-15,202412250379,-,2,BODEGA 1,-,2024-12-25 11:23:00,2024-12-25 12:35:00,2024-12-25 12:42:00,00:07:00,01:12:00,-,250379,ADZ884,TRANSJIBAJA S.A.C.,128776,49720,16040,33680,33.68,CHANCAY - 5003,2024-12-25 13:50:00,01:08:00,02:27:00,2024-12-25 14:23:00,49640,15970,33670,-10,2024-12-25 16:26:00,00:33:00,02:03:00,05:03:00,0,0
176,AFRICAN ROADRUNNER,MAIZ AMARILLO ARGENTINO,JORNADA 3,7-15,202412250375,-,2,BODEGA 3,-,2024-12-25 11:41:00,2024-12-25 12:40:00,2024-12-25 12:47:00,00:07:00,00:59:00,-,250375,BYP751,TOSA E.I.R.L.,128772,52880,18340,34540,34.54,CHANCAY - 5003,2024-12-25 13:30:00,00:43:00,01:49:00,2024-12-25 14:07:00,52830,18300,34530,-10,2024-12-25 16:04:00,00:37:00,01:57:00,04:23:00,0,0
177,AFRICAN ROADRUNNER,MAIZ AMARILLO ARGENTINO,JORNADA 3,7-15,202412250374,-,2,BODEGA 1,-,2024-12-25 11:45:00,2024-12-25 12:50:00,2024-12-25 12:57:00,00:07:00,01:05:00,-,250374,AZR943,TOSA E.I.R.L.,128774,52000,17760,34240,34.24,CHANCAY - 5003,2024-12-25 13:38:00,00:41:00,01:53:00,2024-12-25 14:12:00,51910,17650,34260,20,2024-12-25 16:08:00,00:34:00,01:56:00,04:23:00,0,0
178,AFRICAN ROADRUNNER,MAIZ AMARILLO ARGENTINO,JORNADA 3,7-15,202412250397,-,2,BODEGA 1,-,2024-12-25 12:21:00,2024-12-25 12:52:00,2024-12-25 12:59:00,00:07:00,00:31:00,-,250397,AJD804,VILMA ROJAS,128783,51500,18400,33100,33.1,CHANCAY - 5003,2024-12-25 14:10:00,01:11:00,01:49:00,2024-12-25 14:37:00,51410,18310,33100,0,2024-12-25 16:34:00,00:27:00,01:57:00,04:13:00,0,0
179,AFRICAN ROADRUNNER,MAIZ AMARILLO ARGENTINO,JORNADA 3,7-15,202412250376,-,2,BODEGA 3,-,2024-12-25 11:41:00,2024-12-25 13:01:00,2024-12-25 13:08:00,00:07:00,01:20:00,-,250376,ASZ864,TRANSJIBAJA S.A.C.,128775,52080,17120,34960,34.96,GH CHANCAY - 5029,2024-12-25 13:41:00,00:33:00,02:00:00,2024-12-25 14:11:00,51970,17010,34960,0,2024-12-25 14:43:00,00:30:00,00:32:00,03:02:00,0,0
180,AFRICAN ROADRUNNER,MAIZ AMARILLO ARGENTINO,JORNADA 3,7-15,202412250404,-,2,BODEGA 1,-,2024-12-25 12:42:00,2024-12-25 13:05:00,2024-12-25 13:15:00,00:10:00,00:23:00,-,250404,AJP818,VILMA ROJAS,128787,53460,18740,34720,34.72,CHANCAY - 5003,2024-12-25 14:26:00,01:11:00,01:44:00,2024-12-25 14:42:00,53390,18690,34700,-20,2024-12-25 16:54:00,00:16:00,02:12:00,04:12:00,0,0
181,AFRICAN ROADRUNNER,MAIZ AMARILLO ARGENTINO,JORNADA 3,7-15,202412250373,-,2,BODEGA 3,-,2024-12-25 10:49:00,2024-12-25 13:05:00,2024-12-25 13:12:00,00:07:00,02:16:00,-,250373,ANB766,VILMA ROJAS,128773,54040,18340,35700,35.7,CHANCAY - 5003,2024-12-25 13:35:00,00:23:00,02:46:00,2024-12-25 14:21:00,53960,18350,35610,-90,2024-12-25 16:18:00,00:46:00,01:57:00,05:29:00,0,0
182,AFRICAN ROADRUNNER,MAIZ AMARILLO ARGENTINO,JORNADA 3,7-15,202412250393,-,2,BODEGA 3,-,2024-12-25 12:14:00,2024-12-25 13:10:00,2024-12-25 13:17:00,00:07:00,00:56:00,-,250393,BDD755,VILMA ROJAS,128782,54080,17900,36180,36.18,CHANCAY - 5003,2024-12-25 14:06:00,00:49:00,01:52:00,2024-12-25 14:34:00,54010,17830,36180,0,2024-12-25 16:51:00,00:28:00,02:17:00,04:37:00,0,0
183,AFRICAN ROADRUNNER,MAIZ AMARILLO ARGENTINO,JORNADA 3,7-15,202412250389,-,2,BODEGA 1,-,2024-12-25 11:48:00,2024-12-25 13:10:00,2024-12-25 13:17:00,00:07:00,01:22:00,-,250389,ASF702,TRANSJIBAJA S.A.C.,128779,51760,17160,34600,34.6,CHANCAY - 5003,2024-12-25 13:55:00,00:38:00,02:07:00,2024-12-25 14:29:00,51700,17090,34610,10,2024-12-25 16:37:00,00:34:00,02:08:00,04:49:00,0,0
184,AFRICAN ROADRUNNER,MAIZ AMARILLO ARGENTINO,JORNADA 3,7-15,202412250399,-,2,BODEGA 1,-,2024-12-25 12:25:00,2024-12-25 13:12:00,2024-12-25 13:19:00,00:07:00,00:47:00,-,2250399,C9H901,TOSA E.I.R.L.,128786,50380,16320,34060,34.06,GH CHANCAY - 5029,2024-12-25 14:22:00,01:03:00,01:57:00,2024-12-25 14:56:00,50290,16210,34080,20,2024-12-25 15:19:00,00:34:00,00:23:00,02:54:00,0,0
185,AFRICAN ROADRUNNER,MAIZ AMARILLO ARGENTINO,JORNADA 3,7-15,202412250405,-,2,BODEGA 1,-,2024-12-25 12:44:00,2024-12-25 13:15:00,2024-12-25 13:22:00,00:07:00,00:31:00,-,250405,D7H920,TRANSJIBAJA S.A.C.,128788,52440,17140,35300,35.3,CHANCAY - 5003,2024-12-25 14:26:00,01:04:00,01:42:00,2024-12-25 14:59:00,52370,17060,35310,10,2024-12-25 16:47:00,00:33:00,01:48:00,04:03:00,0,0
186,AFRICAN ROADRUNNER,MAIZ AMARILLO ARGENTINO,JORNADA 3,7-15,202412250411,-,2,BODEGA 3,-,2024-12-25 13:03:00,2024-12-25 13:21:00,2024-12-25 13:28:00,00:07:00,00:18:00,-,250411,BMO774,VILMA ROJAS,128791,52900,18880,34020,34.02,CHANCAY - 5003,2024-12-25 14:38:00,01:10:00,01:35:00,2024-12-25 15:07:00,52810,18820,33990,-30,2024-12-25 17:16:00,00:29:00,02:09:00,04:13:00,0,0
187,AFRICAN ROADRUNNER,MAIZ AMARILLO ARGENTINO,JORNADA 3,7-15,202412250390,-,2,BODEGA 3,-,2024-12-25 11:42:00,2024-12-25 13:22:00,2024-12-25 13:29:00,00:07:00,01:40:00,-,250390,BYP721,TOSA E.I.R.L.,128781,50940,18520,32420,32.42,GH CHANCAY - 5029,2024-12-25 14:04:00,00:35:00,02:22:00,2024-12-25 14:31:00,50840,18420,32420,0,2024-12-25 15:03:00,00:27:00,00:32:00,03:21:00,0,0
188,AFRICAN ROADRUNNER,MAIZ AMARILLO ARGENTINO,JORNADA 3,7-15,202412250398,-,2,BODEGA 3,-,2024-12-25 12:21:00,2024-12-25 13:22:00,2024-12-25 13:29:00,00:07:00,01:01:00,-,250398,D3Y881,TRANSJIBAJA S.A.C.,128784,51160,16380,34780,34.78,CHANCAY - 5003,2024-12-25 14:12:00,00:43:00,01:51:00,2024-12-25 14:39:00,51100,16320,34780,0,2024-12-25 16:43:00,00:27:00,02:04:00,04:22:00,0,0
189,AFRICAN ROADRUNNER,MAIZ AMARILLO ARGENTINO,JORNADA 3,7-15,202412250420,-,2,BODEGA 1,-,2024-12-25 13:17:00,2024-12-25 13:33:00,2024-12-25 13:40:00,00:07:00,00:16:00,-,250420,BMO703,VILMA ROJAS,128794,55100,18860,36240,36.24,CHANCAY - 5003,2024-12-25 14:50:00,01:10:00,01:33:00,2024-12-25 15:12:00,55030,18810,36220,-20,2024-12-25 17:06:00,00:22:00,01:54:00,03:49:00,0,0
190,AFRICAN ROADRUNNER,MAIZ AMARILLO ARGENTINO,JORNADA 3,7-15,202412250392,-,2,BODEGA 3,-,2024-12-25 12:10:00,2024-12-25 13:42:00,2024-12-25 13:49:00,00:07:00,01:32:00,-,250392,AWS916,TOSA E.I.R.L.,128780,50720,17700,33020,33.02,CHANCAY - 5003,2024-12-25 14:02:00,00:13:00,01:52:00,2024-12-25 14:32:00,50680,17630,33050,30,2024-12-25 16:40:00,00:30:00,02:08:00,04:30:00,0,0
191,AFRICAN ROADRUNNER,MAIZ AMARILLO ARGENTINO,JORNADA 3,7-15,202412250401,-,2,BODEGA 3,-,2024-12-25 12:34:00,2024-12-25 13:48:00,2024-12-25 13:55:00,00:07:00,01:14:00,-,250401,AWS791,TOSA E.I.R.L.,128785,50900,17760,33140,33.14,CHANCAY - 5003,2024-12-25 14:21:00,00:26:00,01:47:00,2024-12-25 14:46:00,50820,17680,33140,0,2024-12-25 17:09:00,00:25:00,02:23:00,04:35:00,0,0
192,AFRICAN ROADRUNNER,MAIZ AMARILLO ARGENTINO,JORNADA 3,7-15,202412250419,-,2,BODEGA 3,-,2024-12-25 13:17:00,2024-12-25 13:48:00,2024-12-25 13:55:00,00:07:00,00:31:00,-,250419,F6V876,VILMA ROJAS,128793,51260,18040,33220,33.22,GH CHANCAY - 5029,2024-12-25 14:43:00,00:48:00,01:26:00,2024-12-25 15:09:00,51130,17910,33220,0,2024-12-25 16:01:00,00:26:00,00:52:00,02:44:00,0,0
193,AFRICAN ROADRUNNER,MAIZ AMARILLO ARGENTINO,JORNADA 3,7-15,202412250409,-,2,BODEGA 3,-,2024-12-25 12:56:00,2024-12-25 14:02:00,2024-12-25 14:09:00,00:07:00,01:06:00,-,250409,BMN703,VILMA ROJAS,128789,52700,19060,33640,33.64,CHANCAY - 5003,2024-12-25 14:35:00,00:26:00,01:39:00,2024-12-25 15:02:00,52600,18990,33610,-30,2024-12-25 16:57:00,00:27:00,01:55:00,04:01:00,0,0
194,AFRICAN ROADRUNNER,MAIZ AMARILLO ARGENTINO,JORNADA 3,7-15,202412250408,-,2,BODEGA 3,-,2024-12-25 12:57:00,2024-12-25 14:10:00,2024-12-25 14:17:00,00:07:00,01:13:00,-,250408,AJG777,VILMA ROJAS,128790,49740,18060,31680,31.68,CHANCAY - 5003,2024-12-25 14:36:00,00:19:00,01:39:00,2024-12-25 15:05:00,49780,17990,31790,110,2024-12-25 17:01:00,00:29:00,01:56:00,04:04:00,0,0
195,AFRICAN ROADRUNNER,MAIZ AMARILLO ARGENTINO,JORNADA 3,7-15,202412250413,-,2,BODEGA 1,-,2024-12-25 13:10:00,2024-12-25 14:12:00,2024-12-25 14:19:00,00:07:00,01:02:00,-,250413,BDE743,VILMA ROJAS,128792,54780,18000,36780,36.78,CHANCAY - 5003,2024-12-25 14:41:00,00:22:00,01:31:00,2024-12-25 15:10:00,54690,17910,36780,0,2024-12-25 17:23:00,00:29:00,02:13:00,04:13:00,0,0
196,AFRICAN ROADRUNNER,MAIZ AMARILLO ARGENTINO,JORNADA 3,7-15,202412250424,-,2,BODEGA 3,-,2024-12-25 13:21:00,2024-12-25 14:22:00,2024-12-25 14:29:00,00:07:00,01:01:00,-,250424,AJE884,VILMA ROJAS,128795,53400,18860,34540,34.54,GH CHANCAY - 5029,2024-12-25 14:54:00,00:25:00,01:33:00,2024-12-25 15:25:00,53190,18690,34500,-40,2024-12-25 16:09:00,00:31:00,00:44:00,02:48:00,0,0
197,AFRICAN ROADRUNNER,MAIZ AMARILLO ARGENTINO,JORNADA 3,7-15,202412250425,-,2,BODEGA 3,-,2024-12-25 13:32:00,2024-12-25 14:33:00,2024-12-25 14:40:00,00:07:00,01:01:00,-,250425,C7Y834,TRANSJIBAJA S.A.C.,128796,48960,17240,31720,31.72,GH CHANCAY - 5029,2024-12-25 14:58:00,00:18:00,01:26:00,2024-12-25 15:27:00,48810,17140,31670,-50,2024-12-25 16:39:00,00:29:00,01:12:00,03:07:00,0,0
198,AFRICAN ROADRUNNER,MAIZ AMARILLO ARGENTINO,JORNADA 3,7-15,202412250443,-,2,BODEGA 3,-,2024-12-25 14:08:00,2024-12-25 14:40:00,2024-12-25 14:47:00,00:07:00,00:32:00,-,250443,APP823,TRANSJIBAJA S.A.C.,128803,53420,17500,35920,35.92,CHANCAY - 5003,2024-12-25 15:23:00,00:36:00,01:15:00,2024-12-25 15:52:00,53350,17430,35920,0,2024-12-25 17:29:00,00:29:00,01:37:00,03:21:00,0,0
199,AFRICAN ROADRUNNER,MAIZ AMARILLO ARGENTINO,JORNADA 3,7-15,202412250426,-,2,BODEGA 1,-,2024-12-25 13:34:00,2024-12-25 14:41:00,2024-12-25 14:48:00,00:07:00,01:07:00,-,250426,D1J772,TRANSJIBAJA S.A.C.,128797,49620,17060,32560,32.56,GH CHANCAY - 5029,2024-12-25 15:01:00,00:13:00,01:27:00,2024-12-25 15:30:00,49500,16960,32540,-20,2024-12-25 16:48:00,00:29:00,01:18:00,03:14:00,0,0
200,AFRICAN ROADRUNNER,MAIZ AMARILLO ARGENTINO,JORNADA 3,7-15,202412250440,-,2,BODEGA 3,-,2024-12-25 13:57:00,2024-12-25 14:44:00,2024-12-25 14:51:00,00:07:00,00:47:00,-,250440,F4E751,TRANSJIBAJA S.A.C.,128800,51740,16880,34860,34.86,CHANCAY - 5003,2024-12-25 15:14:00,00:23:00,01:17:00,2024-12-25 15:37:00,51660,16820,34840,-20,2024-12-25 17:19:00,00:23:00,01:42:00,03:22:00,0,0
201,AFRICAN ROADRUNNER,MAIZ AMARILLO ARGENTINO,JORNADA 3,7-15,202412250427,-,2,BODEGA 3,-,2024-12-25 13:37:00,2024-12-25 14:45:00,2024-12-25 14:52:00,00:07:00,01:08:00,-,250427,D7X754,TOSA E.I.R.L.,128798,48160,17240,30920,30.92,CHANCAY - 5003,2024-12-25 15:05:00,00:13:00,01:28:00,2024-12-25 15:33:00,48080,17170,30910,-10,2024-12-25 17:12:00,00:28:00,01:39:00,03:35:00,0,0
202,AFRICAN ROADRUNNER,MAIZ AMARILLO ARGENTINO,JORNADA 3,7-15,202412250441,-,2,BODEGA 3,-,2024-12-25 13:19:00,2024-12-25 14:45:00,2024-12-25 14:52:00,00:07:00,01:26:00,-,250441,ATA883,TOSA E.I.R.L.,128802,43960,16840,27120,27.12,CHANCAY - 5003,2024-12-25 15:22:00,00:30:00,02:03:00,2024-12-25 16:10:00,43900,16780,27120,0,2024-12-25 17:35:00,00:48:00,01:25:00,04:16:00,0,0
203,AFRICAN ROADRUNNER,MAIZ AMARILLO ARGENTINO,JORNADA 3,7-15,202412250448,-,2,BODEGA 3,-,2024-12-25 14:15:00,2024-12-25 14:50:00,2024-12-25 14:57:00,00:07:00,00:35:00,-,250448,F1K772,TRANSJIBAJA S.A.C.,128805,53140,16980,36160,36.16,CHANCAY - 5003,2024-12-25 15:27:00,00:30:00,01:12:00,2024-12-25 16:03:00,53070,16910,36160,0,2024-12-25 17:40:00,00:36:00,01:37:00,03:25:00,0,0
204,AFRICAN ROADRUNNER,MAIZ AMARILLO ARGENTINO,JORNADA 3,7-15,202412250433,-,2,BODEGA 3,-,2024-12-25 13:19:00,2024-12-25 14:50:00,2024-12-25 14:57:00,00:07:00,01:31:00,-,250433,ATA937,TOSA E.I.R.L.,128801,46980,17100,29880,29.88,GH CHANCAY - 5029,2024-12-25 15:20:00,00:23:00,02:01:00,2024-12-25 16:05:00,46880,17030,29850,-30,2024-12-25 17:33:00,00:45:00,01:28:00,04:14:00,0,0
205,AFRICAN ROADRUNNER,MAIZ AMARILLO ARGENTINO,JORNADA 3,7-15,202412250436,-,2,BODEGA 1,-,2024-12-25 13:56:00,2024-12-25 14:52:00,2024-12-25 14:59:00,00:07:00,00:56:00,-,250436,ASA876,TOSA E.I.R.L.,128799,51300,17280,34020,34.02,GH CHANCAY - 5029,2024-12-25 15:10:00,00:11:00,01:14:00,2024-12-25 15:34:00,51190,17210,33980,-40,2024-12-25 16:58:00,00:24:00,01:24:00,03:02:00,0,0
206,AFRICAN ROADRUNNER,MAIZ AMARILLO ARGENTINO,JORNADA 3,7-15,202412250446,-,2,BODEGA 1,-,2024-12-25 14:16:00,2024-12-25 14:52:00,2024-12-25 14:59:00,00:07:00,00:36:00,-,250446,BDD892,VILMA ROJAS,128804,49360,17700,31660,31.66,CHANCAY - 5003,2024-12-25 15:26:00,00:27:00,01:10:00,2024-12-25 15:57:00,49310,17610,31700,40,2024-12-25 17:32:00,00:31:00,01:35:00,03:16:00,0,0
207,AFRICAN ROADRUNNER,MAIZ AMARILLO ARGENTINO,JORNADA 3,7-15,202412250449,-,2,BODEGA 3,-,2024-12-25 14:21:00,2024-12-25 15:00:00,2024-12-25 15:07:00,00:07:00,00:39:00,-,250449,ABP703,TRANSJIBAJA S.A.C.,128806,51440,16820,34620,34.62,CHANCAY - 5003,2024-12-25 15:33:00,00:26:00,01:12:00,2024-12-25 16:07:00,51340,16740,34600,-20,2024-12-25 17:26:00,00:34:00,01:19:00,03:05:00,0,0
208,AFRICAN ROADRUNNER,MAIZ AMARILLO ARGENTINO,JORNADA 4,15-23,202412250451,-,2,BODEGA 1,-,2024-12-25 14:29:00,2024-12-25 15:10:00,2024-12-25 15:17:00,00:07:00,00:41:00,-,250451,BYP790,TOSA E.I.R.L.,128807,47260,18320,28940,28.94,CHANCAY - 5003,2024-12-25 15:37:00,00:20:00,01:08:00,2024-12-25 16:29:00,47200,18280,28920,-20,2024-12-25 18:07:00,00:52:00,01:38:00,03:38:00,0,0
209,AFRICAN ROADRUNNER,MAIZ AMARILLO ARGENTINO,JORNADA 4,15-23,202412250453,-,2,BODEGA 1,-,2024-12-25 14:44:00,2024-12-25 15:20:00,2024-12-25 15:27:00,00:07:00,00:36:00,-,250453,D7P795,TRANSJIBAJA S.A.C.,128808,54540,17560,36980,36.98,CHANCAY - 5003,2024-12-25 15:39:00,00:12:00,00:55:00,2024-12-25 16:14:00,54490,17490,37000,20,2024-12-25 17:43:00,00:35:00,01:29:00,02:59:00,0,0
210,AFRICAN ROADRUNNER,MAIZ AMARILLO ARGENTINO,JORNADA 4,15-23,202412250474,-,2,BODEGA 1,-,2024-12-25 15:20:00,2024-12-25 15:21:00,2024-12-25 15:28:00,00:07:00,00:01:00,-,250474,D8A721,TOSA E.I.R.L.,128817,53780,17280,36500,36.5,CHANCAY - 5003,2024-12-25 16:18:00,00:50:00,00:58:00,2024-12-25 16:50:00,53680,17180,36500,0,2024-12-25 18:19:00,00:32:00,01:29:00,02:59:00,0,0
211,AFRICAN ROADRUNNER,MAIZ AMARILLO ARGENTINO,JORNADA 4,15-23,202412250460,-,2,BODEGA 1,-,2024-12-25 15:04:00,2024-12-25 15:22:00,2024-12-25 15:29:00,00:07:00,00:18:00,-,250460,ASZ864,TRANSJIBAJA S.A.C.,128810,52000,17120,34880,34.88,CHANCAY - 5003,2024-12-25 15:48:00,00:19:00,00:44:00,2024-12-25 16:32:00,51950,17050,34900,20,2024-12-25 18:11:00,00:44:00,01:39:00,03:07:00,0,0
212,AFRICAN ROADRUNNER,MAIZ AMARILLO ARGENTINO,JORNADA 4,15-23,202412250465,-,2,BODEGA 3,-,2024-12-25 15:08:00,2024-12-25 15:25:00,2024-12-25 15:32:00,00:07:00,00:17:00,-,250465,ABV921,TOSA E.I.R.L.,128812,52300,16800,35500,35.5,CHANCAY - 5003,2024-12-25 15:53:00,00:21:00,00:45:00,2024-12-25 16:36:00,52250,16740,35510,10,2024-12-25 17:50:00,00:43:00,01:14:00,02:42:00,0,0
213,AFRICAN ROADRUNNER,MAIZ AMARILLO ARGENTINO,JORNADA 4,15-23,202412250464,-,2,BODEGA 3,-,2024-12-25 15:05:00,2024-12-25 15:35:00,2024-12-25 15:42:00,00:07:00,00:30:00,-,250464,D7W933,TOSA E.I.R.L.,128811,52160,17440,34720,34.72,GH CHANCAY - 5029,2024-12-25 15:52:00,00:10:00,00:47:00,2024-12-25 16:31:00,52010,17350,34660,-60,2024-12-25 17:51:00,00:39:00,01:20:00,02:46:00,0,0
214,AFRICAN ROADRUNNER,MAIZ AMARILLO ARGENTINO,JORNADA 4,15-23,202412250457,-,2,BODEGA 3,-,2024-12-25 14:50:00,2024-12-25 15:35:00,2024-12-25 15:42:00,00:07:00,00:45:00,-,250457,AJP762,VILMA ROJAS,128809,48980,17980,31000,31,CHANCAY - 5003,2024-12-25 15:46:00,00:04:00,00:56:00,2024-12-25 16:18:00,48920,17940,30980,-20,2024-12-25 18:04:00,00:32:00,01:46:00,03:14:00,0,0
215,AFRICAN ROADRUNNER,MAIZ AMARILLO ARGENTINO,JORNADA 4,15-23,202412250467,-,2,BODEGA 3,-,2024-12-25 15:08:00,2024-12-25 15:35:00,2024-12-25 15:42:00,00:07:00,00:27:00,-,250467,AFX858,TOSA E.I.R.L.,128813,53660,16940,36720,36.72,GH CHANCAY - 5029,2024-12-25 15:56:00,00:14:00,00:48:00,2024-12-25 16:34:00,53530,16820,36710,-10,2024-12-25 18:03:00,00:38:00,01:29:00,02:55:00,0,0
216,AFRICAN ROADRUNNER,MAIZ AMARILLO ARGENTINO,JORNADA 4,15-23,202412250469,-,2,BODEGA 3,-,2024-12-25 15:14:00,2024-12-25 15:36:00,2024-12-25 15:43:00,00:07:00,00:22:00,-,250469,T9T864,TRANSJIBAJA S.A.C.,128815,52100,17420,34680,34.68,CHANCAY - 5003,2024-12-25 16:05:00,00:22:00,00:51:00,2024-12-25 16:39:00,52020,17340,34680,0,2024-12-25 17:46:00,00:34:00,01:07:00,02:32:00,0,0
217,AFRICAN ROADRUNNER,MAIZ AMARILLO ARGENTINO,JORNADA 4,15-23,202412250472,-,2,BODEGA 1,-,2024-12-25 15:18:00,2024-12-25 15:48:00,2024-12-25 15:55:00,00:07:00,00:30:00,-,250472,D6H785,TRANSJIBAJA S.A.C.,128816,48720,16080,32640,32.64,CHANCAY - 5003,2024-12-25 16:11:00,00:16:00,00:53:00,2024-12-25 16:42:00,48640,16020,32620,-20,2024-12-25 17:58:00,00:31:00,01:16:00,02:40:00,0,0
218,AFRICAN ROADRUNNER,MAIZ AMARILLO ARGENTINO,JORNADA 4,15-23,202412250475,-,2,BODEGA 3,-,2024-12-25 15:23:00,2024-12-25 15:49:00,2024-12-25 15:56:00,00:07:00,00:26:00,-,250475,BYP721,TOSA E.I.R.L.,128818,51020,18500,32520,32.52,GH CHANCAY - 5029,2024-12-25 16:22:00,00:26:00,00:59:00,2024-12-25 16:55:00,50890,18410,32480,-40,2024-12-25 18:19:00,00:33:00,01:24:00,02:56:00,0,0
219,AFRICAN ROADRUNNER,MAIZ AMARILLO ARGENTINO,JORNADA 4,15-23,202412250468,-,2,BODEGA 3,-,2024-12-25 15:09:00,2024-12-25 15:52:00,2024-12-25 15:59:00,00:07:00,00:43:00,-,250468,BUY724,TOSA E.I.R.L.,128814,52860,18300,34560,34.56,GH CHANCAY - 5029,2024-12-25 16:02:00,00:03:00,00:53:00,2024-12-25 16:37:00,52750,18220,34530,-30,2024-12-25 18:15:00,00:35:00,01:38:00,03:06:00,0,0
220,AFRICAN ROADRUNNER,MAIZ AMARILLO ARGENTINO,JORNADA 4,15-23,202412250483,-,2,BODEGA 3,-,2024-12-25 15:49:00,2024-12-25 15:53:00,2024-12-25 16:00:00,00:07:00,00:04:00,-,250483,AJI820,TOSA E.I.R.L.,128822,49960,17640,32320,32.32,GH CHANCAY - 5029,2024-12-25 16:39:00,00:39:00,00:50:00,2024-12-25 17:21:00,49860,17540,32320,0,2024-12-25 18:28:00,00:42:00,01:07:00,02:39:00,0,0
221,AFRICAN ROADRUNNER,MAIZ AMARILLO ARGENTINO,JORNADA 4,15-23,202412250481,-,2,BODEGA 1,-,2024-12-25 15:45:00,2024-12-25 15:58:00,2024-12-25 16:05:00,00:07:00,00:13:00,-,250481,AKV816,TOSA E.I.R.L.,128821,54040,17200,36840,36.84,GH CHANCAY - 5029,2024-12-25 16:38:00,00:33:00,00:53:00,2024-12-25 17:18:00,53870,17080,36790,-50,2024-12-25 18:23:00,00:40:00,01:05:00,02:38:00,0,0
222,AFRICAN ROADRUNNER,MAIZ AMARILLO ARGENTINO,JORNADA 4,15-23,202412250477,-,2,BODEGA 1,-,2024-12-25 15:30:00,2024-12-25 16:00:00,2024-12-25 16:07:00,00:07:00,00:30:00,-,250477,C2B789,TRANSJIBAJA S.A.C.,128819,51260,16520,34740,34.74,CHANCAY - 5003,2024-12-25 16:28:00,00:21:00,00:58:00,2024-12-25 16:47:00,51200,16450,34750,10,2024-12-25 18:01:00,00:19:00,01:14:00,02:31:00,0,0
223,AFRICAN ROADRUNNER,MAIZ AMARILLO ARGENTINO,JORNADA 4,15-23,202412250486,-,2,BODEGA 3,-,2024-12-25 15:56:00,2024-12-25 16:06:00,2024-12-25 16:13:00,00:07:00,00:10:00,-,250486,AZS811,TOSA E.I.R.L.,128823,51620,17400,34220,34.22,GH CHANCAY - 5029,2024-12-25 16:44:00,00:31:00,00:48:00,2024-12-25 18:33:00,51460,17310,34150,-70,2024-12-25 18:36:00,01:49:00,00:03:00,02:40:00,0,0
224,AFRICAN ROADRUNNER,MAIZ AMARILLO ARGENTINO,JORNADA 4,15-23,202412250479,-,2,BODEGA 1,-,2024-12-25 15:36:00,2024-12-25 16:08:00,2024-12-25 16:15:00,00:07:00,00:32:00,-,250479,C9H901,TOSA E.I.R.L.,128820,51100,16300,34800,34.8,CHANCAY - 5003,2024-12-25 16:32:00,00:17:00,00:56:00,2024-12-25 17:14:00,51030,16230,34800,0,2024-12-25 18:22:00,00:42:00,01:08:00,02:46:00,0,0
225,AFRICAN ROADRUNNER,MAIZ AMARILLO ARGENTINO,JORNADA 4,15-23,202412250487,-,2,BODEGA 1,-,2024-12-25 15:57:00,2024-12-25 16:10:00,2024-12-25 16:17:00,00:07:00,00:13:00,-,250487,D0Q776,TRANSJIBAJA S.A.C.,128824,48620,16440,32180,32.18,CHANCAY - 5003,2024-12-25 16:53:00,00:36:00,00:56:00,2024-12-25 17:35:00,48560,16400,32160,-20,2024-12-25 18:35:00,00:42:00,01:00:00,02:38:00,0,0
226,AFRICAN ROADRUNNER,MAIZ AMARILLO ARGENTINO,JORNADA 4,15-23,202412250489,-,2,BODEGA 3,-,2024-12-25 16:03:00,2024-12-25 16:18:00,2024-12-25 16:25:00,00:07:00,00:15:00,-,250489,AUL898,TOSA E.I.R.L.,128825,50100,17060,33040,33.04,CHANCAY - 5003,2024-12-25 16:55:00,00:30:00,00:52:00,2024-12-25 17:31:00,50060,16980,33080,40,2024-12-25 18:31:00,00:36:00,01:00:00,02:28:00,0,0
227,AFRICAN ROADRUNNER,MAIZ AMARILLO ARGENTINO,JORNADA 4,15-23,202412250498,-,2,BODEGA 3,-,2024-12-25 16:18:00,2024-12-25 16:22:00,2024-12-25 16:29:00,00:07:00,00:04:00,-,250498,AZR943,TOSA E.I.R.L.,128828,50300,17740,32560,32.56,GH CHANCAY - 5029,2024-12-25 16:59:00,00:30:00,00:41:00,2024-12-25 18:09:00,50150,17640,32510,-50,2024-12-25 19:04:00,01:10:00,00:55:00,02:46:00,0,0
228,AFRICAN ROADRUNNER,MAIZ AMARILLO ARGENTINO,JORNADA 4,15-23,202412250492,-,2,BODEGA 1,-,2024-12-25 16:14:00,2024-12-25 16:26:00,2024-12-25 16:33:00,00:07:00,00:12:00,-,250492,BYP751,TOSA E.I.R.L.,128826,49720,18340,31380,31.38,CHANCAY - 5003,2024-12-25 16:56:00,00:23:00,00:42:00,2024-12-25 17:39:00,49670,18300,31370,-10,2024-12-25 18:49:00,00:43:00,01:10:00,02:35:00,0,0
229,AFRICAN ROADRUNNER,MAIZ AMARILLO ARGENTINO,JORNADA 4,15-23,202412250496,-,2,BODEGA 3,-,2024-12-25 16:16:00,2024-12-25 16:34:00,2024-12-25 16:41:00,00:07:00,00:18:00,-,250496,AUL936,TOSA E.I.R.L.,128827,51660,17040,34620,34.62,GH CHANCAY - 5029,2024-12-25 16:58:00,00:17:00,00:42:00,2024-12-25 17:58:00,51570,16970,34600,-20,2024-12-25 18:57:00,01:00:00,00:59:00,02:41:00,0,0
230,AFRICAN ROADRUNNER,MAIZ AMARILLO ARGENTINO,JORNADA 4,15-23,202412250504,-,2,BODEGA 3,-,2024-12-25 16:33:00,2024-12-25 16:43:00,2024-12-25 16:50:00,00:07:00,00:10:00,-,250504,ANB766,VILMA ROJAS,128831,52640,18320,34320,34.32,CHANCAY - 5003,2024-12-25 17:14:00,00:24:00,00:41:00,2024-12-25 17:43:00,52580,18260,34320,0,2024-12-25 18:54:00,00:29:00,01:11:00,02:21:00,0,0
231,AFRICAN ROADRUNNER,MAIZ AMARILLO ARGENTINO,JORNADA 4,15-23,202412250505,-,2,BODEGA 3,-,2024-12-25 16:36:00,2024-12-25 16:46:00,2024-12-25 16:53:00,00:07:00,00:10:00,-,250505,ADZ884,TRANSJIBAJA S.A.C.,128832,50360,16040,34320,34.32,CHANCAY - 5003,2024-12-25 17:16:00,00:23:00,00:40:00,2024-12-25 17:46:00,50310,15970,34340,20,2024-12-25 19:03:00,00:30:00,01:17:00,02:27:00,0,0
232,AFRICAN ROADRUNNER,MAIZ AMARILLO ARGENTINO,JORNADA 4,15-23,202412250499,-,2,BODEGA 1,-,2024-12-25 16:20:00,2024-12-25 16:48:00,2024-12-25 16:55:00,00:07:00,00:28:00,-,250499,F6V876,VILMA ROJAS,128829,51080,18020,33060,33.06,GH CHANCAY - 5029,2024-12-25 17:02:00,00:07:00,00:42:00,2024-12-25 17:29:00,50940,17920,33020,-40,2024-12-25 18:45:00,00:27:00,01:16:00,02:25:00,0,0
233,AFRICAN ROADRUNNER,MAIZ AMARILLO ARGENTINO,JORNADA 4,15-23,202412250508,-,2,BODEGA 3,-,2024-12-25 16:42:00,2024-12-25 16:52:00,2024-12-25 16:59:00,00:07:00,00:10:00,-,250508,ABY907,TOSA E.I.R.L.,128833,51080,16840,34240,34.24,GH CHANCAY - 5029,2024-12-25 17:17:00,00:18:00,00:35:00,2024-12-25 18:31:00,50940,16770,34170,-70,2024-12-25 19:07:00,01:14:00,00:36:00,02:25:00,0,0
234,AFRICAN ROADRUNNER,MAIZ AMARILLO ARGENTINO,JORNADA 4,15-23,202412250512,-,2,BODEGA 3,-,2024-12-25 16:46:00,2024-12-25 16:56:00,2024-12-25 17:03:00,00:07:00,00:10:00,-,250512,ASF702,TRANSJIBAJA S.A.C.,128834,50000,17140,32860,32.86,GH CHANCAY - 5029,2024-12-25 17:18:00,00:15:00,00:32:00,2024-12-25 18:00:00,49870,17060,32810,-50,2024-12-25 19:00:00,00:42:00,01:00:00,02:14:00,0,0
235,AFRICAN ROADRUNNER,MAIZ AMARILLO ARGENTINO,JORNADA 4,15-23,202412250502,-,2,BODEGA 3,-,2024-12-25 16:28:00,2024-12-25 16:56:00,2024-12-25 17:03:00,00:07:00,00:28:00,-,250502,AJE884,VILMA ROJAS,128830,53180,18860,34320,34.32,GH CHANCAY - 5029,2024-12-25 17:10:00,00:07:00,00:42:00,2024-12-25 17:47:00,53010,18700,34310,-10,2024-12-25 18:53:00,00:37:00,01:06:00,02:25:00,0,0
236,AFRICAN ROADRUNNER,MAIZ AMARILLO ARGENTINO,JORNADA 4,15-23,202412250518,-,2,BODEGA 3,-,2024-12-25 16:52:00,2024-12-25 17:02:00,2024-12-25 17:09:00,00:07:00,00:10:00,-,250518,D3Y881,TRANSJIBAJA S.A.C.,128835,51240,16360,34880,34.88,CHANCAY - 5003,2024-12-25 17:24:00,00:15:00,00:32:00,2024-12-25 17:49:00,51170,16300,34870,-10,2024-12-25 18:59:00,00:25:00,01:10:00,02:07:00,0,0
237,AFRICAN ROADRUNNER,MAIZ AMARILLO ARGENTINO,JORNADA 4,15-23,202412250513,-,2,BODEGA 3,-,2024-12-25 16:47:00,2024-12-25 17:05:00,2024-12-25 17:12:00,00:07:00,00:18:00,-,250513,AJD804,VILMA ROJAS,128837,49080,18380,30700,30.7,CHANCAY - 5003,2024-12-25 17:33:00,00:21:00,00:46:00,2024-12-25 17:52:00,49010,18310,30700,0,2024-12-25 19:11:00,00:19:00,01:19:00,02:24:00,0,0
238,AFRICAN ROADRUNNER,MAIZ AMARILLO ARGENTINO,JORNADA 4,15-23,202412250522,-,2,BODEGA 3,-,2024-12-25 17:00:00,2024-12-25 17:05:00,2024-12-25 17:12:00,00:07:00,00:05:00,-,250522,BDD755,VILMA ROJAS,128839,52420,17880,34540,34.54,GH CHANCAY - 5029,2024-12-25 17:44:00,00:32:00,00:44:00,2024-12-25 19:18:00,52300,17810,34490,-50,2024-12-25 19:36:00,01:34:00,00:18:00,02:36:00,0,0
239,AFRICAN ROADRUNNER,MAIZ AMARILLO ARGENTINO,JORNADA 4,15-23,202412250519,-,2,BODEGA 1,-,2024-12-25 16:54:00,2024-12-25 17:10:00,2024-12-25 17:17:00,00:07:00,00:16:00,-,250519,AWS916,TOSA E.I.R.L.,128836,51480,17680,33800,33.8,GH CHANCAY - 5029,2024-12-25 17:30:00,00:13:00,00:36:00,2024-12-25 18:43:00,51340,17610,33730,-70,2024-12-25 19:13:00,01:13:00,00:30:00,02:19:00,0,0
240,AFRICAN ROADRUNNER,MAIZ AMARILLO ARGENTINO,JORNADA 4,15-23,202412250520,-,2,BODEGA 3,-,2024-12-25 16:54:00,2024-12-25 17:20:00,2024-12-25 17:27:00,00:07:00,00:26:00,-,250520,C7Y834,TRANSJIBAJA S.A.C.,128838,47500,17220,30280,30.28,GH CHANCAY - 5029,2024-12-25 17:37:00,00:10:00,00:43:00,2024-12-25 18:50:00,47350,17140,30210,-70,2024-12-25 19:32:00,01:13:00,00:42:00,02:38:00,0,0
241,AFRICAN ROADRUNNER,MAIZ AMARILLO ARGENTINO,JORNADA 4,15-23,202412250551,-,2,BODEGA 3,-,2024-12-25 17:35:00,2024-12-25 17:48:00,2024-12-25 17:55:00,00:07:00,00:13:00,-,250551,ABP703,TRANSJIBAJA S.A.C.,128851,47580,16820,30760,30.76,CHANCAY - 5003,2024-12-25 18:51:00,00:56:00,01:16:00,2024-12-25 19:30:00,47490,16730,30760,0,2024-12-25 20:42:00,00:39:00,01:12:00,03:07:00,0,0
242,AFRICAN ROADRUNNER,MAIZ AMARILLO ARGENTINO,JORNADA 4,15-23,202412250525,-,2,BODEGA 1,-,2024-12-25 17:08:00,2024-12-25 17:50:00,2024-12-25 17:57:00,00:07:00,00:42:00,-,250525,BMN703,VILMA ROJAS,128840,49340,19060,30280,30.28,CHANCAY - 5003,2024-12-25 18:00:00,00:03:00,00:52:00,2024-12-25 18:27:00,49240,18980,30260,-20,2024-12-25 19:14:00,00:27:00,00:47:00,02:06:00,0,0
243,AFRICAN ROADRUNNER,MAIZ AMARILLO ARGENTINO,JORNADA 4,15-23,202412250530,-,2,BODEGA 3,-,2024-12-25 17:13:00,2024-12-25 17:51:00,2024-12-25 17:58:00,00:07:00,00:38:00,-,250530,AJP818,VILMA ROJAS,128842,49340,18740,30600,30.6,GH CHANCAY - 5029,2024-12-25 18:17:00,00:19:00,01:04:00,2024-12-25 19:21:00,49210,18650,30560,-40,2024-12-25 19:40:00,01:04:00,00:19:00,02:27:00,0,0
244,AFRICAN ROADRUNNER,MAIZ AMARILLO ARGENTINO,JORNADA 4,15-23,202412250527,-,2,BODEGA 3,-,2024-12-25 17:09:00,2024-12-25 17:52:00,2024-12-25 17:59:00,00:07:00,00:43:00,-,250527,D1J772,TRANSJIBAJA S.A.C.,128841,46180,17040,29140,29.14,CHANCAY - 5003,2024-12-25 18:10:00,00:11:00,01:01:00,2024-12-25 18:34:00,46110,16980,29130,-10,2024-12-25 19:23:00,00:24:00,00:49:00,02:14:00,0,0
245,AFRICAN ROADRUNNER,MAIZ AMARILLO ARGENTINO,JORNADA 4,15-23,202412250532,-,2,BODEGA 3,-,2024-12-25 17:14:00,2024-12-25 18:00:00,2024-12-25 18:07:00,00:07:00,00:46:00,-,250532,ASA876,TOSA E.I.R.L.,128843,47540,17280,30260,30.26,CHANCAY - 5003,2024-12-25 18:25:00,00:18:00,01:11:00,2024-12-25 19:10:00,47470,17230,30240,-20,2024-12-25 19:36:00,00:45:00,00:26:00,02:22:00,0,0
246,AFRICAN ROADRUNNER,MAIZ AMARILLO ARGENTINO,JORNADA 4,15-23,202412250536,-,2,BODEGA 3,-,2024-12-25 17:17:00,2024-12-25 18:02:00,2024-12-25 18:09:00,00:07:00,00:45:00,-,250536,AJG777,VILMA ROJAS,128845,47680,18060,29620,29.62,CHANCAY - 5003,2024-12-25 18:36:00,00:27:00,01:19:00,2024-12-25 19:13:00,47610,17990,29620,0,2024-12-25 19:43:00,00:37:00,00:30:00,02:26:00,0,0
247,AFRICAN ROADRUNNER,MAIZ AMARILLO ARGENTINO,JORNADA 4,15-23,202412250535,-,2,BODEGA 1,-,2024-12-25 17:16:00,2024-12-25 18:08:00,2024-12-25 18:15:00,00:07:00,00:52:00,-,250535,BMO703,VILMA ROJAS,128844,52460,18840,33620,33.62,CHANCAY - 5003,2024-12-25 18:29:00,00:14:00,01:13:00,2024-12-25 19:07:00,52410,18800,33610,-10,2024-12-25 19:32:00,00:38:00,00:25:00,02:16:00,0,0
248,AFRICAN ROADRUNNER,MAIZ AMARILLO ARGENTINO,JORNADA 4,15-23,202412250538,-,2,BODEGA 1,-,2024-12-25 17:19:00,2024-12-25 18:09:00,2024-12-25 18:16:00,00:07:00,00:50:00,-,250538,D7H920,TRANSJIBAJA S.A.C.,128846,51140,17120,34020,34.02,CHANCAY - 5003,2024-12-25 18:36:00,00:20:00,01:17:00,2024-12-25 19:16:00,51060,17050,34010,-10,2024-12-25 19:51:00,00:40:00,00:35:00,02:32:00,0,0
249,AFRICAN ROADRUNNER,MAIZ AMARILLO ARGENTINO,JORNADA 4,15-23,202412250542,-,2,BODEGA 1,-,2024-12-25 17:25:00,2024-12-25 18:10:00,2024-12-25 18:17:00,00:07:00,00:45:00,-,250542,BMO774,VILMA ROJAS,128849,52080,18860,33220,33.22,CHANCAY - 5003,2024-12-25 18:42:00,00:25:00,01:17:00,2024-12-25 19:19:00,52010,18810,33200,-20,2024-12-25 19:55:00,00:37:00,00:36:00,02:30:00,0,0
250,AFRICAN ROADRUNNER,MAIZ AMARILLO ARGENTINO,JORNADA 4,15-23,202412250544,-,2,BODEGA 3,-,2024-12-25 17:28:00,2024-12-25 18:15:00,2024-12-25 18:22:00,00:07:00,00:47:00,-,250544,F4E751,TRANSJIBAJA S.A.C.,128850,48420,16860,31560,31.56,CHANCAY - 5003,2024-12-25 18:45:00,00:23:00,01:17:00,2024-12-25 19:22:00,48360,16810,31550,-10,2024-12-25 20:30:00,00:37:00,01:08:00,03:02:00,0,0
251,AFRICAN ROADRUNNER,MAIZ AMARILLO ARGENTINO,JORNADA 4,15-23,202412250541,-,2,BODEGA 3,-,2024-12-25 17:22:00,2024-12-25 18:16:00,2024-12-25 18:23:00,00:07:00,00:54:00,-,250541,D7X754,TOSA E.I.R.L.,128847,51600,17240,34360,34.36,CHANCAY - 5003,2024-12-25 18:38:00,00:15:00,01:16:00,2024-12-25 19:25:00,51520,17160,34360,0,2024-12-25 20:35:00,00:47:00,01:10:00,03:13:00,0,0
252,AFRICAN ROADRUNNER,MAIZ AMARILLO ARGENTINO,JORNADA 4,15-23,202412250540,-,2,BODEGA 3,-,2024-12-25 17:20:00,2024-12-25 18:20:00,2024-12-25 18:27:00,00:07:00,01:00:00,-,250540,AWS791,TOSA E.I.R.L.,128848,48760,17760,31000,31,CHANCAY - 5003,2024-12-25 18:40:00,00:13:00,01:20:00,2024-12-25 19:33:00,48710,17680,31030,30,2024-12-25 20:47:00,00:53:00,01:14:00,03:27:00,0,0
253,AFRICAN ROADRUNNER,MAIZ AMARILLO ARGENTINO,JORNADA 4,15-23,202412250565,-,2,BODEGA 3,-,2024-12-25 17:59:00,2024-12-25 18:24:00,2024-12-25 18:30:00,00:06:00,00:25:00,-,250565,ABV921,TOSA E.I.R.L.,128870,56020,16800,39220,39.22,CHANCAY - 5003,2024-12-25 20:17:00,01:47:00,02:18:00,2024-12-25 21:13:00,55980,16750,39230,10,2024-12-25 22:30:00,00:56:00,01:17:00,04:31:00,0,0
254,AFRICAN ROADRUNNER,MAIZ AMARILLO ARGENTINO,JORNADA 4,15-23,202412250557,-,2,BODEGA 1,-,2024-12-25 17:50:00,2024-12-25 18:24:00,2024-12-25 18:31:00,00:07:00,00:34:00,-,250557,ATA883,TOSA E.I.R.L.,128856,45180,16820,28360,28.36,CHANCAY - 5003,2024-12-25 19:16:00,00:45:00,01:26:00,2024-12-25 19:53:00,45150,16760,28390,30,2024-12-25 21:13:00,00:37:00,01:20:00,03:23:00,0,0
255,AFRICAN ROADRUNNER,MAIZ AMARILLO ARGENTINO,JORNADA 4,15-23,202412250549,-,2,BODEGA 1,-,2024-12-25 17:34:00,2024-12-25 18:25:00,2024-12-25 18:32:00,00:07:00,00:51:00,-,250549,BDE743,VILMA ROJAS,128852,53140,17980,35160,35.16,CHANCAY - 5003,2024-12-25 18:53:00,00:21:00,01:19:00,2024-12-25 19:37:00,53080,17900,35180,20,2024-12-25 20:54:00,00:44:00,01:17:00,03:20:00,0,0
256,AFRICAN ROADRUNNER,MAIZ AMARILLO ARGENTINO,JORNADA 4,15-23,202412250555,-,2,BODEGA 3,-,2024-12-25 17:40:00,2024-12-25 18:32:00,2024-12-25 18:39:00,00:07:00,00:52:00,-,250555,BDD892,VILMA ROJAS,128855,50100,17680,32420,32.42,CHANCAY - 5003,2024-12-25 19:03:00,00:24:00,01:23:00,2024-12-25 19:45:00,50020,17600,32420,0,2024-12-25 21:06:00,00:42:00,01:21:00,03:26:00,0,0
257,AFRICAN ROADRUNNER,MAIZ AMARILLO ARGENTINO,JORNADA 4,15-23,202412250562,-,2,BODEGA 3,-,2024-12-25 17:55:00,2024-12-25 18:36:00,2024-12-25 18:43:00,00:07:00,00:41:00,-,250562,T9T864,TRANSJIBAJA S.A.C.,128857,47700,17420,30280,30.28,CHANCAY - 5003,2024-12-25 19:19:00,00:36:00,01:24:00,2024-12-25 19:48:00,47630,17320,30310,30,2024-12-25 21:09:00,00:29:00,01:21:00,03:14:00,0,0
258,AFRICAN ROADRUNNER,MAIZ AMARILLO ARGENTINO,JORNADA 4,15-23,202412250554,-,2,BODEGA 3,-,2024-12-25 17:38:00,2024-12-25 18:40:00,2024-12-25 18:47:00,00:07:00,01:02:00,-,250554,APP823,TRANSJIBAJA S.A.C.,128853,47340,17480,29860,29.86,CHANCAY - 5003,2024-12-25 18:58:00,00:11:00,01:20:00,2024-12-25 19:40:00,47280,17420,29860,0,2024-12-25 20:59:00,00:42:00,01:19:00,03:21:00,0,0
259,AFRICAN ROADRUNNER,MAIZ AMARILLO ARGENTINO,JORNADA 4,15-23,202412250552,-,2,BODEGA 1,-,2024-12-25 16:49:00,2024-12-25 18:48:00,2024-12-25 18:55:00,00:07:00,01:59:00,-,250552,APN941,TRANSJIBAJA S.A.C.,128854,46600,16880,29720,29.72,CHANCAY - 5003,2024-12-25 19:01:00,00:06:00,02:12:00,2024-12-25 19:42:00,46550,16820,29730,10,2024-12-25 21:02:00,00:41:00,01:20:00,04:13:00,0,0
260,AFRICAN ROADRUNNER,MAIZ AMARILLO ARGENTINO,JORNADA 4,15-23,202412250561,-,2,BODEGA 1,-,2024-12-25 17:54:00,2024-12-25 19:05:00,2024-12-25 19:12:00,00:07:00,01:11:00,-,250561,D7P795,TRANSJIBAJA S.A.C.,128858,47020,17540,29480,29.48,CHANCAY - 5003,2024-12-25 19:25:00,00:13:00,01:31:00,2024-12-25 19:56:00,46970,17480,29490,10,2024-12-25 21:18:00,00:31:00,01:22:00,03:24:00,0,0
261,AFRICAN ROADRUNNER,MAIZ AMARILLO ARGENTINO,JORNADA 4,15-23,202412250573,-,2,BODEGA 1,-,2024-12-25 18:10:00,2024-12-25 19:15:00,2024-12-25 19:20:00,00:05:00,01:05:00,-,250573,ATA937,TOSA E.I.R.L.,128871,52580,17080,35500,35.5,GH CHANCAY - 5029,2024-12-25 20:23:00,01:03:00,02:13:00,2024-12-25 21:06:00,52440,17020,35420,-80,2024-12-25 21:19:00,00:43:00,00:13:00,03:09:00,0,0
262,AFRICAN ROADRUNNER,MAIZ AMARILLO ARGENTINO,JORNADA 4,15-23,202412250604,-,2,BODEGA 3,-,2024-12-25 18:41:00,2024-12-25 19:15:00,2024-12-25 19:20:00,00:05:00,00:34:00,-,250604,AUL898,TOSA E.I.R.L.,128862,50040,17040,33000,33,CHANCAY - 5003,2024-12-25 20:46:00,01:26:00,02:05:00,2024-12-25 21:54:00,49950,16980,32970,-30,2024-12-25 23:01:00,01:08:00,01:07:00,04:20:00,0,0
263,AFRICAN ROADRUNNER,MAIZ AMARILLO ARGENTINO,JORNADA 4,15-23,202412250578,-,2,BODEGA 3,-,2024-12-25 18:21:00,2024-12-25 19:20:00,2024-12-25 19:25:00,00:05:00,00:59:00,-,250578,ASZ864,TRANSJIBAJA S.A.C.,128873,51120,17100,34020,34.02,CHANCAY - 5003,2024-12-25 20:28:00,01:03:00,02:07:00,2024-12-25 20:55:00,51090,17040,34050,30,2024-12-25 21:34:00,00:27:00,00:39:00,03:13:00,0,0
264,AFRICAN ROADRUNNER,MAIZ AMARILLO ARGENTINO,JORNADA 4,15-23,202412250570,-,2,BODEGA 3,-,2024-12-25 18:07:00,2024-12-25 19:30:00,2024-12-25 19:37:00,00:07:00,01:23:00,-,250570,D6H785,TRANSJIBAJA S.A.C.,128859,46880,16080,30800,30.8,CHANCAY - 5003,2024-12-25 20:05:00,00:28:00,01:58:00,2024-12-25 20:42:00,46830,16020,30810,10,2024-12-25 21:24:00,00:37:00,00:42:00,03:17:00,0,0
265,AFRICAN ROADRUNNER,MAIZ AMARILLO ARGENTINO,JORNADA 4,15-23,202412250577,-,2,BODEGA 1,-,2024-12-25 18:20:00,2024-12-25 19:35:00,2024-12-25 19:40:00,00:05:00,01:15:00,-,250577,AFX858,TOSA E.I.R.L.,128874,50420,16920,33500,33.5,CHANCAY - 5003,2024-12-25 20:28:00,00:48:00,02:08:00,2024-12-25 21:21:00,50340,16850,33490,-10,2024-12-25 22:24:00,00:53:00,01:03:00,04:04:00,0,0
266,AFRICAN ROADRUNNER,MAIZ AMARILLO ARGENTINO,JORNADA 4,15-23,202412250571,-,2,BODEGA 1,-,2024-12-25 18:10:00,2024-12-25 19:40:00,2024-12-25 19:47:00,00:07:00,01:30:00,-,250571,D7W933,TOSA E.I.R.L.,128860,52740,17440,35300,35.3,CHANCAY - 5003,2024-12-25 20:10:00,00:23:00,02:00:00,2024-12-25 21:10:00,52710,17370,35340,40,2024-12-25 21:38:00,01:00:00,00:28:00,03:28:00,0,0
267,AFRICAN ROADRUNNER,MAIZ AMARILLO ARGENTINO,JORNADA 4,15-23,202412250645,-,2,BODEGA 1,-,2024-12-25 19:15:00,2024-12-25 19:48:00,2024-12-25 19:55:00,00:07:00,00:33:00,-,250645,ASF702,TRANSJIBAJA S.A.C.,128885,46560,17140,29420,29.42,CHANCAY - 5003,2024-12-25 21:36:00,01:41:00,02:21:00,2024-12-25 22:10:00,46510,17080,29430,10,2024-12-25 23:20:00,00:34:00,01:10:00,04:05:00,0,0
268,AFRICAN ROADRUNNER,MAIZ AMARILLO ARGENTINO,JORNADA 4,15-23,202412250596,-,2,BODEGA 3,-,2024-12-25 18:37:00,2024-12-25 19:50:00,2024-12-25 19:55:00,00:05:00,01:13:00,-,250596,BYP721,TOSA E.I.R.L.,128879,51200,18500,32700,32.7,GH CHANCAY - 5029,2024-12-25 20:44:00,00:49:00,02:07:00,2024-12-25 21:45:00,51120,18410,32710,10,2024-12-25 22:00:00,01:01:00,00:15:00,03:23:00,0,0
269,AFRICAN ROADRUNNER,MAIZ AMARILLO ARGENTINO,JORNADA 4,15-23,202412250635,-,2,BODEGA 3,-,2024-12-25 19:06:00,2024-12-25 19:55:00,2024-12-25 20:00:00,00:05:00,00:49:00,-,250635,F6V876,VILMA ROJAS,128868,52240,18020,34220,34.22,CHANCAY - 5003,2024-12-25 21:13:00,01:13:00,02:07:00,2024-12-25 21:44:00,52170,17940,34230,10,2024-12-25 22:47:00,00:31:00,01:03:00,03:41:00,0,0
270,AFRICAN ROADRUNNER,MAIZ AMARILLO ARGENTINO,JORNADA 4,15-23,202412250643,-,2,BODEGA 3,-,2024-12-25 19:13:00,2024-12-25 20:05:00,2024-12-25 20:09:00,00:04:00,00:52:00,-,250643,AUL936,TOSA E.I.R.L.,128881,52540,17020,35520,35.52,CHANCAY - 5003,2024-12-25 21:27:00,01:18:00,02:14:00,2024-12-25 22:17:00,52470,16980,35490,-30,2024-12-25 23:37:00,00:50:00,01:20:00,04:24:00,0,0
271,AFRICAN ROADRUNNER,MAIZ AMARILLO ARGENTINO,JORNADA 4,15-23,202412250580,-,2,BODEGA 3,-,2024-12-25 18:23:00,2024-12-25 20:05:00,2024-12-25 20:10:00,00:05:00,01:42:00,-,250580,BYP790,TOSA E.I.R.L.,128875,53560,18320,35240,35.24,CHANCAY - 5003,2024-12-25 20:31:00,00:21:00,02:08:00,2024-12-25 21:29:00,53510,18270,35240,0,2024-12-25 22:27:00,00:58:00,00:58:00,04:04:00,0,0
272,AFRICAN ROADRUNNER,MAIZ AMARILLO ARGENTINO,JORNADA 4,15-23,202412250572,-,2,BODEGA 3,-,2024-12-25 18:10:00,2024-12-25 20:05:00,2024-12-25 20:10:00,00:05:00,01:55:00,-,250572,C2B789,TRANSJIBAJA S.A.C.,128872,47900,16520,31380,31.38,CHANCAY - 5003,2024-12-25 20:23:00,00:13:00,02:13:00,2024-12-25 20:52:00,47850,16450,31400,20,2024-12-25 21:29:00,00:29:00,00:37:00,03:19:00,0,0
273,AFRICAN ROADRUNNER,MAIZ AMARILLO ARGENTINO,JORNADA 4,15-23,202412250661,-,2,BODEGA 3,-,2024-12-25 19:46:00,2024-12-25 20:09:00,2024-12-25 20:16:00,00:07:00,00:23:00,-,250661,BMO703,VILMA ROJAS,128888,54900,18840,36060,36.06,GH CHANCAY - 5029,2024-12-25 21:56:00,01:40:00,02:10:00,2024-12-25 22:23:00,54800,18760,36040,-20,2024-12-25 23:07:00,00:27:00,00:44:00,03:21:00,0,0
274,AFRICAN ROADRUNNER,MAIZ AMARILLO ARGENTINO,JORNADA 4,15-23,202412250590,-,2,BODEGA 1,-,2024-12-25 18:30:00,2024-12-25 20:15:00,2024-12-25 20:20:00,00:05:00,01:45:00,-,2250590,BUY724,TOSA E.I.R.L.,128876,52900,18280,34620,34.62,CHANCAY - 5003,2024-12-25 20:33:00,00:13:00,02:03:00,2024-12-26 21:33:00,52850,18240,34610,-10,2024-12-26 22:37:00,"1 day, 1:00:00",01:04:00,"1 day, 4:07:00",0,0
275,AFRICAN ROADRUNNER,MAIZ AMARILLO ARGENTINO,JORNADA 4,15-23,202412250592,-,2,BODEGA 3,-,2024-12-25 18:32:00,2024-12-25 20:22:00,2024-12-25 20:29:00,00:07:00,01:50:00,-,250592,C9H901,TOSA E.I.R.L.,128878,52320,16300,36020,36.02,CHANCAY - 5003,2024-12-25 20:42:00,00:13:00,02:10:00,2024-12-25 21:59:00,52270,16230,36040,20,2024-12-25 23:10:00,01:17:00,01:11:00,04:38:00,0,0
276,AFRICAN ROADRUNNER,MAIZ AMARILLO ARGENTINO,JORNADA 4,15-23,202412250641,-,2,BODEGA 1,-,2024-12-25 19:15:00,2024-12-25 20:24:00,2024-12-25 20:30:00,00:06:00,01:09:00,-,250641,ANB766,VILMA ROJAS,128880,55220,18320,36900,36.9,GH CHANCAY - 5029,2024-12-25 21:21:00,00:51:00,02:06:00,2024-12-25 21:58:00,55100,18230,36870,-30,2024-12-25 22:12:00,00:37:00,00:14:00,02:57:00,0,0
277,AFRICAN ROADRUNNER,MAIZ AMARILLO ARGENTINO,JORNADA 4,15-23,202412250594,-,2,BODEGA 1,-,2024-12-25 18:34:00,2024-12-25 20:25:00,2024-12-25 20:30:00,00:05:00,01:51:00,-,250594,F1K772,TRANSJIBAJA S.A.C.,128861,52800,16960,35840,35.84,CHANCAY - 5003,2024-12-25 20:46:00,00:16:00,02:12:00,2024-12-25 21:16:00,52740,16900,35840,0,2024-12-25 22:20:00,00:30:00,01:04:00,03:46:00,0,0
278,AFRICAN ROADRUNNER,MAIZ AMARILLO ARGENTINO,JORNADA 4,15-23,202412250588,-,2,BODEGA 1,-,2024-12-25 18:29:00,2024-12-25 20:25:00,2024-12-25 20:30:00,00:05:00,01:56:00,-,250588,D8A721,TOSA E.I.R.L.,128877,49540,17280,32260,32.26,CHANCAY - 5003,2024-12-25 20:41:00,00:11:00,02:12:00,2024-12-25 21:51:00,49450,17180,32270,10,2024-12-25 22:57:00,01:10:00,01:06:00,04:28:00,0,0
279,AFRICAN ROADRUNNER,MAIZ AMARILLO ARGENTINO,JORNADA 4,15-23,202412250662,-,2,BODEGA 3,-,2024-12-25 19:47:00,2024-12-25 20:26:00,2024-12-25 20:30:00,00:04:00,00:39:00,-,2250662,D3Y881,TRANSJIBAJA S.A.C.,128889,49080,16360,32720,32.72,CHANCAY - 5003,2024-12-25 21:59:00,01:29:00,02:12:00,2024-12-25 22:27:00,49040,16300,32740,20,2024-12-25 23:55:00,00:28:00,01:28:00,04:08:00,0,0
280,AFRICAN ROADRUNNER,MAIZ AMARILLO ARGENTINO,JORNADA 4,15-23,202412250606,-,2,BODEGA 3,-,2024-12-25 18:43:00,2024-12-25 20:38:00,2024-12-25 20:45:00,00:07:00,01:55:00,-,250606,AJI820,TOSA E.I.R.L.,128863,54020,17620,36400,36.4,CHANCAY - 5003,2024-12-25 20:50:00,00:05:00,02:07:00,2024-12-25 21:47:00,53930,17560,36370,-30,2024-12-25 22:44:00,00:57:00,00:57:00,04:01:00,0,0
281,AFRICAN ROADRUNNER,MAIZ AMARILLO ARGENTINO,JORNADA 4,15-23,202412250605,-,2,BODEGA 3,-,2024-12-25 18:41:00,2024-12-25 20:40:00,2024-12-25 20:44:00,00:04:00,01:59:00,-,250605,AKV816,TOSA E.I.R.L.,128864,51560,17200,34360,34.36,GH CHANCAY - 5029,2024-12-25 20:52:00,00:08:00,02:11:00,2024-12-25 22:10:00,51450,17080,34370,10,2024-12-25 22:26:00,01:18:00,00:16:00,03:45:00,0,0
282,AFRICAN ROADRUNNER,MAIZ AMARILLO ARGENTINO,JORNADA 4,15-23,202412250607,-,2,BODEGA 1,-,2024-12-25 18:44:00,2024-12-25 20:45:00,2024-12-25 20:50:00,00:05:00,02:01:00,-,250607,D0Q776,TRANSJIBAJA S.A.C.,128865,49860,16440,33420,33.42,CHANCAY - 5003,2024-12-25 20:58:00,00:08:00,02:14:00,2024-12-25 22:02:00,49810,16390,33420,0,2024-12-25 23:07:00,01:04:00,01:05:00,04:23:00,0,0
283,AFRICAN ROADRUNNER,MAIZ AMARILLO ARGENTINO,JORNADA 4,15-23,202412250681,-,2,BODEGA 3,-,2024-12-25 20:02:00,2024-12-25 20:46:00,2024-12-25 20:50:00,00:04:00,00:44:00,-,250681,C7Y834,TRANSJIBAJA S.A.C.,128891,51320,17240,34080,34.08,CHANCAY - 5003,2024-12-25 22:12:00,01:22:00,02:10:00,2024-12-25 22:38:00,51250,17140,34110,30,2024-12-26 00:26:00,00:26:00,01:48:00,04:24:00,0,0
284,AFRICAN ROADRUNNER,MAIZ AMARILLO ARGENTINO,JORNADA 4,15-23,202412250637,-,2,BODEGA 1,-,2024-12-25 19:01:00,2024-12-25 20:50:00,2024-12-25 20:55:00,00:05:00,01:49:00,-,250637,AJP762,VILMA ROJAS,128867,51260,17980,33280,33.28,CHANCAY - 5003,2024-12-25 21:12:00,00:17:00,02:11:00,2024-12-25 21:41:00,51210,17940,33270,-10,2024-12-25 22:41:00,00:29:00,01:00:00,03:40:00,0,0
285,AFRICAN ROADRUNNER,MAIZ AMARILLO ARGENTINO,JORNADA 4,15-23,202412250609,-,2,BODEGA 1,-,2024-12-25 18:51:00,2024-12-25 20:50:00,2024-12-25 20:55:00,00:05:00,01:59:00,-,250609,AZS811,TOSA E.I.R.L.,128866,49560,17400,32160,32.16,GH CHANCAY - 5029,2024-12-25 21:01:00,00:06:00,02:10:00,2024-12-25 22:20:00,49430,17320,32110,-50,2024-12-25 23:02:00,01:19:00,00:42:00,04:11:00,0,0
286,AFRICAN ROADRUNNER,MAIZ AMARILLO ARGENTINO,JORNADA 4,15-23,202412250646,-,2,BODEGA 3,-,2024-12-25 19:19:00,2024-12-25 20:52:00,2024-12-25 20:56:00,00:04:00,01:33:00,-,250646,AZR943,TOSA E.I.R.L.,128884,53340,17740,35600,35.6,GH CHANCAY - 5029,2024-12-25 21:33:00,00:37:00,02:14:00,2024-12-25 22:16:00,53200,17640,35560,-40,2024-12-25 22:33:00,00:43:00,00:17:00,03:14:00,0,0
287,AFRICAN ROADRUNNER,MAIZ AMARILLO ARGENTINO,JORNADA 4,15-23,202412250638,-,2,BODEGA 3,-,2024-12-25 19:07:00,2024-12-25 20:55:00,2024-12-25 21:00:00,00:05:00,01:48:00,-,250638,BYP751,TOSA E.I.R.L.,128869,51160,18340,32820,32.82,CHANCAY - 5003,2024-12-25 21:17:00,00:17:00,02:10:00,2024-12-25 22:13:00,51110,18290,32820,0,2024-12-25 23:33:00,00:56:00,01:20:00,04:26:00,0,0
288,AFRICAN ROADRUNNER,MAIZ AMARILLO ARGENTINO,JORNADA 4,15-23,202412250642,-,2,BODEGA 3,-,2024-12-25 19:12:00,2024-12-25 21:05:00,2024-12-25 21:10:00,00:05:00,01:53:00,-,250642,AJE884,VILMA ROJAS,128882,52720,18840,33880,33.88,GH CHANCAY - 5029,2024-12-25 21:27:00,00:17:00,02:15:00,2024-12-25 21:55:00,52570,18700,33870,-10,2024-12-25 22:05:00,00:28:00,00:10:00,02:53:00,0,0
289,AFRICAN ROADRUNNER,MAIZ AMARILLO ARGENTINO,JORNADA 4,15-23,202412250644,-,2,BODEGA 3,-,2024-12-25 19:15:00,2024-12-25 21:20:00,2024-12-25 21:25:00,00:05:00,02:05:00,-,250644,ADZ884,TRANSJIBAJA S.A.C.,128883,52120,16040,36080,36.08,CHANCAY - 5003,2024-12-25 21:31:00,00:06:00,02:16:00,2024-12-25 22:06:00,52030,15970,36060,-20,2024-12-25 23:17:00,00:35:00,01:11:00,04:02:00,0,0
290,AFRICAN ROADRUNNER,MAIZ AMARILLO ARGENTINO,JORNADA 4,15-23,202412250649,-,2,BODEGA 3,-,2024-12-25 19:28:00,2024-12-25 21:21:00,2024-12-25 21:25:00,00:04:00,01:53:00,-,250649,ABY907,TOSA E.I.R.L.,128886,51620,16840,34780,34.78,GH CHANCAY - 5029,2024-12-25 21:45:00,00:20:00,02:17:00,2024-12-25 22:30:00,51530,16760,34770,-10,2024-12-25 23:33:00,00:45:00,01:03:00,04:05:00,0,0
291,AFRICAN ROADRUNNER,MAIZ AMARILLO ARGENTINO,JORNADA 4,15-23,202412250665,-,2,BODEGA 3,-,2024-12-25 19:53:00,2024-12-25 21:22:00,2024-12-25 21:28:00,00:06:00,01:29:00,-,250665,BDD755,VILMA ROJAS,128890,55900,17880,38020,38.02,CHANCAY - 5003,2024-12-25 21:59:00,00:31:00,02:06:00,2024-12-25 22:24:00,55830,17820,38010,-10,2024-12-25 23:52:00,00:25:00,01:28:00,03:59:00,0,0
292,AFRICAN ROADRUNNER,MAIZ AMARILLO ARGENTINO,JORNADA 4,15-23,202412250652,-,2,BODEGA 1,-,2024-12-25 19:28:00,2024-12-25 21:35:00,2024-12-25 21:39:00,00:04:00,02:07:00,-,250652,AJD804,VILMA ROJAS,128887,48080,18380,29700,29.7,CHANCAY - 5003,2024-12-25 21:45:00,00:06:00,02:17:00,2024-12-25 22:21:00,48000,18310,29690,-10,2024-12-25 23:49:00,00:36:00,01:28:00,04:21:00,0,0
293,AFRICAN ROADRUNNER,MAIZ AMARILLO ARGENTINO,JORNADA 4,15-23,202412250723,-,2,BODEGA 1,-,2024-12-25 21:27:00,2024-12-25 21:45:00,2024-12-25 21:49:00,00:04:00,00:18:00,-,250723,AWS791,TOSA E.I.R.L.,128907,50280,17740,32540,32.54,CHANCAY - 5003,2024-12-26 00:40:00,02:51:00,03:13:00,2024-12-26 01:17:00,50220,17680,32540,0,2024-12-26 01:35:00,00:37:00,00:18:00,04:08:00,0,0
294,AFRICAN ROADRUNNER,MAIZ AMARILLO ARGENTINO,JORNADA 4,15-23,202412250719,-,2,BODEGA 3,-,2024-12-25 21:24:00,2024-12-25 21:50:00,2024-12-25 21:55:00,00:05:00,00:26:00,-,250719,APN941,TRANSJIBAJA S.A.C.,128906,51760,16880,34880,34.88,GH CHANCAY - 5029,2024-12-26 00:39:00,02:44:00,03:15:00,2024-12-26 01:16:00,51660,16800,34860,-20,2024-12-26 01:39:00,00:37:00,00:23:00,04:15:00,0,0
295,AFRICAN ROADRUNNER,MAIZ AMARILLO ARGENTINO,JORNADA 4,15-23,202412250687,-,2,BODEGA 3,-,2024-12-25 20:06:00,2024-12-25 21:54:00,2024-12-25 22:03:00,00:09:00,01:48:00,-,250687,D7H920,TRANSJIBAJA S.A.C.,128894,51580,17120,34460,34.46,CHANCAY - 5003,2024-12-25 22:16:00,00:13:00,02:10:00,2024-12-25 22:41:00,51510,17040,34470,10,2024-12-26 00:29:00,00:25:00,01:48:00,04:23:00,0,0
296,AFRICAN ROADRUNNER,MAIZ AMARILLO ARGENTINO,JORNADA 4,15-23,202412250685,-,2,BODEGA 1,-,2024-12-25 20:06:00,2024-12-25 21:55:00,2024-12-25 22:00:00,00:05:00,01:49:00,-,250685,ASA876,TOSA E.I.R.L.,128893,52360,17280,35080,35.08,CHANCAY - 5003,2024-12-25 22:16:00,00:16:00,02:10:00,2024-12-25 22:45:00,52300,17220,35080,0,2024-12-26 00:41:00,00:29:00,01:56:00,04:35:00,0,0
297,AFRICAN ROADRUNNER,MAIZ AMARILLO ARGENTINO,JORNADA 4,15-23,202412250672,-,2,BODEGA 1,-,2024-12-25 20:00:00,2024-12-25 21:58:00,2024-12-25 22:03:00,00:05:00,01:58:00,-,250672,BMN703,VILMA ROJAS,128892,53420,19060,34360,34.36,CHANCAY - 5003,2024-12-25 22:12:00,00:09:00,02:12:00,2024-12-25 22:31:00,53340,18970,34370,10,2024-12-26 00:15:00,00:19:00,01:44:00,04:15:00,0,0
298,AFRICAN ROADRUNNER,MAIZ AMARILLO ARGENTINO,JORNADA 4,15-23,202412250727,-,2,BODEGA 1,-,2024-12-25 21:30:00,2024-12-25 22:08:00,2024-12-25 22:12:00,00:04:00,00:38:00,-,250727,ATA883,TOSA E.I.R.L.,128908,50040,16820,33220,33.22,CHANCAY - 5003,2024-12-26 00:46:00,02:34:00,03:16:00,2024-12-26 01:19:00,49980,16760,33220,0,2024-12-26 01:39:00,00:33:00,00:20:00,04:09:00,0,0
299,AFRICAN ROADRUNNER,MAIZ AMARILLO ARGENTINO,JORNADA 4,15-23,202412250729,-,2,BODEGA 1,-,2024-12-25 21:34:00,2024-12-25 22:10:00,2024-12-25 22:15:00,00:05:00,00:36:00,-,250729,D6H785,TRANSJIBAJA S.A.C.,128897,51080,16080,35000,35,CHANCAY - 5003,2024-12-26 00:00:00,01:45:00,02:26:00,2024-12-26 00:39:00,51030,16010,35020,20,2024-12-26 01:12:00,00:39:00,00:33:00,03:38:00,0,0
300,AFRICAN ROADRUNNER,MAIZ AMARILLO ARGENTINO,JORNADA 4,15-23,202412250710,-,2,BODEGA 3,-,2024-12-25 21:06:00,2024-12-25 22:12:00,2024-12-25 22:17:00,00:05:00,01:06:00,-,250710,BDE743,VILMA ROJAS,128905,52040,17980,34060,34.06,CHANCAY - 5003,2024-12-26 00:33:00,02:16:00,03:27:00,2024-12-26 01:00:00,51970,17900,34070,10,2024-12-26 01:32:00,00:27:00,00:32:00,04:26:00,0,0
301,AFRICAN ROADRUNNER,MAIZ AMARILLO ARGENTINO,JORNADA 4,15-23,202412250708,-,2,BODEGA 3,-,2024-12-25 21:01:00,2024-12-25 22:15:00,2024-12-25 22:20:00,00:05:00,01:14:00,-,250708,AJP818,VILMA ROJAS,128902,50740,18720,32020,32.02,CHANCAY - 5003,2024-12-26 00:24:00,02:04:00,03:23:00,2024-12-26 00:46:00,50690,18660,32030,10,2024-12-26 01:09:00,00:22:00,00:23:00,04:08:00,0,0
302,AFRICAN ROADRUNNER,MAIZ AMARILLO ARGENTINO,JORNADA 4,15-23,202412250728,-,2,BODEGA 3,-,2024-12-25 21:33:00,2024-12-25 22:18:00,2024-12-25 22:23:00,00:05:00,00:45:00,-,250728,D7P795,TRANSJIBAJA S.A.C.,128909,50280,17540,32740,32.74,GH CHANCAY - 5029,2024-12-26 00:54:00,02:31:00,03:21:00,2024-12-26 01:33:00,50170,17460,32710,-30,2024-12-26 02:02:00,00:39:00,00:29:00,04:29:00,0,0
303,AFRICAN ROADRUNNER,MAIZ AMARILLO ARGENTINO,JORNADA 4,15-23,202412250742,-,2,BODEGA 1,-,2024-12-25 21:45:00,2024-12-25 22:36:00,2024-12-25 22:41:00,00:05:00,00:51:00,-,250742,BDD892,VILMA ROJAS,128912,55240,17680,37560,37.56,CHANCAY - 5003,2024-12-26 01:04:00,02:23:00,03:19:00,2024-12-26 01:23:00,55170,17600,37570,10,2024-12-26 01:47:00,00:19:00,00:24:00,04:02:00,0,0
304,AFRICAN ROADRUNNER,MAIZ AMARILLO ARGENTINO,JORNADA 5,2025-07-23 00:00:00,202412250757,-,2,BODEGA 3,-,2024-12-25 22:30:00,2024-12-25 23:07:00,2024-12-25 23:16:00,00:09:00,00:37:00,-,250757,F1K772,TRANSJIBAJA S.A.C.,128918,54700,16960,37740,37.74,GH CHANCAY - 5029,2024-12-26 01:40:00,02:24:00,03:10:00,2024-12-26 02:13:00,54580,16880,37700,-40,2024-12-26 02:29:00,00:33:00,00:16:00,03:59:00,0,0
305,AFRICAN ROADRUNNER,MAIZ AMARILLO ARGENTINO,JORNADA 5,2025-07-23 00:00:00,202412250734,-,2,BODEGA 3,-,2024-12-25 21:42:00,2024-12-25 23:17:00,2024-12-25 23:21:00,00:04:00,01:35:00,-,250734,C2B789,TRANSJIBAJA S.A.C.,128910,52560,16500,36060,36.06,CHANCAY - 5003,2024-12-26 00:59:00,01:38:00,03:17:00,2024-12-26 01:21:00,52490,16440,36050,-10,2024-12-26 01:44:00,00:22:00,00:23:00,04:02:00,0,0
306,AFRICAN ROADRUNNER,MAIZ AMARILLO ARGENTINO,JORNADA 5,2025-07-23 00:00:00,202412250688,-,2,BODEGA 1,-,2024-12-25 20:07:00,2024-12-25 23:20:00,2024-12-25 23:25:00,00:05:00,03:13:00,-,250688,BMO774,VILMA ROJAS,128895,56240,18860,37380,37.38,CHANCAY - 5003,2024-12-25 23:53:00,00:28:00,03:46:00,2024-12-26 00:34:00,56180,18800,37380,0,2024-12-26 01:03:00,00:41:00,00:29:00,04:56:00,0,0
307,AFRICAN ROADRUNNER,MAIZ AMARILLO ARGENTINO,JORNADA 5,2025-07-23 00:00:00,202412250695,-,2,BODEGA 3,-,2024-12-25 20:15:00,2024-12-25 23:25:00,2024-12-25 23:30:00,00:05:00,03:10:00,-,250695,D1J772,TRANSJIBAJA S.A.C.,128898,52300,17040,35260,35.26,CHANCAY - 5003,2024-12-26 00:05:00,00:35:00,03:50:00,2024-12-26 00:50:00,52250,16980,35270,10,2024-12-26 01:28:00,00:45:00,00:38:00,05:13:00,0,0
308,AFRICAN ROADRUNNER,MAIZ AMARILLO ARGENTINO,JORNADA 5,2025-07-23 00:00:00,202412250686,-,2,BODEGA 1,-,2024-12-25 20:01:00,2024-12-25 23:30:00,2024-12-25 23:34:00,00:04:00,03:29:00,-,250686,AJG777,VILMA ROJAS,128896,50180,18040,32140,32.14,CHANCAY - 5003,2024-12-25 23:59:00,00:25:00,03:58:00,2024-12-26 00:36:00,50140,17990,32150,10,2024-12-26 01:06:00,00:37:00,00:30:00,05:05:00,0,0
309,AFRICAN ROADRUNNER,MAIZ AMARILLO ARGENTINO,JORNADA 5,2025-07-23 00:00:00,202412250693,-,2,BODEGA 3,-,2024-12-25 20:13:00,2024-12-25 23:35:00,2024-12-25 23:40:00,00:05:00,03:22:00,-,250693,AWS916,TOSA E.I.R.L.,128899,49080,17680,31400,31.4,GH CHANCAY - 5029,2024-12-26 00:06:00,00:26:00,03:53:00,2024-12-26 00:44:00,48970,17600,31370,-30,2024-12-26 01:00:00,00:38:00,00:16:00,04:47:00,0,0
310,AFRICAN ROADRUNNER,MAIZ AMARILLO ARGENTINO,JORNADA 5,2025-07-23 00:00:00,202412250717,-,2,BODEGA 1,-,2024-12-25 21:22:00,2024-12-25 23:45:00,2024-12-25 23:50:00,00:05:00,02:23:00,-,250717,T9T864,TRANSJIBAJA S.A.C.,128903,50840,17400,33440,33.44,GH CHANCAY - 5029,2024-12-26 00:27:00,00:37:00,03:05:00,2024-12-26 00:55:00,50710,17300,33410,-30,2024-12-26 01:11:00,00:28:00,00:16:00,03:49:00,0,0
311,AFRICAN ROADRUNNER,MAIZ AMARILLO ARGENTINO,JORNADA 5,2025-07-23 00:00:00,202412250701,-,2,BODEGA 3,-,2024-12-25 20:47:00,2024-12-25 23:45:00,2024-12-25 23:50:00,00:05:00,02:58:00,-,250701,D7X754,TOSA E.I.R.L.,128900,48420,17220,31200,31.2,GH CHANCAY - 5029,2024-12-26 00:09:00,00:19:00,03:22:00,2024-12-26 00:50:00,48320,17140,31180,-20,2024-12-26 01:08:00,00:41:00,00:18:00,04:21:00,0,0
312,AFRICAN ROADRUNNER,MAIZ AMARILLO ARGENTINO,JORNADA 5,2025-07-23 00:00:00,202412250700,-,2,BODEGA 1,-,2024-12-25 20:53:00,2024-12-25 23:50:00,2024-12-25 23:55:00,00:05:00,02:57:00,-,250700,ABP703,TRANSJIBAJA S.A.C.,128901,50780,16800,33980,33.98,GH CHANCAY - 5029,2024-12-26 00:23:00,00:28:00,03:30:00,2024-12-26 00:47:00,50650,16710,33940,-40,2024-12-26 01:04:00,00:24:00,00:17:00,04:11:00,0,0
313,AFRICAN ROADRUNNER,MAIZ AMARILLO ARGENTINO,JORNADA 5,2025-07-23 00:00:00,202412250739,-,2,BODEGA 1,-,2024-12-25 21:44:00,2024-12-25 23:52:00,2024-12-25 23:57:00,00:05:00,02:08:00,-,250739,APP823,TRANSJIBAJA S.A.C.,128911,50820,17500,33320,33.32,CHANCAY - 5003,2024-12-26 01:02:00,01:05:00,03:18:00,2024-12-26 01:26:00,50760,17410,33350,30,2024-12-26 01:50:00,00:24:00,00:24:00,04:06:00,0,0
314,AFRICAN ROADRUNNER,MAIZ AMARILLO ARGENTINO,JORNADA 5,2025-07-23 00:00:00,202412250709,-,2,BODEGA 3,-,2024-12-25 21:12:00,2024-12-25 23:55:00,2024-12-26 00:00:00,00:05:00,02:43:00,-,250709,F4E751,TRANSJIBAJA S.A.C.,128904,52660,16860,35800,35.8,GH CHANCAY - 5029,2024-12-26 00:28:00,00:28:00,03:16:00,2024-12-26 00:58:00,52550,16780,35770,-30,2024-12-26 01:27:00,00:30:00,00:29:00,04:15:00,0,0
315,AFRICAN ROADRUNNER,MAIZ AMARILLO ARGENTINO,JORNADA 5,2025-07-23 00:00:00,202412250772,-,2,BODEGA 3,-,2024-12-25 22:54:00,2024-12-26 00:12:00,2024-12-26 00:17:00,00:05:00,01:18:00,-,250772,AJP762,VILMA ROJAS,128921,54560,17980,36580,36.58,CHANCAY - 5003,2024-12-26 01:57:00,01:40:00,03:03:00,2024-12-26 02:34:00,54490,17920,36570,-10,2024-12-26 03:09:00,00:37:00,00:35:00,04:15:00,0,0
316,AFRICAN ROADRUNNER,MAIZ AMARILLO ARGENTINO,JORNADA 5,2025-07-23 00:00:00,202412250746,-,2,BODEGA 3,-,2024-12-25 21:48:00,2024-12-26 00:18:00,2024-12-26 00:24:00,00:06:00,02:30:00,-,250746,ASZ864,TRANSJIBAJA S.A.C.,128913,50400,17100,33300,33.3,GH CHANCAY - 5029,2024-12-26 01:14:00,00:50:00,03:26:00,2024-12-26 01:36:00,50300,17010,33290,-10,2024-12-26 02:09:00,00:22:00,00:33:00,04:21:00,0,0
317,AFRICAN ROADRUNNER,MAIZ AMARILLO ARGENTINO,JORNADA 5,2025-07-23 00:00:00,202412250765,-,2,BODEGA 3,-,2024-12-25 22:46:00,2024-12-26 00:26:00,2024-12-26 00:31:00,00:05:00,01:40:00,-,250765,ABV921,TOSA E.I.R.L.,128919,49640,16800,32840,32.84,GH CHANCAY - 5029,2024-12-26 01:41:00,01:10:00,02:55:00,2024-12-26 02:24:00,49550,16720,32830,-10,2024-12-26 03:20:00,00:43:00,00:56:00,04:34:00,0,0
318,AFRICAN ROADRUNNER,MAIZ AMARILLO ARGENTINO,JORNADA 5,2025-07-23 00:00:00,202412250747,-,2,BODEGA 3,-,2024-12-25 21:49:00,2024-12-26 00:27:00,2024-12-26 00:32:00,00:05:00,02:38:00,-,250747,ATA937,TOSA E.I.R.L.,128914,51680,17080,34600,34.6,GH CHANCAY - 5029,2024-12-26 01:17:00,00:45:00,03:28:00,2024-12-26 02:17:00,51490,17010,34480,-120,2024-12-26 02:55:00,01:00:00,00:38:00,05:06:00,0,0
319,AFRICAN ROADRUNNER,MAIZ AMARILLO ARGENTINO,JORNADA 5,2025-07-23 00:00:00,202412250750,-,2,BODEGA 1,-,2024-12-25 22:07:00,2024-12-26 00:35:00,2024-12-26 00:40:00,00:05:00,02:28:00,-,250750,D7W933,TOSA E.I.R.L.,128915,52680,17440,35240,35.24,CHANCAY - 5003,2024-12-26 01:30:00,00:50:00,03:23:00,2024-12-26 01:57:00,52630,17360,35270,30,2024-12-26 02:18:00,00:27:00,00:21:00,04:11:00,0,0
320,AFRICAN ROADRUNNER,MAIZ AMARILLO ARGENTINO,JORNADA 5,2025-07-23 00:00:00,202412250766,-,2,BODEGA 1,-,2024-12-25 22:47:00,2024-12-26 00:36:00,2024-12-26 00:41:00,00:05:00,01:49:00,-,250766,AZR943,TOSA E.I.R.L.,128920,53200,17740,35460,35.46,CHANCAY - 5003,2024-12-26 01:44:00,01:03:00,02:57:00,2024-12-26 02:15:00,53140,17650,35490,30,2024-12-26 02:41:00,00:31:00,00:26:00,03:54:00,0,0
321,AFRICAN ROADRUNNER,MAIZ AMARILLO ARGENTINO,JORNADA 5,2025-07-23 00:00:00,202412250760,-,2,BODEGA 1,-,2024-12-25 22:37:00,2024-12-26 00:45:00,2024-12-26 00:50:00,00:05:00,02:08:00,-,250760,AFX858,TOSA E.I.R.L.,128916,53180,16920,36260,36.26,CHANCAY - 5003,2024-12-26 01:32:00,00:42:00,02:55:00,2024-12-26 02:03:00,53150,16860,36290,30,2024-12-26 02:21:00,00:31:00,00:18:00,03:44:00,0,0
322,AFRICAN ROADRUNNER,MAIZ AMARILLO ARGENTINO,JORNADA 5,2025-07-23 00:00:00,202412250771,-,2,BODEGA 1,-,2024-12-25 22:54:00,2024-12-26 00:51:00,2024-12-26 00:55:00,00:04:00,01:57:00,-,250771,AJI820,TOSA E.I.R.L.,128922,53140,17620,35520,35.52,CHANCAY - 5003,2024-12-26 01:57:00,01:02:00,03:03:00,2024-12-26 02:25:00,53080,17550,35530,10,2024-12-26 02:46:00,00:28:00,00:21:00,03:52:00,0,0
323,AFRICAN ROADRUNNER,MAIZ AMARILLO ARGENTINO,JORNADA 5,2025-07-23 00:00:00,202412250753,-,2,BODEGA 3,-,2024-12-25 22:16:00,2024-12-26 00:52:00,2024-12-26 00:58:00,00:06:00,02:36:00,-,250753,BYP721,TOSA E.I.R.L.,128917,49620,18480,31140,31.14,GH CHANCAY - 5029,2024-12-26 01:34:00,00:36:00,03:18:00,2024-12-26 02:20:00,49510,18410,31100,-40,2024-12-26 03:06:00,00:46:00,00:46:00,04:50:00,0,0
324,AFRICAN ROADRUNNER,MAIZ AMARILLO ARGENTINO,JORNADA 5,2025-07-23 00:00:00,202412250776,-,2,BODEGA 1,-,2024-12-25 22:48:00,2024-12-26 01:01:00,2024-12-26 01:05:00,00:04:00,02:13:00,-,250776,BUY724,TOSA E.I.R.L.,128923,52420,18280,34140,34.14,CHANCAY - 5003,2024-12-26 02:01:00,00:56:00,03:13:00,2024-12-26 02:31:00,52370,18220,34150,10,2024-12-26 03:06:00,00:30:00,00:35:00,04:18:00,0,0
325,AFRICAN ROADRUNNER,MAIZ AMARILLO ARGENTINO,JORNADA 5,2025-07-23 00:00:00,202412250784,-,2,BODEGA 1,-,2024-12-25 23:17:00,2024-12-26 01:10:00,2024-12-26 01:15:00,00:05:00,01:53:00,-,250784,AUL898,TOSA E.I.R.L.,128924,50140,17040,33100,33.1,GH CHANCAY - 5029,2024-12-26 02:15:00,01:00:00,02:58:00,2024-12-26 02:44:00,50020,16960,33060,-40,2024-12-26 03:26:00,00:29:00,00:42:00,04:09:00,0,0
326,AFRICAN ROADRUNNER,MAIZ AMARILLO ARGENTINO,JORNADA 5,2025-07-23 00:00:00,202412250792,-,2,BODEGA 3,-,2024-12-25 23:24:00,2024-12-26 01:15:00,2024-12-26 01:20:00,00:05:00,01:51:00,-,250792,BMO703,VILMA ROJAS,128927,56060,18840,37220,37.22,CHANCAY - 5003,2024-12-26 02:28:00,01:08:00,03:04:00,2024-12-26 03:11:00,56030,18780,37250,30,2024-12-26 03:42:00,00:43:00,00:31:00,04:18:00,0,0
327,AFRICAN ROADRUNNER,MAIZ AMARILLO ARGENTINO,JORNADA 5,2025-07-23 00:00:00,202412250779,-,2,BODEGA 3,-,2024-12-25 23:05:00,2024-12-26 01:15:00,2024-12-26 01:20:00,00:05:00,02:10:00,-,250779,BYP790,TOSA E.I.R.L.,128925,51900,18320,33580,33.58,CHANCAY - 5003,2024-12-26 02:18:00,00:58:00,03:13:00,2024-12-26 02:56:00,51850,18260,33590,10,2024-12-26 03:39:00,00:38:00,00:43:00,04:34:00,0,0
328,AFRICAN ROADRUNNER,MAIZ AMARILLO ARGENTINO,JORNADA 5,2025-07-23 00:00:00,202412250797,-,2,BODEGA 3,-,2024-12-25 23:29:00,2024-12-26 01:20:00,2024-12-26 01:25:00,00:05:00,01:51:00,-,250797,ADZ884,TRANSJIBAJA S.A.C.,128928,52160,16040,36120,36.12,CHANCAY - 5003,2024-12-26 02:35:00,01:10:00,03:06:00,2024-12-26 03:04:00,52120,15970,36150,30,2024-12-26 03:45:00,00:29:00,00:41:00,04:16:00,0,0
329,AFRICAN ROADRUNNER,MAIZ AMARILLO ARGENTINO,JORNADA 5,2025-07-23 00:00:00,202412250787,-,2,BODEGA 3,-,2024-12-25 23:19:00,2024-12-26 01:25:00,2024-12-26 01:30:00,00:05:00,02:06:00,-,250787,AZS811,TOSA E.I.R.L.,128926,53060,17400,35660,35.66,CHANCAY - 5003,2024-12-26 02:18:00,00:48:00,02:59:00,2024-12-26 02:53:00,53010,17330,35680,20,2024-12-26 03:35:00,00:35:00,00:42:00,04:16:00,0,0
330,AFRICAN ROADRUNNER,MAIZ AMARILLO ARGENTINO,JORNADA 5,2025-07-23 00:00:00,202412250805,-,2,BODEGA 1,-,2024-12-25 23:49:00,2024-12-26 01:30:00,2024-12-26 01:36:00,00:06:00,01:41:00,-,250805,AUL936,TOSA E.I.R.L.,128931,52360,17020,35340,35.34,CHANCAY - 5003,2024-12-26 02:54:00,01:18:00,03:05:00,2024-12-26 03:52:00,52300,16980,35320,-20,2024-12-26 04:06:00,00:58:00,00:14:00,04:17:00,0,0
331,AFRICAN ROADRUNNER,MAIZ AMARILLO ARGENTINO,JORNADA 5,2025-07-23 00:00:00,202412260146,-,2,BODEGA 3,-,2024-12-26 01:26:00,2024-12-26 01:32:00,2024-12-26 01:42:00,00:10:00,00:06:00,-,2260146,T9T864,TRANSJIBAJA S.A.C.,128953,50360,17400,32960,32.96,CHANCAY - 5003,2024-12-26 09:17:00,07:35:00,07:51:00,2024-12-26 09:55:00,50290,17300,32990,30,2024-12-26 10:33:00,00:38:00,00:38:00,09:07:00,0,0
332,AFRICAN ROADRUNNER,MAIZ AMARILLO ARGENTINO,JORNADA 5,2025-07-23 00:00:00,202412250798,-,2,BODEGA 1,-,2024-12-25 23:31:00,2024-12-26 01:58:00,2024-12-26 02:03:00,00:05:00,02:27:00,-,250798,F6V876,VILMA ROJAS,128929,51640,18020,33620,33.62,CHANCAY - 5003,2024-12-26 02:40:00,00:37:00,03:09:00,2024-12-26 03:29:00,51580,17930,33650,30,2024-12-26 03:48:00,00:49:00,00:19:00,04:17:00,0,0
333,AFRICAN ROADRUNNER,MAIZ AMARILLO ARGENTINO,JORNADA 5,2025-07-23 00:00:00,202412260212,-,2,BODEGA 1,-,2024-12-26 01:53:00,2024-12-26 02:00:00,2024-12-26 02:10:00,00:10:00,00:07:00,-,2260212,ATA883,TOSA E.I.R.L.,128952,46960,16820,30140,30.14,GH CHANCAY - 5029,2024-12-26 09:12:00,07:02:00,07:19:00,2024-12-26 10:09:00,46860,16740,30120,-20,2024-12-26 10:28:00,00:57:00,00:19:00,08:35:00,0,0
334,AFRICAN ROADRUNNER,MAIZ AMARILLO ARGENTINO,JORNADA 5,2025-07-23 00:00:00,202412260156,-,2,BODEGA 1,-,2024-12-26 01:57:00,2024-12-26 02:05:00,2024-12-26 02:12:00,00:07:00,00:08:00,-,2260156,BDD892,VILMA ROJAS,128954,52380,17660,34720,34.72,CHANCAY - 5003,2024-12-26 09:22:00,07:10:00,07:25:00,2024-12-26 10:07:00,52290,17580,34710,-10,2024-12-26 10:45:00,00:45:00,00:38:00,08:48:00,0,0
335,AFRICAN ROADRUNNER,MAIZ AMARILLO ARGENTINO,JORNADA 5,2025-07-23 00:00:00,202412250804,-,2,BODEGA 1,-,2024-12-25 23:45:00,2024-12-26 02:10:00,2024-12-26 02:15:00,00:05:00,02:25:00,-,250804,BYP751,TOSA E.I.R.L.,128930,55980,18340,37640,37.64,CHANCAY - 5003,2024-12-26 02:50:00,00:35:00,03:05:00,2024-12-26 03:32:00,55930,18320,37610,-30,2024-12-26 03:55:00,00:42:00,00:23:00,04:10:00,0,0
336,AFRICAN ROADRUNNER,MAIZ AMARILLO ARGENTINO,JORNADA 5,2025-07-23 00:00:00,202412250791,-,2,BODEGA 1,-,2024-12-25 23:22:00,2024-12-26 02:25:00,2024-12-26 02:30:00,00:05:00,03:03:00,-,250791,D0Q776,TRANSJIBAJA S.A.C.,128932,47000,16440,30560,30.56,GH CHANCAY - 5029,2024-12-26 03:41:00,01:11:00,04:19:00,2024-12-26 04:16:00,46920,16360,30560,0,2024-12-26 04:28:00,00:35:00,00:12:00,05:06:00,0,0
337,AFRICAN ROADRUNNER,MAIZ AMARILLO ARGENTINO,JORNADA 5,2025-07-23 00:00:00,202412260214,-,2,BODEGA 3,-,2024-12-26 02:28:00,2024-12-26 02:40:00,2024-12-26 02:48:00,00:08:00,00:12:00,-,2260214,D7P795,TRANSJIBAJA S.A.C.,128961,51940,17540,34400,34.4,GH CHANCAY - 5029,2024-12-26 09:57:00,07:09:00,07:29:00,2024-12-26 10:24:00,51820,17450,34370,-30,2024-12-26 11:22:00,00:27:00,00:58:00,08:54:00,0,0
338,AFRICAN ROADRUNNER,MAIZ AMARILLO ARGENTINO,JORNADA 5,2025-07-23 00:00:00,202412260231,-,2,BODEGA 3,-,2024-12-26 02:35:00,2024-12-26 02:50:00,2024-12-26 02:58:00,00:08:00,00:15:00,-,2260231,AFX858,TOSA E.I.R.L.,128955,48160,16920,31240,31.24,CHANCAY - 5003,2024-12-26 09:27:00,06:29:00,06:52:00,2024-12-26 10:18:00,48080,16840,31240,0,2024-12-26 10:50:00,00:51:00,00:32:00,08:15:00,0,0
339,AFRICAN ROADRUNNER,MAIZ AMARILLO ARGENTINO,JORNADA 5,2025-07-23 00:00:00,202412260192,-,2,BODEGA 1,-,2024-12-26 04:01:00,2024-12-26 04:15:00,2024-12-26 04:25:00,00:10:00,00:14:00,-,2260192,ABY907,TOSA E.I.R.L.,128956,50880,16840,34040,34.04,CHANCAY - 5003,2024-12-26 09:38:00,05:13:00,05:37:00,2024-12-26 10:23:00,50800,16770,34030,-10,2024-12-26 10:54:00,00:45:00,00:31:00,06:53:00,0,0
340,AFRICAN ROADRUNNER,MAIZ AMARILLO ARGENTINO,JORNADA 5,2025-07-23 00:00:00,202412260016,-,2,BODEGA 3,-,2024-12-26 04:18:00,2024-12-26 04:25:00,2024-12-26 04:30:00,00:05:00,00:07:00,-,260016,BDD755,VILMA ROJAS,128933,56460,17880,38580,38.58,CHANCAY - 5003,2024-12-26 04:49:00,00:19:00,00:31:00,2024-12-26 05:38:00,56400,17810,38590,10,2024-12-26 06:04:00,00:49:00,00:26:00,01:46:00,0,0
341,AFRICAN ROADRUNNER,MAIZ AMARILLO ARGENTINO,JORNADA 5,2025-07-23 00:00:00,202412260024,-,2,BODEGA 1,-,2024-12-26 04:55:00,2024-12-26 05:05:00,2024-12-26 05:10:00,00:05:00,00:10:00,-,260024,ANB766,VILMA ROJAS,128934,55660,18320,37340,37.34,CHANCAY - 5003,2024-12-26 05:40:00,00:30:00,00:45:00,2024-12-26 06:15:00,55610,18250,37360,20,2024-12-26 06:39:00,00:35:00,00:24:00,01:44:00,0,0
342,AFRICAN ROADRUNNER,MAIZ AMARILLO ARGENTINO,JORNADA 5,2025-07-23 00:00:00,202412260071,-,2,BODEGA 3,-,2024-12-26 01:12:00,2024-12-26 05:15:00,2024-12-26 05:20:00,00:05:00,04:03:00,-,260071,BMO774,VILMA ROJAS,128937,55660,18860,36800,36.8,CHANCAY - 5003,2024-12-26 06:03:00,00:43:00,04:51:00,2024-12-26 06:24:00,55600,18800,36800,0,2024-12-26 06:42:00,00:21:00,00:18:00,05:30:00,0,0
343,AFRICAN ROADRUNNER,MAIZ AMARILLO ARGENTINO,JORNADA 5,2025-07-23 00:00:00,202412260041,-,2,BODEGA 1,-,2024-12-26 05:09:00,2024-12-26 05:20:00,2024-12-26 05:25:00,00:05:00,00:11:00,-,260041,BMN703,VILMA ROJAS,128935,50240,19040,31200,31.2,GH CHANCAY - 5029,2024-12-26 05:57:00,00:32:00,00:48:00,2024-12-26 06:21:00,50120,18960,31160,-40,2024-12-26 06:33:00,00:24:00,00:12:00,01:24:00,0,0
344,AFRICAN ROADRUNNER,MAIZ AMARILLO ARGENTINO,JORNADA 5,2025-07-23 00:00:00,202412260069,-,2,BODEGA 1,-,2024-12-26 00:07:00,2024-12-26 05:26:00,2024-12-26 05:30:00,00:04:00,05:19:00,-,260069,D3Y881,TRANSJIBAJA S.A.C.,128938,46320,16360,29960,29.96,GH CHANCAY - 5029,2024-12-26 06:09:00,00:39:00,06:02:00,2024-12-26 06:52:00,46200,16270,29930,-30,2024-12-26 07:02:00,00:43:00,00:10:00,06:55:00,0,0
345,AFRICAN ROADRUNNER,MAIZ AMARILLO ARGENTINO,JORNADA 5,2025-07-23 00:00:00,202412260045,-,2,BODEGA 1,-,2024-12-26 05:10:00,2024-12-26 05:45:00,2024-12-26 05:50:00,00:05:00,00:35:00,-,260045,D8A721,TOSA E.I.R.L.,128936,55880,17280,38600,38.6,GH CHANCAY - 5029,2024-12-26 06:01:00,00:11:00,00:51:00,2024-12-26 07:00:00,55710,17170,38540,-60,2024-12-26 07:10:00,00:59:00,00:10:00,02:00:00,0,0
346,AFRICAN ROADRUNNER,MAIZ AMARILLO ARGENTINO,JORNADA 5,2025-07-23 00:00:00,202412260092,-,2,BODEGA 1,-,2024-12-26 03:56:00,2024-12-26 06:20:00,2024-12-26 06:25:00,00:05:00,02:24:00,-,260092,BMO703,VILMA ROJAS,128939,54640,18840,35800,35.8,CHANCAY - 5003,2024-12-26 06:30:00,00:05:00,02:34:00,2024-12-26 07:11:00,54590,18770,35820,20,2024-12-26 07:55:00,00:41:00,00:44:00,03:59:00,0,0
347,AFRICAN ROADRUNNER,MAIZ AMARILLO ARGENTINO,JORNADA 5,2025-07-23 00:00:00,202412260104,-,2,BODEGA 1,-,2024-12-26 05:43:00,2024-12-26 06:24:00,2024-12-26 06:30:00,00:06:00,00:41:00,-,260104,F4E751,TRANSJIBAJA S.A.C.,128940,52820,16860,35960,35.96,GH CHANCAY - 5029,2024-12-26 06:42:00,00:12:00,00:59:00,2024-12-26 07:14:00,52710,16770,35940,-20,2024-12-26 07:23:00,00:32:00,00:09:00,01:40:00,0,0
348,AFRICAN ROADRUNNER,MAIZ AMARILLO ARGENTINO,JORNADA 5,2025-07-23 00:00:00,202412260090,-,2,BODEGA 1,-,2024-12-26 00:22:00,2024-12-26 06:35:00,2024-12-26 06:40:00,00:05:00,06:13:00,-,260090,AJD804,VILMA ROJAS,128941,52420,18380,34040,34.04,CHANCAY - 5003,2024-12-26 06:52:00,00:12:00,06:30:00,2024-12-26 07:16:00,52360,18300,34060,20,2024-12-26 07:59:00,00:24:00,00:43:00,07:37:00,0,0
349,AFRICAN ROADRUNNER,MAIZ AMARILLO ARGENTINO,JORNADA 5,2025-07-23 00:00:00,202412260111,-,2,BODEGA 3,-,2024-12-26 01:22:00,2024-12-26 06:40:00,2024-12-26 06:53:00,00:13:00,05:18:00,-,260111,AJP818,VILMA ROJAS,128942,53260,18720,34540,34.54,CHANCAY - 5003,2024-12-26 07:06:00,00:13:00,05:44:00,2024-12-26 07:29:00,53200,18660,34540,0,2024-12-26 08:27:00,00:23:00,00:58:00,07:05:00,0,0
350,AFRICAN ROADRUNNER,MAIZ AMARILLO ARGENTINO,JORNADA 6,7-15,202412260123,-,2,BODEGA 1,-,2024-12-26 01:17:00,2024-12-26 07:15:00,2024-12-26 07:28:00,00:13:00,05:58:00,-,260123,AWS916,TOSA E.I.R.L.,128943,50940,17660,33280,33.28,CHANCAY - 5003,2024-12-26 08:01:00,00:33:00,06:44:00,2024-12-26 08:48:00,50880,17610,33270,-10,2024-12-26 09:28:00,00:47:00,00:40:00,08:11:00,0,0
351,AFRICAN ROADRUNNER,MAIZ AMARILLO ARGENTINO,JORNADA 6,7-15,202412260162,-,2,BODEGA 3,-,2024-12-26 01:21:00,2024-12-26 07:30:00,2024-12-26 07:42:00,00:12:00,06:09:00,-,260162,ABP703,TRANSJIBAJA S.A.C.,128944,49580,16800,32780,32.78,GH CHANCAY - 5029,2024-12-26 08:05:00,00:23:00,06:44:00,2024-12-26 08:29:00,49430,16700,32730,-50,2024-12-26 08:52:00,00:24:00,00:23:00,07:31:00,0,0
352,AFRICAN ROADRUNNER,MAIZ AMARILLO ARGENTINO,JORNADA 6,7-15,202412260118,-,2,BODEGA 1,-,2024-12-26 04:42:00,2024-12-26 07:41:00,2024-12-26 07:53:00,00:12:00,02:59:00,-,2260118,AJG777,VILMA ROJAS,128945,52600,18040,34560,34.56,CHANCAY - 5003,2024-12-26 08:06:00,00:13:00,03:24:00,2024-12-26 08:50:00,52550,17970,34580,20,2024-12-26 09:33:00,00:44:00,00:43:00,04:51:00,0,0
353,AFRICAN ROADRUNNER,MAIZ AMARILLO ARGENTINO,JORNADA 6,7-15,202412260172,-,2,BODEGA 3,-,2024-12-26 01:23:00,2024-12-26 07:45:00,2024-12-26 07:53:00,00:08:00,06:22:00,-,2260172,D7X754,TOSA E.I.R.L.,128946,49300,17220,32080,32.08,CHANCAY - 5003,2024-12-26 08:18:00,00:25:00,06:55:00,2024-12-26 08:53:00,49220,17140,32080,0,2024-12-26 09:42:00,00:35:00,00:49:00,08:19:00,0,0
354,AFRICAN ROADRUNNER,MAIZ AMARILLO ARGENTINO,JORNADA 6,7-15,202412260170,-,2,BODEGA 1,-,2024-12-26 01:39:00,2024-12-26 07:55:00,2024-12-26 08:03:00,00:08:00,06:16:00,-,2260170,D1J772,TRANSJIBAJA S.A.C.,128947,50160,17040,33120,33.12,GH CHANCAY - 5029,2024-12-26 08:29:00,00:26:00,06:50:00,2024-12-26 09:05:00,50030,16950,33080,-40,2024-12-26 09:12:00,00:36:00,00:07:00,07:33:00,0,0
355,AFRICAN ROADRUNNER,MAIZ AMARILLO ARGENTINO,JORNADA 6,7-15,202412260191,-,2,BODEGA 3,-,2024-12-26 01:46:00,2024-12-26 08:05:00,2024-12-26 08:16:00,00:11:00,06:19:00,-,2260191,AWS791,TOSA E.I.R.L.,128949,52360,17740,34620,34.62,CHANCAY - 5003,2024-12-26 08:43:00,00:27:00,06:57:00,2024-12-26 09:34:00,52290,17660,34630,10,2024-12-26 10:09:00,00:51:00,00:35:00,08:23:00,0,0
356,AFRICAN ROADRUNNER,MAIZ AMARILLO ARGENTINO,JORNADA 6,7-15,202412260181,-,2,BODEGA 1,-,2024-12-26 01:59:00,2024-12-26 08:16:00,2024-12-26 08:26:00,00:10:00,06:17:00,-,2260181,APN941,TRANSJIBAJA S.A.C.,128948,48140,16860,31280,31.28,CHANCAY - 5003,2024-12-26 08:34:00,00:08:00,06:35:00,2024-12-26 09:26:00,48080,16800,31280,0,2024-12-26 09:49:00,00:52:00,00:23:00,07:50:00,0,0
357,AFRICAN ROADRUNNER,MAIZ AMARILLO ARGENTINO,JORNADA 6,7-15,202412260198,-,2,BODEGA 3,-,2024-12-26 03:55:00,2024-12-26 08:20:00,2024-12-26 08:31:00,00:11:00,04:25:00,-,2260198,ADZ884,TRANSJIBAJA S.A.C.,128950,49400,16020,33380,33.38,CHANCAY - 5003,2024-12-26 08:50:00,00:19:00,04:55:00,2024-12-26 09:37:00,49330,15950,33380,0,2024-12-26 10:16:00,00:47:00,00:39:00,06:21:00,0,0
358,AFRICAN ROADRUNNER,MAIZ AMARILLO ARGENTINO,JORNADA 6,7-15,202412260182,-,2,BODEGA 3,-,2024-12-26 01:43:00,2024-12-26 08:33:00,2024-12-26 08:41:00,00:08:00,06:50:00,-,2260182,BDE743,VILMA ROJAS,128951,51900,17980,33920,33.92,CHANCAY - 5003,2024-12-26 08:59:00,00:18:00,07:16:00,2024-12-26 09:49:00,51840,17880,33960,40,2024-12-26 10:28:00,00:50:00,00:39:00,08:45:00,0,0
359,AFRICAN ROADRUNNER,MAIZ AMARILLO ARGENTINO,JORNADA 6,7-15,202412260211,-,2,BODEGA 3,-,2024-12-26 04:07:00,2024-12-26 08:53:00,2024-12-26 09:05:00,00:12:00,04:46:00,-,2260211,BYP751,TOSA E.I.R.L.,128958,51140,18380,32760,32.76,GH CHANCAY - 5029,2024-12-26 09:40:00,00:35:00,05:33:00,2024-12-26 10:21:00,51040,18290,32750,-10,2024-12-26 10:59:00,00:41:00,00:38:00,06:52:00,0,0
360,AFRICAN ROADRUNNER,MAIZ AMARILLO ARGENTINO,JORNADA 6,7-15,202412260239,-,2,BODEGA 1,-,2024-12-26 05:15:00,2024-12-26 08:53:00,2024-12-26 09:08:00,00:15:00,03:38:00,-,2260239,AJE884,VILMA ROJAS,128957,51700,18840,32860,32.86,CHANCAY - 5003,2024-12-26 09:49:00,00:41:00,04:34:00,2024-12-26 10:31:00,51580,18710,32870,10,2024-12-26 10:57:00,00:42:00,00:26:00,05:42:00,0,0
361,AFRICAN ROADRUNNER,MAIZ AMARILLO ARGENTINO,JORNADA 6,7-15,202412260232,-,2,BODEGA 3,-,2024-12-26 06:45:00,2024-12-26 09:10:00,2024-12-26 09:18:00,00:08:00,02:25:00,-,2260232,AZR943,TOSA E.I.R.L.,128960,51100,17720,33380,33.38,GH CHANCAY - 5029,2024-12-26 09:49:00,00:31:00,03:04:00,2024-12-26 10:26:00,50940,17610,33330,-50,2024-12-26 11:27:00,00:37:00,01:01:00,04:42:00,0,0
362,AFRICAN ROADRUNNER,MAIZ AMARILLO ARGENTINO,JORNADA 6,7-15,202412260204,-,2,BODEGA 1,-,2024-12-26 06:13:00,2024-12-26 09:33:00,2024-12-26 09:40:00,00:07:00,03:20:00,-,2260204,ASZ864,TRANSJIBAJA S.A.C.,128959,50580,17100,33480,33.48,GH CHANCAY - 5029,2024-12-26 09:45:00,00:05:00,03:32:00,2024-12-26 10:12:00,50480,16990,33490,10,2024-12-26 10:54:00,00:27:00,00:42:00,04:41:00,0,0
363,AFRICAN ROADRUNNER,MAIZ AMARILLO ARGENTINO,JORNADA 6,7-15,202412260206,-,2,BODEGA 3,-,2024-12-26 03:19:00,2024-12-26 09:40:00,2024-12-26 09:51:00,00:11:00,06:21:00,-,2260206,AJP762,VILMA ROJAS,128962,51380,17980,33400,33.4,GH CHANCAY - 5029,2024-12-26 10:05:00,00:14:00,06:46:00,2024-12-26 10:49:00,51250,17900,33350,-50,2024-12-26 11:32:00,00:44:00,00:43:00,08:13:00,0,0
364,AFRICAN ROADRUNNER,MAIZ AMARILLO ARGENTINO,JORNADA 6,7-15,202412260266,-,2,BODEGA 1,-,2024-12-26 03:53:00,2024-12-26 09:43:00,2024-12-26 10:00:00,00:17:00,05:50:00,-,2260266,BYP790,TOSA E.I.R.L.,128963,51760,18300,33460,33.46,CHANCAY - 5003,2024-12-26 10:06:00,00:06:00,06:13:00,2024-12-26 10:45:00,51720,18250,33470,10,2024-12-26 11:01:00,00:39:00,00:16:00,07:08:00,0,0
365,AFRICAN ROADRUNNER,MAIZ AMARILLO ARGENTINO,JORNADA 6,7-15,202412260227,-,2,BODEGA 3,-,2024-12-26 04:18:00,2024-12-26 09:58:00,2024-12-26 10:05:00,00:07:00,05:40:00,-,2260227,AUL936,TOSA E.I.R.L.,128964,51640,17020,34620,34.62,GH CHANCAY - 5029,2024-12-26 10:14:00,00:09:00,05:56:00,2024-12-26 11:15:00,51520,16940,34580,-40,2024-12-26 11:37:00,01:01:00,00:22:00,07:19:00,0,0
366,AFRICAN ROADRUNNER,MAIZ AMARILLO ARGENTINO,JORNADA 6,7-15,202412260250,-,2,BODEGA 1,-,2024-12-26 03:40:00,2024-12-26 10:05:00,2024-12-26 10:18:00,00:13:00,06:25:00,-,2260250,ABV921,TOSA E.I.R.L.,128966,49900,16800,33100,33.1,GH CHANCAY - 5029,2024-12-26 10:40:00,00:22:00,07:00:00,2024-12-26 11:18:00,49790,16690,33100,0,2024-12-26 11:49:00,00:38:00,00:31:00,08:09:00,0,0
367,AFRICAN ROADRUNNER,MAIZ AMARILLO ARGENTINO,JORNADA 6,7-15,202412260257,-,2,BODEGA 3,-,2024-12-26 06:20:00,2024-12-26 10:08:00,2024-12-26 10:16:00,00:08:00,03:48:00,-,2260257,ASA876,TOSA E.I.R.L.,128965,50860,17280,33580,33.58,CHANCAY - 5003,2024-12-26 10:24:00,00:08:00,04:04:00,2024-12-26 11:02:00,50780,17200,33580,0,2024-12-26 11:32:00,00:38:00,00:30:00,05:12:00,0,0
368,AFRICAN ROADRUNNER,MAIZ AMARILLO ARGENTINO,JORNADA 6,7-15,202412260304,-,2,BODEGA 1,-,2024-12-26 09:15:00,2024-12-26 10:18:00,2024-12-26 10:27:00,00:09:00,01:03:00,-,2260304,AZS811,TOSA E.I.R.L.,128967,51920,17400,34520,34.52,GH CHANCAY - 5029,2024-12-26 10:36:00,00:09:00,01:21:00,2024-12-26 11:45:00,51800,17290,34510,-10,2024-12-26 12:34:00,01:09:00,00:49:00,03:19:00,0,0
369,AFRICAN ROADRUNNER,MAIZ AMARILLO ARGENTINO,JORNADA 6,7-15,202412260316,-,2,BODEGA 3,-,2024-12-26 08:40:00,2024-12-26 10:20:00,2024-12-26 10:29:00,00:09:00,01:40:00,-,2260316,D6H785,TRANSJIBAJA S.A.C.,128968,47980,16060,31920,31.92,GH CHANCAY - 5029,2024-12-26 10:44:00,00:15:00,02:04:00,2024-12-26 11:20:00,47900,15980,31920,0,2024-12-26 11:42:00,00:36:00,00:22:00,03:02:00,0,0
370,AFRICAN ROADRUNNER,MAIZ AMARILLO ARGENTINO,JORNADA 6,7-15,202412260263,-,2,BODEGA 1,-,2024-12-26 06:17:00,2024-12-26 10:25:00,2024-12-26 10:36:00,00:11:00,04:08:00,-,2260263,C7Y834,TRANSJIBAJA S.A.C.,128972,48020,17220,30800,30.8,GH CHANCAY - 5029,2024-12-26 10:59:00,00:23:00,04:42:00,2024-12-26 11:35:00,47890,17120,30770,-30,2024-12-26 12:15:00,00:36:00,00:40:00,05:58:00,0,0
371,AFRICAN ROADRUNNER,MAIZ AMARILLO ARGENTINO,JORNADA 6,7-15,202412260313,-,2,BODEGA 1,-,2024-12-26 06:15:00,2024-12-26 10:30:00,2024-12-26 10:43:00,00:13:00,04:15:00,-,2260313,AKV816,TOSA E.I.R.L.,128969,51520,17180,34340,34.34,CHANCAY - 5003,2024-12-26 10:46:00,00:03:00,04:31:00,2024-12-26 11:21:00,51420,17080,34340,0,2024-12-26 11:38:00,00:35:00,00:17:00,05:23:00,0,0
372,AFRICAN ROADRUNNER,MAIZ AMARILLO ARGENTINO,JORNADA 6,7-15,202412260359,-,2,BODEGA 1,-,2024-12-26 10:27:00,2024-12-26 10:35:00,2024-12-26 10:45:00,00:10:00,00:08:00,-,986475,APN941,TRANSJIBAJA S.A.C.,129004,50580,16860,33720,33.72,CHANCAY - 5003,2024-12-26 14:20:00,03:35:00,03:53:00,2024-12-26 14:47:00,50530,16780,33750,30,2024-12-26 15:24:00,00:27:00,00:37:00,04:57:00,0,0
373,AFRICAN ROADRUNNER,MAIZ AMARILLO ARGENTINO,JORNADA 6,7-15,202412260282,-,2,BODEGA 3,-,2024-12-26 09:04:00,2024-12-26 10:38:00,2024-12-26 10:46:00,00:08:00,01:34:00,-,2260282,D7H920,TRANSJIBAJA S.A.C.,128970,50300,17120,33180,33.18,GH CHANCAY - 5029,2024-12-26 10:53:00,00:07:00,01:49:00,2024-12-26 11:25:00,50140,17000,33140,-40,2024-12-26 12:11:00,00:32:00,00:46:00,03:07:00,0,0
374,AFRICAN ROADRUNNER,MAIZ AMARILLO ARGENTINO,JORNADA 6,7-15,202412260328,-,2,BODEGA 3,-,2024-12-26 06:17:00,2024-12-26 10:40:00,2024-12-26 10:50:00,00:10:00,04:23:00,-,2260328,BDD755,VILMA ROJAS,128971,53920,17860,36060,36.06,GH CHANCAY - 5029,2024-12-26 10:54:00,00:04:00,04:37:00,2024-12-26 11:40:00,53800,17760,36040,-20,2024-12-26 12:28:00,00:46:00,00:48:00,06:11:00,0,0
375,AFRICAN ROADRUNNER,MAIZ AMARILLO ARGENTINO,JORNADA 6,7-15,202412260323,-,2,BODEGA 1,-,2024-12-26 03:21:00,2024-12-26 10:48:00,2024-12-26 10:55:00,00:07:00,07:27:00,-,2260323,BYP721,TOSA E.I.R.L.,128974,53000,18480,34520,34.52,CHANCAY - 5003,2024-12-26 11:04:00,00:09:00,07:43:00,2024-12-26 11:40:00,52930,18410,34520,0,2024-12-26 11:58:00,00:36:00,00:18:00,08:37:00,0,0
376,AFRICAN ROADRUNNER,MAIZ AMARILLO ARGENTINO,JORNADA 6,7-15,202412260324,-,2,BODEGA 3,-,2024-12-26 03:15:00,2024-12-26 10:50:00,2024-12-26 11:01:00,00:11:00,07:35:00,-,2260324,BUY724,TOSA E.I.R.L.,128973,49800,18280,31520,31.52,CHANCAY - 5003,2024-12-26 11:03:00,00:02:00,07:48:00,2024-12-26 11:44:00,49750,18220,31530,10,2024-12-26 12:24:00,00:41:00,00:40:00,09:09:00,0,0
377,AFRICAN ROADRUNNER,MAIZ AMARILLO ARGENTINO,JORNADA 6,7-15,202412260376,-,2,BODEGA 1,-,2024-12-26 10:47:00,2024-12-26 10:58:00,2024-12-26 11:08:00,00:10:00,00:11:00,-,986973,T9T864,TRANSJIBAJA S.A.C.,128994,51060,17380,33680,33.68,GH CHANCAY - 5029,2024-12-26 13:21:00,02:13:00,02:34:00,2024-12-26 13:51:00,50890,17270,33620,-60,2024-12-26 14:05:00,00:30:00,00:14:00,03:18:00,0,0
378,AFRICAN ROADRUNNER,MAIZ AMARILLO ARGENTINO,JORNADA 6,7-15,202412260327,-,2,BODEGA 1,-,2024-12-26 05:47:00,2024-12-26 10:59:00,2024-12-26 11:05:00,00:06:00,05:12:00,-,2260327,APP823,TRANSJIBAJA S.A.C.,128975,50960,17480,33480,33.48,CHANCAY - 5003,2024-12-26 11:13:00,00:08:00,05:26:00,2024-12-26 11:48:00,50870,17400,33470,-10,2024-12-26 12:27:00,00:35:00,00:39:00,06:40:00,0,0
379,AFRICAN ROADRUNNER,MAIZ AMARILLO ARGENTINO,JORNADA 6,7-15,202412260382,-,2,BODEGA 3,-,2024-12-26 10:55:00,2024-12-26 11:00:00,2024-12-26 11:10:00,00:10:00,00:05:00,-,986974,ADZ884,TRANSJIBAJA S.A.C.,128993,50100,16020,34080,34.08,GH CHANCAY - 5029,2024-12-26 13:10:00,02:00:00,02:15:00,2024-12-26 13:39:00,49980,15920,34060,-20,2024-12-26 14:02:00,00:29:00,00:23:00,03:07:00,0,0
380,AFRICAN ROADRUNNER,MAIZ AMARILLO ARGENTINO,JORNADA 6,7-15,202412260337,-,2,BODEGA 1,-,2024-12-26 08:48:00,2024-12-26 11:01:00,2024-12-26 11:08:00,00:07:00,02:13:00,-,2260337,BMO703,VILMA ROJAS,128976,53400,18820,34580,34.58,GH CHANCAY - 5029,2024-12-26 11:14:00,00:06:00,02:26:00,2024-12-26 11:57:00,53270,18720,34550,-30,2024-12-26 13:02:00,00:43:00,01:05:00,04:14:00,0,0
381,AFRICAN ROADRUNNER,MAIZ AMARILLO ARGENTINO,JORNADA 6,7-15,202412260338,-,2,BODEGA 3,-,2024-12-26 06:53:00,2024-12-26 11:04:00,2024-12-26 11:09:00,00:05:00,04:11:00,-,2260338,BMO774,VILMA ROJAS,128978,52520,18840,33680,33.68,CHANCAY - 5003,2024-12-26 11:29:00,00:20:00,04:36:00,2024-12-26 11:55:00,52470,18770,33700,20,2024-12-26 12:37:00,00:26:00,00:42:00,05:44:00,0,0
382,AFRICAN ROADRUNNER,MAIZ AMARILLO ARGENTINO,JORNADA 6,7-15,202412260335,-,2,BODEGA 3,-,2024-12-26 07:22:00,2024-12-26 11:07:00,2024-12-26 11:15:00,00:08:00,03:45:00,-,2260335,D0Q776,TRANSJIBAJA S.A.C.,128977,47460,16420,31040,31.04,CHANCAY - 5003,2024-12-26 11:19:00,00:04:00,03:57:00,2024-12-26 11:52:00,47420,16370,31050,10,2024-12-26 12:32:00,00:33:00,00:40:00,05:10:00,0,0
383,AFRICAN ROADRUNNER,MAIZ AMARILLO ARGENTINO,JORNADA 6,7-15,202412260387,-,2,BODEGA 3,-,2024-12-26 11:03:00,2024-12-26 11:10:00,2024-12-26 11:18:00,00:08:00,00:07:00,-,986491,BDD892,VILMA ROJAS,128995,53460,17660,35800,35.8,CHANCAY - 5003,2024-12-26 13:32:00,02:14:00,02:29:00,2024-12-26 13:56:00,53400,17570,35830,30,2024-12-26 14:18:00,00:24:00,00:22:00,03:15:00,0,0
384,AFRICAN ROADRUNNER,MAIZ AMARILLO ARGENTINO,JORNADA 6,7-15,202412260343,-,2,BODEGA 1,-,2024-12-26 08:59:00,2024-12-26 11:20:00,2024-12-26 11:29:00,00:09:00,02:21:00,-,2260343,F6V876,VILMA ROJAS,128979,48940,18000,30940,30.94,CHANCAY - 5003,2024-12-26 11:41:00,00:12:00,02:42:00,2024-12-26 12:20:00,48880,17910,30970,30,2024-12-26 12:41:00,00:39:00,00:21:00,03:42:00,0,0
385,AFRICAN ROADRUNNER,MAIZ AMARILLO ARGENTINO,JORNADA 6,7-15,202412260392,-,2,BODEGA 1,-,2024-12-26 11:16:00,2024-12-26 11:25:00,2024-12-26 11:35:00,00:10:00,00:09:00,-,2260392,ATA883,TOSA E.I.R.L.,129005,46360,16800,29560,29.56,CHANCAY - 5003,2024-12-26 14:20:00,02:45:00,03:04:00,2024-12-26 15:17:00,46330,16730,29600,40,2024-12-26 15:48:00,00:57:00,00:31:00,04:32:00,0,0
386,AFRICAN ROADRUNNER,MAIZ AMARILLO ARGENTINO,JORNADA 6,7-15,202412260339,-,2,BODEGA 3,-,2024-12-26 08:14:00,2024-12-26 11:25:00,2024-12-26 11:38:00,00:13:00,03:11:00,-,2260339,F1K772,TRANSJIBAJA S.A.C.,128980,51880,16940,34940,34.94,GH CHANCAY - 5029,2024-12-26 11:48:00,00:10:00,03:34:00,2024-12-26 12:32:00,51750,16850,34900,-40,2024-12-26 13:13:00,00:44:00,00:41:00,04:59:00,0,0
387,AFRICAN ROADRUNNER,MAIZ AMARILLO ARGENTINO,JORNADA 6,7-15,202412260344,-,2,BODEGA 3,-,2024-12-26 06:31:00,2024-12-26 11:32:00,2024-12-26 11:39:00,00:07:00,05:01:00,-,2260344,D7W933,TOSA E.I.R.L.,128981,52220,17420,34800,34.8,CHANCAY - 5003,2024-12-26 12:00:00,00:21:00,05:29:00,2024-12-26 13:01:00,52180,17340,34840,40,2024-12-26 13:36:00,01:01:00,00:35:00,07:05:00,0,0
388,AFRICAN ROADRUNNER,MAIZ AMARILLO ARGENTINO,JORNADA 6,7-15,202412260397,-,2,BODEGA 3,-,2024-12-26 11:27:00,2024-12-26 11:35:00,2024-12-26 11:50:00,00:15:00,00:08:00,-,986976,D7X754,TOSA E.I.R.L.,129006,49140,17200,31940,31.94,GH CHANCAY - 5029,2024-12-26 14:18:00,02:28:00,02:51:00,2024-12-26 15:24:00,49020,17100,31920,-20,2024-12-26 15:36:00,01:06:00,00:12:00,04:09:00,0,0
389,AFRICAN ROADRUNNER,MAIZ AMARILLO ARGENTINO,JORNADA 6,7-15,202412260355,-,2,BODEGA 1,-,2024-12-26 07:40:00,2024-12-26 11:40:00,2024-12-26 11:50:00,00:10:00,04:00:00,-,2260355,D8A721,TOSA E.I.R.L.,129008,50800,17280,33520,33.52,CHANCAY - 5003,2024-12-26 14:30:00,02:40:00,06:50:00,2024-12-26 15:29:00,50710,17170,33540,20,2024-12-26 16:12:00,00:59:00,00:43:00,08:32:00,0,0
390,AFRICAN ROADRUNNER,MAIZ AMARILLO ARGENTINO,JORNADA 6,7-15,202412260416,-,2,BODEGA 3,-,2024-12-26 11:21:00,2024-12-26 11:40:00,2024-12-26 11:50:00,00:10:00,00:19:00,-,2260416,AWS916,TOSA E.I.R.L.,129009,50740,17660,33080,33.08,GH CHANCAY - 5029,2024-12-26 14:29:00,02:39:00,03:08:00,2024-12-26 15:31:00,50600,17580,33020,-60,2024-12-26 15:58:00,01:02:00,00:27:00,04:37:00,0,0
391,AFRICAN ROADRUNNER,MAIZ AMARILLO ARGENTINO,JORNADA 6,7-15,202412260345,-,2,BODEGA 1,-,2024-12-26 09:08:00,2024-12-26 11:41:00,2024-12-26 11:54:00,00:13:00,02:33:00,-,2260345,AJD804,VILMA ROJAS,128982,51560,18360,33200,33.2,CHANCAY - 5003,2024-12-26 12:02:00,00:08:00,02:54:00,2024-12-26 12:43:00,51500,18280,33220,20,2024-12-26 12:58:00,00:41:00,00:15:00,03:50:00,0,0
392,AFRICAN ROADRUNNER,MAIZ AMARILLO ARGENTINO,JORNADA 6,7-15,202412260332,-,2,BODEGA 1,-,2024-12-26 06:51:00,2024-12-26 11:45:00,2024-12-26 11:57:00,00:12:00,04:54:00,-,2260332,BMN703,VILMA ROJAS,128985,52000,19040,32960,32.96,CHANCAY - 5003,2024-12-26 12:09:00,00:12:00,05:18:00,2024-12-26 12:40:00,51900,18950,32950,-10,2024-12-26 12:50:00,00:31:00,00:10:00,05:59:00,0,0
393,AFRICAN ROADRUNNER,MAIZ AMARILLO ARGENTINO,JORNADA 6,7-15,202412260336,-,2,BODEGA 1,-,2024-12-26 04:48:00,2024-12-26 11:47:00,2024-12-26 11:58:00,00:11:00,06:59:00,-,2260336,C7Y835,TRANSJIBAJA S.A.C.,128984,51540,16700,34840,34.84,CHANCAY - 5003,2024-12-26 12:09:00,00:11:00,07:21:00,2024-12-26 13:27:00,51420,16590,34830,-10,2024-12-26 14:02:00,01:18:00,00:35:00,09:14:00,0,0
394,AFRICAN ROADRUNNER,MAIZ AMARILLO ARGENTINO,JORNADA 6,7-15,202412260396,-,2,BODEGA 1,-,2024-12-26 11:17:00,2024-12-26 11:50:00,2024-12-26 12:00:00,00:10:00,00:33:00,-,2260396,BYP790,TOSA E.I.R.L.,129003,50580,17020,33560,33.56,CHANCAY - 5003,2024-12-26 14:09:00,02:09:00,02:52:00,2024-12-26 14:52:00,50560,18240,32320,-1240,2024-12-26 15:27:00,00:43:00,00:35:00,04:10:00,UNIDAD PENDIENTE A MODIFICIACIÓN DE PESO TARA DE ALMACEN,0
395,AFRICAN ROADRUNNER,MAIZ AMARILLO ARGENTINO,JORNADA 6,7-15,202412260409,-,2,BODEGA 3,-,2024-12-26 11:37:00,2024-12-26 11:55:00,2024-12-26 12:05:00,00:10:00,00:18:00,-,2260409,ASZ864,TRANSJIBAJA S.A.C.,129007,48580,17080,31500,31.5,GH CHANCAY - 5029,2024-12-26 14:22:00,02:17:00,02:45:00,2024-12-26 14:53:00,48470,16990,31480,-20,2024-12-26 15:06:00,00:31:00,00:13:00,03:29:00,0,0
396,AFRICAN ROADRUNNER,MAIZ AMARILLO ARGENTINO,JORNADA 6,7-15,202412260341,-,2,BODEGA 1,-,2024-12-26 02:57:00,2024-12-26 11:55:00,2024-12-26 12:00:00,00:05:00,08:58:00,-,2260341,AJI820,TOSA E.I.R.L.,128987,51780,17620,34160,34.16,CHANCAY - 5003,2024-12-26 12:16:00,00:16:00,09:19:00,2024-12-26 13:11:00,51700,17520,34180,20,2024-12-27 13:48:00,00:55:00,"1 day, 0:37:00","1 day, 10:51:00",0,0
397,AFRICAN ROADRUNNER,MAIZ AMARILLO ARGENTINO,JORNADA 6,7-15,202412260349,-,2,BODEGA 1,-,2024-12-26 06:55:00,2024-12-26 12:00:00,2024-12-26 12:05:00,00:05:00,05:05:00,-,2260349,ANB766,VILMA ROJAS,128983,53060,18320,34740,34.74,CHANCAY - 5003,2024-12-26 12:12:00,00:07:00,05:17:00,2024-12-26 12:52:00,52990,18230,34760,20,2024-12-26 13:32:00,00:40:00,00:40:00,06:37:00,0,0
398,AFRICAN ROADRUNNER,MAIZ AMARILLO ARGENTINO,JORNADA 6,7-15,202412260340,-,2,BODEGA 1,-,2024-12-26 08:13:00,2024-12-26 12:01:00,2024-12-26 12:07:00,00:06:00,03:48:00,-,2260340,F4E751,TRANSJIBAJA S.A.C.,128988,49640,16840,32800,32.8,GH CHANCAY - 5029,2024-12-26 12:19:00,00:12:00,04:06:00,2024-12-26 12:46:00,49510,16760,32750,-50,2024-12-26 13:16:00,00:27:00,00:30:00,05:03:00,0,0
399,AFRICAN ROADRUNNER,MAIZ AMARILLO ARGENTINO,JORNADA 6,7-15,202412260347,-,2,BODEGA 3,-,2024-12-26 08:13:00,2024-12-26 12:05:00,2024-12-26 12:10:00,00:05:00,03:52:00,-,2260347,D3Y881,TRANSJIBAJA S.A.C.,128986,50640,16340,34300,34.3,CHANCAY - 5003,2024-12-26 12:12:00,00:02:00,03:59:00,2024-12-26 13:04:00,50600,16260,34340,40,2024-12-26 13:45:00,00:52:00,00:41:00,05:32:00,0,0
400,AFRICAN ROADRUNNER,MAIZ AMARILLO ARGENTINO,JORNADA 6,7-15,202412260351,-,2,BODEGA 1,-,2024-12-26 09:03:00,2024-12-26 12:14:00,2024-12-26 12:20:00,00:06:00,03:11:00,-,2260351,AUL898,TOSA E.I.R.L.,128989,49640,17020,32620,32.62,GH CHANCAY - 5029,2024-12-26 12:29:00,00:09:00,03:26:00,2024-12-26 12:56:00,49530,16940,32590,-30,2024-12-26 13:28:00,00:27:00,00:32:00,04:25:00,0,0
401,AFRICAN ROADRUNNER,MAIZ AMARILLO ARGENTINO,JORNADA 6,7-15,202412260350,-,2,BODEGA 3,-,2024-12-26 09:35:00,2024-12-26 12:25:00,2024-12-26 12:30:00,00:05:00,02:50:00,-,2260350,C2B789,TRANSJIBAJA S.A.C.,128990,49780,16500,33280,33.28,CHANCAY - 5003,2024-12-26 12:36:00,00:06:00,03:01:00,2024-12-26 13:35:00,49720,16430,33290,10,2024-12-26 14:14:00,00:59:00,00:39:00,04:39:00,0,0
402,AFRICAN ROADRUNNER,MAIZ AMARILLO ARGENTINO,JORNADA 6,7-15,202412260356,-,2,BODEGA 3,-,2024-12-26 09:48:00,2024-12-26 12:32:00,2024-12-26 12:38:00,00:06:00,02:44:00,-,2260356,AJG777,VILMA ROJAS,128991,51900,18020,33880,33.88,CHANCAY - 5003,2024-12-26 12:49:00,00:11:00,03:01:00,2024-12-26 13:31:00,51820,17960,33860,-20,2024-12-26 14:07:00,00:42:00,00:36:00,04:19:00,0,0
403,AFRICAN ROADRUNNER,MAIZ AMARILLO ARGENTINO,JORNADA 6,7-15,202412260433,-,2,BODEGA 3,-,2024-12-26 12:16:00,2024-12-26 12:35:00,2024-12-26 12:45:00,00:10:00,00:19:00,-,2260433,AUL936,TOSA E.I.R.L.,129012,49800,17000,32800,32.8,CHANCAY - 5003,2024-12-26 14:46:00,02:01:00,02:30:00,2024-12-26 15:44:00,49730,16940,32790,-10,2024-12-26 16:41:00,00:58:00,00:57:00,04:25:00,0,0
404,AFRICAN ROADRUNNER,MAIZ AMARILLO ARGENTINO,JORNADA 6,7-15,202412260442,-,2,BODEGA 1,-,2024-12-26 12:25:00,2024-12-26 12:40:00,2024-12-26 12:50:00,00:10:00,00:15:00,-,986498,BYP751,TOSA E.I.R.L.,129016,47960,18360,29600,29.6,CHANCAY - 5003,2024-12-26 15:02:00,02:12:00,02:37:00,2024-12-26 15:55:00,47940,18260,29680,80,2024-12-26 16:48:00,00:53:00,00:53:00,04:23:00,0,0
405,AFRICAN ROADRUNNER,MAIZ AMARILLO ARGENTINO,JORNADA 6,7-15,202412260348,-,2,BODEGA 1,-,2024-12-26 08:02:00,2024-12-26 12:40:00,2024-12-26 12:58:00,00:18:00,04:38:00,-,2260348,C9H901,TOSA E.I.R.L.,129001,49480,16300,33180,33.18,CHANCAY - 5003,2024-12-26 13:07:00,00:09:00,05:05:00,2024-12-26 15:03:00,49400,16210,33190,10,2024-12-26 20:16:00,01:56:00,05:13:00,12:14:00,0,0
406,AFRICAN ROADRUNNER,MAIZ AMARILLO ARGENTINO,JORNADA 6,7-15,202412260432,-,2,BODEGA 1,-,2024-12-26 12:17:00,2024-12-26 12:40:00,2024-12-26 12:50:00,00:10:00,00:23:00,-,986495,AJP762,VILMA ROJAS,129015,49060,17960,31100,31.1,CHANCAY - 5003,2024-12-26 14:45:00,01:55:00,02:28:00,2024-12-26 15:25:00,49000,17900,31100,0,2024-12-26 15:57:00,00:40:00,00:32:00,03:40:00,0,0
407,AFRICAN ROADRUNNER,MAIZ AMARILLO ARGENTINO,JORNADA 6,7-15,202412260378,-,2,BODEGA 1,-,2024-12-26 10:41:00,2024-12-26 12:49:00,2024-12-26 12:55:00,00:06:00,02:08:00,-,986969,D1J772,TRANSJIBAJA S.A.C.,128992,48700,17020,31680,31.68,GH CHANCAY - 5029,2024-12-26 13:00:00,00:05:00,02:19:00,2024-12-26 13:34:00,48590,16910,31680,0,2024-12-26 13:59:00,00:34:00,00:25:00,03:18:00,0,0
408,AFRICAN ROADRUNNER,MAIZ AMARILLO ARGENTINO,JORNADA 6,7-15,202412260444,-,2,BODEGA 3,-,2024-12-26 12:27:00,2024-12-26 12:50:00,2024-12-26 13:00:00,00:10:00,00:23:00,-,2260444,BYP721,TOSA E.I.R.L.,129017,49400,18460,30940,30.94,GH CHANCAY - 5029,2024-12-26 15:08:00,02:08:00,02:41:00,2024-12-26 15:53:00,49280,18380,30900,-40,2024-12-26 16:20:00,00:45:00,00:27:00,03:53:00,0,0
409,AFRICAN ROADRUNNER,MAIZ AMARILLO ARGENTINO,JORNADA 6,7-15,202412260421,-,2,BODEGA 1,-,2024-12-26 11:53:00,2024-12-26 12:50:00,2024-12-26 13:00:00,00:10:00,00:57:00,-,2260421,AKV816,TOSA E.I.R.L.,129011,48840,17180,31660,31.66,CHANCAY - 5003,2024-12-26 14:30:00,01:30:00,02:37:00,2024-12-26 15:34:00,48750,17080,31670,10,2024-12-26 16:38:00,01:04:00,01:04:00,04:45:00,0,0
410,AFRICAN ROADRUNNER,MAIZ AMARILLO ARGENTINO,JORNADA 6,7-15,202412260367,-,2,BODEGA 1,-,2024-12-26 10:38:00,2024-12-26 12:54:00,2024-12-26 13:02:00,00:08:00,02:16:00,-,2260367,ACU930,TRANSJIBAJA S.A.C.,128997,50300,16460,33840,33.84,CHANCAY - 5003,2024-12-26 13:51:00,00:49:00,03:13:00,2024-12-26 14:27:00,50240,16390,33850,10,2024-12-26 15:08:00,00:36:00,00:41:00,04:30:00,0,0
411,AFRICAN ROADRUNNER,MAIZ AMARILLO ARGENTINO,JORNADA 6,7-15,202412260415,-,2,BODEGA 1,-,2024-12-26 11:39:00,2024-12-26 12:55:00,2024-12-26 13:05:00,00:10:00,01:16:00,-,2260415,AJE884,VILMA ROJAS,129010,52240,18820,33420,33.42,CHANCAY - 5003,2024-12-26 14:30:00,01:25:00,02:51:00,2024-12-26 15:21:00,52140,18700,33440,20,2024-12-26 15:52:00,00:51:00,00:31:00,04:13:00,0,0
412,AFRICAN ROADRUNNER,MAIZ AMARILLO ARGENTINO,JORNADA 6,7-15,202412260346,-,2,BODEGA 3,-,2024-12-26 09:19:00,2024-12-26 13:00:00,2024-12-26 13:08:00,00:08:00,03:41:00,-,2260346,AJP818,VILMA ROJAS,128998,51840,18720,33120,33.12,CHANCAY - 5003,2024-12-26 13:57:00,00:49:00,04:38:00,2024-12-26 14:31:00,51770,18640,33130,10,2024-12-26 15:17:00,00:34:00,00:46:00,05:58:00,0,0
413,AFRICAN ROADRUNNER,MAIZ AMARILLO ARGENTINO,JORNADA 6,7-15,202412260375,-,2,BODEGA 1,-,2024-12-26 10:37:00,2024-12-26 13:05:00,2024-12-26 13:12:00,00:07:00,02:28:00,-,2260375,BDE743,VILMA ROJAS,128999,52240,17960,34280,34.28,CHANCAY - 5003,2024-12-26 13:57:00,00:45:00,03:20:00,2024-12-26 14:34:00,52180,17860,34320,40,2024-12-26 15:20:00,00:37:00,00:46:00,04:43:00,0,0
414,AFRICAN ROADRUNNER,MAIZ AMARILLO ARGENTINO,JORNADA 6,7-15,202412260342,-,2,BODEGA 2,-,2024-12-26 07:19:00,2024-12-26 13:05:00,2024-12-26 13:16:00,00:11:00,05:46:00,-,2260342,ASF702,TRANSJIBAJA S.A.C.,128996,51400,17120,34280,34.28,CHANCAY - 5003,2024-12-26 13:49:00,00:33:00,06:30:00,2024-12-26 14:23:00,51360,17060,34300,20,2024-12-26 15:02:00,00:34:00,00:39:00,07:43:00,0,0
415,AFRICAN ROADRUNNER,MAIZ AMARILLO ARGENTINO,JORNADA 6,7-15,202412260374,-,2,BODEGA 1,-,2024-12-26 10:41:00,2024-12-26 13:13:00,2024-12-26 13:23:00,00:10:00,02:32:00,-,986975,ABP703,TRANSJIBAJA S.A.C.,129000,48540,16780,31760,31.76,GH CHANCAY - 5029,2024-12-26 13:57:00,00:34:00,03:16:00,2024-12-26 14:40:00,48400,16670,31730,-30,2024-12-26 14:55:00,00:43:00,00:15:00,04:14:00,0,0
416,AFRICAN ROADRUNNER,MAIZ AMARILLO ARGENTINO,JORNADA 6,7-15,202412260377,-,2,BODEGA 1,-,2024-12-26 10:24:00,2024-12-26 13:30:00,2024-12-26 13:46:00,00:16:00,03:06:00,-,2260377,AWS791,TOSA E.I.R.L.,129002,52860,17720,35140,35.14,CHANCAY - 5003,2024-12-26 14:08:00,00:22:00,03:44:00,2024-12-26 15:09:00,52780,17660,35120,-20,2024-12-26 15:45:00,01:01:00,00:36:00,05:21:00,0,0
417,AFRICAN ROADRUNNER,MAIZ AMARILLO ARGENTINO,JORNADA 6,7-15,202412260417,-,2,BODEGA 3,-,2024-12-26 11:45:00,2024-12-26 13:50:00,2024-12-26 14:03:00,00:13:00,02:05:00,-,987001,ABY907,TOSA E.I.R.L.,129014,45680,16820,28860,28.86,GH CHANCAY - 5029,2024-12-26 14:46:00,00:43:00,03:01:00,2024-12-26 15:34:00,45550,16730,28820,-40,2024-12-26 16:08:00,00:48:00,00:34:00,04:23:00,0,0
418,AFRICAN ROADRUNNER,MAIZ AMARILLO ARGENTINO,JORNADA 6,7-15,202412260468,-,2,BODEGA 3,-,2024-12-26 12:56:00,2024-12-26 14:15:00,2024-12-26 14:20:00,00:05:00,01:19:00,-,2260468,BDD755,VILMA ROJAS,129020,51400,17840,33560,33.56,CHANCAY - 5003,2024-12-26 15:07:00,00:47:00,02:11:00,2024-12-26 15:46:00,51360,17780,33580,20,2024-12-26 16:44:00,00:39:00,00:58:00,03:48:00,0,0
419,AFRICAN ROADRUNNER,MAIZ AMARILLO ARGENTINO,JORNADA 6,7-15,202412260467,-,2,BODEGA 3,-,2024-12-26 12:50:00,2024-12-26 14:30:00,2024-12-26 14:46:00,00:16:00,01:40:00,-,2260467,F6V876,VILMA ROJAS,129024,49600,17980,31620,31.62,GH CHANCAY - 5029,2024-12-26 15:19:00,00:33:00,02:29:00,2024-12-26 17:15:00,49470,17880,31590,-30,2024-12-26 17:54:00,01:56:00,00:39:00,05:04:00,0,0
420,AFRICAN ROADRUNNER,MAIZ AMARILLO ARGENTINO,JORNADA 6,7-15,202412260441,-,2,BODEGA 3,-,2024-12-26 12:20:00,2024-12-26 14:30:00,2024-12-26 14:35:00,00:05:00,02:10:00,-,2260441,C6D781,TRANSJIBAJA S.A.C.,129018,49460,16640,32820,32.82,GH CHANCAY - 5029,2024-12-26 15:09:00,00:34:00,02:49:00,2024-12-26 15:48:00,49290,16500,32790,-30,2024-12-26 16:11:00,00:39:00,00:23:00,03:51:00,0,0
421,AFRICAN ROADRUNNER,MAIZ AMARILLO ARGENTINO,JORNADA 6,7-15,202412260455,-,2,BODEGA 3,-,2024-12-26 12:48:00,2024-12-26 14:40:00,2024-12-26 14:48:00,00:08:00,01:52:00,-,2260455,BMO774,VILMA ROJAS,129019,53000,18840,34160,34.16,CHANCAY - 5003,2024-12-26 15:09:00,00:21:00,02:21:00,2024-12-26 15:38:00,52950,18770,34180,20,2024-12-26 16:10:00,00:29:00,00:32:00,03:22:00,0,0
422,AFRICAN ROADRUNNER,MAIZ AMARILLO ARGENTINO,JORNADA 6,7-15,202412260447,-,2,BODEGA 1,-,2024-12-26 12:36:00,2024-12-26 14:40:00,2024-12-26 14:45:00,00:05:00,02:04:00,-,2260447,AFX858,TOSA E.I.R.L.,129021,43340,16920,26420,26.42,GH CHANCAY - 5029,2024-12-26 15:13:00,00:28:00,02:37:00,2024-12-26 15:57:00,43200,16810,26390,-30,2024-12-26 16:14:00,00:44:00,00:17:00,03:38:00,0,0
423,AFRICAN ROADRUNNER,MAIZ AMARILLO ARGENTINO,JORNADA 6,7-15,202412260413,-,2,BODEGA 3,-,2024-12-26 11:38:00,2024-12-26 14:49:00,2024-12-26 15:04:00,00:15:00,03:11:00,-,2260413,D7P795,TRANSJIBAJA S.A.C.,129023,50840,17520,33320,33.32,GH CHANCAY - 5029,2024-12-26 15:18:00,00:14:00,03:40:00,2024-12-26 16:06:00,50720,17420,33300,-20,2024-12-26 16:42:00,00:48:00,00:36:00,05:04:00,0,0
424,AFRICAN ROADRUNNER,MAIZ AMARILLO ARGENTINO,JORNADA 6,7-15,202412260461,-,2,BODEGA 1,-,2024-12-26 12:49:00,2024-12-26 14:57:00,2024-12-26 15:03:00,00:06:00,02:08:00,-,2260461,D6H785,TRANSJIBAJA S.A.C.,129013,48060,16060,32000,32,CHANCAY - 5003,2024-12-26 15:20:00,00:17:00,02:31:00,2024-12-26 16:21:00,48000,15990,32010,10,2024-12-26 16:55:00,01:01:00,00:34:00,04:06:00,0,0
425,AFRICAN ROADRUNNER,MAIZ AMARILLO ARGENTINO,JORNADA 7,15-23,202412260466,-,2,BODEGA 1,-,2024-12-26 12:51:00,2024-12-26 15:08:00,2024-12-26 15:16:00,00:08:00,02:17:00,-,2260466,AZS811,TOSA E.I.R.L.,129022,51520,17360,34160,34.16,CHANCAY - 5003,2024-12-26 15:22:00,00:06:00,02:31:00,2024-12-26 16:05:00,51450,17300,34150,-10,2024-12-26 16:52:00,00:43:00,00:47:00,04:01:00,0,0
426,AFRICAN ROADRUNNER,MAIZ AMARILLO ARGENTINO,JORNADA 7,15-23,202412260478,-,2,BODEGA 3,-,2024-12-26 13:11:00,2024-12-26 15:23:00,2024-12-26 15:37:00,00:14:00,02:12:00,-,2260478,AJD804,VILMA ROJAS,129025,51060,18360,32700,32.7,CHANCAY - 5003,2024-12-26 15:41:00,00:04:00,02:30:00,2024-12-26 16:23:00,50990,18270,32720,20,2024-12-26 17:09:00,00:42:00,00:46:00,03:58:00,0,0
427,AFRICAN ROADRUNNER,MAIZ AMARILLO ARGENTINO,JORNADA 7,15-23,202412260486,-,2,BODEGA 3,-,2024-12-26 13:11:00,2024-12-26 15:31:00,2024-12-26 15:40:00,00:09:00,02:20:00,-,2260486,C7Y834,TRANSJIBAJA S.A.C.,129026,48720,17200,31520,31.52,CHANCAY - 5003,2024-12-26 15:50:00,00:10:00,02:39:00,2024-12-26 16:25:00,48660,17110,31550,30,2024-12-26 17:12:00,00:35:00,00:47:00,04:01:00,0,0
428,AFRICAN ROADRUNNER,MAIZ AMARILLO ARGENTINO,JORNADA 7,15-23,202412260474,-,2,BODEGA 3,-,2024-12-26 13:01:00,2024-12-26 15:35:00,2024-12-26 15:43:00,00:08:00,02:34:00,-,2260474,BMN703,VILMA ROJAS,129027,50000,19020,30980,30.98,GH CHANCAY - 5029,2024-12-26 15:52:00,00:09:00,02:51:00,2024-12-26 16:30:00,49870,18910,30960,-20,2024-12-26 17:05:00,00:38:00,00:35:00,04:04:00,0,0
429,AFRICAN ROADRUNNER,MAIZ AMARILLO ARGENTINO,JORNADA 7,15-23,202412260484,-,2,BODEGA 1,-,2024-12-26 13:13:00,2024-12-26 15:40:00,2024-12-26 15:49:00,00:09:00,02:27:00,-,2260484,D7H920,TRANSJIBAJA S.A.C.,129028,41420,17100,24320,24.32,GH CHANCAY - 5029,2024-12-26 16:01:00,00:12:00,02:48:00,2024-12-26 16:28:00,41290,16990,24300,-20,2024-12-26 17:01:00,00:27:00,00:33:00,03:48:00,0,0
430,AFRICAN ROADRUNNER,MAIZ AMARILLO ARGENTINO,JORNADA 7,15-23,202412260482,-,2,BODEGA 3,-,2024-12-26 13:07:00,2024-12-26 15:40:00,2024-12-26 15:45:00,00:05:00,02:33:00,-,2260482,BUY724,TOSA E.I.R.L.,129033,48020,18260,29760,29.76,GH CHANCAY - 5029,2024-12-26 16:29:00,00:44:00,03:22:00,2024-12-26 17:12:00,47890,18170,29720,-40,2024-12-26 17:48:00,00:43:00,00:36:00,04:41:00,0,0
431,AFRICAN ROADRUNNER,MAIZ AMARILLO ARGENTINO,JORNADA 7,15-23,202412260495,-,2,BODEGA 3,-,2024-12-26 13:31:00,2024-12-26 15:46:00,2024-12-26 15:59:00,00:13:00,02:15:00,-,2260495,D0Q776,TRANSJIBAJA S.A.C.,129029,49020,16400,32620,32.62,CHANCAY - 5003,2024-12-26 16:07:00,00:08:00,02:36:00,2024-12-26 16:30:00,48990,16350,32640,20,2024-12-26 17:23:00,00:23:00,00:53:00,03:52:00,0,0
432,AFRICAN ROADRUNNER,MAIZ AMARILLO ARGENTINO,JORNADA 7,15-23,202412260501,-,2,BODEGA 2,-,2024-12-26 14:07:00,2024-12-26 15:46:00,2024-12-26 15:50:00,00:04:00,01:39:00,-,2260501,F4E751,TRANSJIBAJA S.A.C.,129031,50600,16820,33780,33.78,GH CHANCAY - 5029,2024-12-26 16:15:00,00:25:00,02:08:00,2024-12-26 16:47:00,50450,16740,33710,-70,2024-12-26 17:19:00,00:32:00,00:32:00,03:12:00,0,0
433,AFRICAN ROADRUNNER,MAIZ AMARILLO ARGENTINO,JORNADA 7,15-23,202412260487,-,2,BODEGA 3,-,2024-12-26 13:15:00,2024-12-26 15:49:00,2024-12-26 15:54:00,00:05:00,02:34:00,-,2260487,ASA876,TOSA E.I.R.L.,129030,48720,17260,31460,31.46,CHANCAY - 5003,2024-12-26 16:07:00,00:13:00,02:52:00,2024-12-26 17:03:00,48670,17190,31480,20,2024-12-26 17:26:00,00:56:00,00:23:00,04:11:00,0,0
434,AFRICAN ROADRUNNER,MAIZ AMARILLO ARGENTINO,JORNADA 7,15-23,202412260503,-,2,BODEGA 3,-,2024-12-26 14:07:00,2024-12-26 15:59:00,2024-12-26 16:09:00,00:10:00,01:52:00,-,2260503,F1K772,TRANSJIBAJA S.A.C.,129032,51240,16940,34300,34.3,GH CHANCAY - 5029,2024-12-26 16:29:00,00:20:00,02:22:00,2024-12-26 17:08:00,51100,16840,34260,-40,2024-12-26 17:23:00,00:39:00,00:15:00,03:16:00,0,0
435,AFRICAN ROADRUNNER,MAIZ AMARILLO ARGENTINO,JORNADA 7,15-23,202412260525,-,2,BODEGA 1,-,2024-12-26 14:16:00,2024-12-26 16:05:00,2024-12-26 16:10:00,00:05:00,01:49:00,-,260525,AUL898,TOSA E.I.R.L.,129040,50940,17020,33920,33.92,GH CHANCAY - 5029,2024-12-26 18:12:00,02:02:00,03:56:00,2024-12-26 18:37:00,50820,16920,33900,-20,2024-12-26 18:44:00,00:25:00,00:07:00,04:28:00,0,0
436,AFRICAN ROADRUNNER,MAIZ AMARILLO ARGENTINO,JORNADA 7,15-23,202412260491,-,2,BODEGA 2,-,2024-12-26 13:32:00,2024-12-26 16:05:00,2024-12-26 16:19:00,00:14:00,02:33:00,-,2260491,APP823,TRANSJIBAJA S.A.C.,129035,51540,17480,34060,34.06,CHANCAY - 5003,2024-12-26 16:50:00,00:31:00,03:18:00,2024-12-26 17:35:00,51470,17390,34080,20,2024-12-26 17:47:00,00:45:00,00:12:00,04:15:00,0,0
437,AFRICAN ROADRUNNER,MAIZ AMARILLO ARGENTINO,JORNADA 7,15-23,202412260443,-,2,BODEGA 1,-,2024-12-26 12:25:00,2024-12-26 16:05:00,2024-12-26 16:10:00,00:05:00,03:40:00,-,986522,AZR943,TOSA E.I.R.L.,129039,31580,17720,13860,13.86,CHANCAY - 5003,2024-12-26 17:57:00,01:47:00,05:32:00,2024-12-26 18:45:00,31510,17630,13880,20,2024-12-26 20:01:00,00:48:00,01:16:00,07:36:00,UNIDAD CON BARREDURA,0
438,AFRICAN ROADRUNNER,MAIZ AMARILLO ARGENTINO,JORNADA 7,15-23,202412260516,-,2,BODEGA 2,-,2024-12-26 14:15:00,2024-12-26 16:05:00,2024-12-26 16:13:00,00:08:00,01:50:00,-,2260516,D1J772,TRANSJIBAJA S.A.C.,129034,48840,17000,31840,31.84,CHANCAY - 5003,2024-12-26 16:39:00,00:26:00,02:24:00,2024-12-26 17:15:00,48790,16930,31860,20,2024-12-26 17:32:00,00:36:00,00:17:00,03:17:00,0,0
439,AFRICAN ROADRUNNER,MAIZ AMARILLO ARGENTINO,JORNADA 7,15-23,202412260488,-,2,BODEGA 2,-,2024-12-26 13:19:00,2024-12-26 16:20:00,2024-12-26 16:35:00,00:15:00,03:01:00,-,2260488,BMO703,VILMA ROJAS,129036,51860,18800,33060,33.06,CHANCAY - 5003,2024-12-26 16:56:00,00:21:00,03:37:00,2024-12-26 17:40:00,51790,18730,33060,0,2024-12-26 17:59:00,00:44:00,00:19:00,04:40:00,0,0
440,AFRICAN ROADRUNNER,MAIZ AMARILLO ARGENTINO,JORNADA 7,15-23,202412260522,-,2,BODEGA 1,-,2024-12-26 14:16:00,2024-12-26 16:30:00,2024-12-26 16:35:00,00:05:00,02:14:00,-,260522,ANB766,VILMA ROJAS,129041,51300,18300,33000,33,CHANCAY - 5003,2024-12-26 18:12:00,01:37:00,03:56:00,2024-12-26 19:02:00,51220,18220,33000,0,2024-12-26 19:24:00,00:50:00,00:22:00,05:08:00,0,0
441,AFRICAN ROADRUNNER,MAIZ AMARILLO ARGENTINO,JORNADA 7,15-23,202412260505,-,2,BODEGA 3,-,2024-12-26 14:12:00,2024-12-26 16:43:00,2024-12-26 16:56:00,00:13:00,02:31:00,-,2260505,D7W933,TOSA E.I.R.L.,129037,52940,17420,35520,35.52,CHANCAY - 5003,2024-12-26 17:01:00,00:05:00,02:49:00,2024-12-26 17:38:00,52860,17340,35520,0,2024-12-26 17:56:00,00:37:00,00:18:00,03:44:00,0,0
442,AFRICAN ROADRUNNER,MAIZ AMARILLO ARGENTINO,JORNADA 7,15-23,202412260519,-,2,BODEGA 2,-,2024-12-26 14:15:00,2024-12-26 16:48:00,2024-12-26 17:01:00,00:13:00,02:33:00,-,986984,C7Y835,TRANSJIBAJA S.A.C.,129038,47320,16680,30640,30.64,GH CHANCAY - 5029,2024-12-26 17:15:00,00:14:00,03:00:00,2024-12-26 17:46:00,47160,16560,30600,-40,2024-12-26 18:01:00,00:31:00,00:15:00,03:46:00,0,0
443,AFRICAN ROADRUNNER,MAIZ AMARILLO ARGENTINO,JORNADA 7,15-23,202412260530,-,2,BODEGA 3,-,2024-12-26 14:32:00,2024-12-26 17:00:00,2024-12-26 17:05:00,00:05:00,02:28:00,-,260530,D3Y881,TRANSJIBAJA S.A.C.,129042,49540,16320,33220,33.22,CHANCAY - 5003,2024-12-26 18:13:00,01:08:00,03:41:00,2024-12-26 19:04:00,49480,16260,33220,0,2024-12-26 19:27:00,00:51:00,00:23:00,04:55:00,0,0
444,AFRICAN ROADRUNNER,MAIZ AMARILLO ARGENTINO,JORNADA 7,15-23,202412260524,-,2,BODEGA 3,-,2024-12-26 14:21:00,2024-12-26 17:10:00,2024-12-26 17:15:00,00:05:00,02:49:00,-,260524,T9T864,TRANSJIBAJA S.A.C.,129043,52400,17360,35040,35.04,CHANCAY - 5003,2024-12-26 18:14:00,00:59:00,03:53:00,2024-12-26 19:00:00,52310,17280,35030,-10,2024-12-26 19:18:00,00:46:00,00:18:00,04:57:00,0,0
445,AFRICAN ROADRUNNER,MAIZ AMARILLO ARGENTINO,JORNADA 7,15-23,202412260548,-,2,BODEGA 3,-,2024-12-26 15:16:00,2024-12-26 17:24:00,2024-12-26 17:30:00,00:06:00,02:08:00,-,260548,ABV921,TOSA E.I.R.L.,129050,48740,16760,31980,31.98,CHANCAY - 5003,2024-12-26 18:58:00,01:28:00,03:42:00,2024-12-26 19:36:00,48680,16690,31990,10,2024-12-26 20:22:00,00:38:00,00:46:00,05:06:00,0,0
446,AFRICAN ROADRUNNER,MAIZ AMARILLO ARGENTINO,JORNADA 7,15-23,202412260534,-,2,BODEGA 3,-,2024-12-26 14:52:00,2024-12-26 17:25:00,2024-12-26 17:30:00,00:05:00,02:33:00,-,260534,AJG777,VILMA ROJAS,129044,49860,18020,31840,31.84,CHANCAY - 5003,2024-12-26 18:17:00,00:47:00,03:25:00,2024-12-26 19:06:00,49780,17970,31810,-30,2024-12-26 19:39:00,00:49:00,00:33:00,04:47:00,0,0
447,AFRICAN ROADRUNNER,MAIZ AMARILLO ARGENTINO,JORNADA 7,15-23,202412260531,-,2,BODEGA 1,-,2024-12-26 14:26:00,2024-12-26 17:35:00,2024-12-26 17:40:00,00:05:00,03:09:00,-,260531,AJI820,TOSA E.I.R.L.,129045,48560,17600,30960,30.96,CHANCAY - 5003,2024-12-26 18:20:00,00:40:00,03:54:00,2024-12-26 19:08:00,48500,17520,30980,20,2024-12-26 19:42:00,00:48:00,00:34:00,05:16:00,0,0
448,AFRICAN ROADRUNNER,MAIZ AMARILLO ARGENTINO,JORNADA 7,15-23,202412260538,-,2,BODEGA 3,-,2024-12-26 15:10:00,2024-12-26 17:45:00,2024-12-26 17:50:00,00:05:00,02:35:00,-,260538,ABP703,TRANSJIBAJA S.A.C.,129046,48720,16780,31940,31.94,CHANCAY - 5003,2024-12-26 18:38:00,00:48:00,03:28:00,2024-12-26 19:13:00,48630,16690,31940,0,2024-12-26 20:05:00,00:35:00,00:52:00,04:55:00,0,0
449,AFRICAN ROADRUNNER,MAIZ AMARILLO ARGENTINO,JORNADA 7,15-23,202412260545,-,2,BODEGA 3,-,2024-12-26 15:14:00,2024-12-26 17:55:00,2024-12-26 18:00:00,00:05:00,02:41:00,-,2260545,BDD892,VILMA ROJAS,129047,50360,17660,32700,32.7,CHANCAY - 5003,2024-12-26 18:40:00,00:40:00,03:26:00,2024-12-26 19:10:00,50280,17560,32720,20,2024-12-26 19:47:00,00:30:00,00:37:00,04:33:00,0,0
450,AFRICAN ROADRUNNER,MAIZ AMARILLO ARGENTINO,JORNADA 7,15-23,202412260547,-,2,BODEGA 1,-,2024-12-26 15:15:00,2024-12-26 18:05:00,2024-12-26 18:10:00,00:05:00,02:50:00,-,986987,C2B789,TRANSJIBAJA S.A.C.,129049,50140,16480,33660,33.66,GH CHANCAY - 5029,2024-12-26 18:57:00,00:47:00,03:42:00,2024-12-26 19:25:00,50030,16400,33630,-30,2024-12-26 19:34:00,00:28:00,00:09:00,04:19:00,0,0
451,AFRICAN ROADRUNNER,MAIZ AMARILLO ARGENTINO,JORNADA 7,15-23,202412260523,-,2,BODEGA 1,-,2024-12-26 14:16:00,2024-12-26 18:05:00,2024-12-26 18:10:00,00:05:00,03:49:00,-,986986,ADZ884,TRANSJIBAJA S.A.C.,129048,47080,16000,31080,31.08,GH CHANCAY - 5029,2024-12-26 18:50:00,00:40:00,04:34:00,2024-12-26 19:17:00,46950,15910,31040,-40,2024-12-26 19:27:00,00:27:00,00:10:00,05:11:00,0,0
452,AFRICAN ROADRUNNER,MAIZ AMARILLO ARGENTINO,JORNADA 7,15-23,202412260563,-,2,BODEGA 3,-,2024-12-26 15:59:00,2024-12-26 18:20:00,2024-12-26 18:25:00,00:05:00,02:21:00,-,986989,ACU930,TRANSJIBAJA S.A.C.,129052,50340,16440,33900,33.9,GH CHANCAY - 5029,2024-12-26 19:30:00,01:05:00,03:31:00,2024-12-26 20:03:00,50210,16370,33840,-60,2024-12-26 20:25:00,00:33:00,00:22:00,04:26:00,0,0
453,AFRICAN ROADRUNNER,MAIZ AMARILLO ARGENTINO,JORNADA 7,15-23,202412260550,-,2,BODEGA 1,-,2024-12-26 15:22:00,2024-12-26 18:50:00,2024-12-26 18:55:00,00:05:00,03:28:00,-,986988,ASZ864,TRANSJIBAJA S.A.C.,129051,50860,17060,33800,33.8,GH CHANCAY - 5029,2024-12-26 19:14:00,00:19:00,03:52:00,2024-12-26 19:43:00,50740,16970,33770,-30,2024-12-26 19:51:00,00:29:00,00:08:00,04:29:00,0,0
454,AFRICAN ROADRUNNER,MAIZ AMARILLO ARGENTINO,JORNADA 7,15-23,202412260569,-,2,BODEGA 1,-,2024-12-26 16:02:00,2024-12-26 18:53:00,2024-12-26 19:00:00,00:07:00,02:51:00,-,986990,ASF702,TRANSJIBAJA S.A.C.,129054,49440,17120,32320,32.32,GH CHANCAY - 5029,2024-12-26 19:33:00,00:33:00,03:31:00,2024-12-26 20:06:00,49330,17040,32290,-30,2024-12-26 20:29:00,00:33:00,00:23:00,04:27:00,0,0
455,AFRICAN ROADRUNNER,MAIZ AMARILLO ARGENTINO,JORNADA 7,15-23,202412260554,-,2,BODEGA 1,-,2024-12-26 15:55:00,2024-12-26 19:00:00,2024-12-26 19:05:00,00:05:00,03:05:00,-,2260554,D7X754,TOSA E.I.R.L.,129053,46760,17180,29580,29.58,CHANCAY - 5003,2024-12-26 19:33:00,00:28:00,03:38:00,2024-12-26 20:11:00,46680,17120,29560,-20,2024-12-26 20:27:00,00:38:00,00:16:00,04:32:00,0,0
456,AFRICAN ROADRUNNER,MAIZ AMARILLO ARGENTINO,JORNADA 7,15-23,202412260566,-,2,BODEGA 1,-,2024-12-26 15:59:00,2024-12-26 19:05:00,2024-12-26 19:10:00,00:05:00,03:06:00,-,986985,AJP818,VILMA ROJAS,129055,50300,18700,31600,31.6,GH CHANCAY - 5029,2024-12-26 19:37:00,00:27:00,03:38:00,2024-12-26 20:08:00,50190,18610,31580,-20,2024-12-26 20:43:00,00:31:00,00:35:00,04:44:00,0,0
457,AFRICAN ROADRUNNER,MAIZ AMARILLO ARGENTINO,JORNADA 7,15-23,202412260573,-,2,BODEGA 1,-,2024-12-26 16:16:00,2024-12-26 19:15:00,2024-12-26 19:20:00,00:05:00,02:59:00,-,2260573,AWS916,TOSA E.I.R.L.,129056,55000,17640,37360,37.36,CHANCAY - 5003,2024-12-26 19:42:00,00:22:00,03:26:00,2024-12-26 20:16:00,54950,17600,37350,-10,2024-12-26 20:38:00,00:34:00,00:22:00,04:22:00,0,0
458,AFRICAN ROADRUNNER,MAIZ AMARILLO ARGENTINO,JORNADA 7,15-23,202412260570,-,2,BODEGA 3,-,2024-12-26 16:09:00,2024-12-26 19:25:00,2024-12-26 19:30:00,00:05:00,03:16:00,-,2260570,AJP762,VILMA ROJAS,129057,49380,17960,31420,31.42,CHANCAY - 5003,2024-12-26 19:49:00,00:19:00,03:40:00,2024-12-26 20:23:00,49320,17890,31430,10,2024-12-26 20:46:00,00:34:00,00:23:00,04:37:00,0,0
459,AFRICAN ROADRUNNER,MAIZ AMARILLO ARGENTINO,JORNADA 7,15-23,202412260582,-,2,BODEGA 1,-,2024-12-26 16:22:00,2024-12-26 19:40:00,2024-12-26 19:45:00,00:05:00,03:18:00,-,2260582,BMO774,VILMA ROJAS,129058,52440,18820,33620,33.62,CHANCAY - 5003,2024-12-26 20:07:00,00:22:00,03:45:00,2024-12-26 20:32:00,52370,18760,33610,-10,2024-12-26 20:51:00,00:25:00,00:19:00,04:29:00,0,0
460,AFRICAN ROADRUNNER,MAIZ AMARILLO ARGENTINO,JORNADA 7,15-23,202412260587,-,2,BODEGA 3,-,2024-12-26 16:32:00,2024-12-26 19:45:00,2024-12-26 19:50:00,00:05:00,03:13:00,-,2260587,C6D781,TRANSJIBAJA S.A.C.,129060,50160,16620,33540,33.54,CHANCAY - 5003,2024-12-26 20:30:00,00:40:00,03:58:00,2024-12-26 20:55:00,50030,16510,33520,-20,2024-12-26 21:11:00,00:25:00,00:16:00,04:39:00,0,0
461,AFRICAN ROADRUNNER,MAIZ AMARILLO ARGENTINO,JORNADA 7,15-23,202412260613,-,2,BODEGA 3,-,2024-12-26 16:59:00,2024-12-26 19:47:00,2024-12-26 19:52:00,00:05:00,02:48:00,-,2260613,D7P795,TRANSJIBAJA S.A.C.,129068,54940,17500,37440,37.44,CHANCAY - 5003,2024-12-26 21:37:00,01:45:00,04:38:00,2024-12-26 21:57:00,54860,17440,37420,-20,2024-12-26 22:15:00,00:20:00,00:18:00,05:16:00,0,0
462,AFRICAN ROADRUNNER,MAIZ AMARILLO ARGENTINO,JORNADA 7,15-23,202412260574,-,2,BODEGA 3,-,2024-12-26 16:19:00,2024-12-26 19:48:00,2024-12-26 19:54:00,00:06:00,03:29:00,-,2260574,BDE743,VILMA ROJAS,129059,56300,17960,38340,38.34,CHANCAY - 5003,2024-12-26 20:19:00,00:25:00,04:00:00,2024-12-26 20:41:00,56230,17860,38370,30,2024-12-26 20:59:00,00:22:00,00:18:00,04:40:00,0,0
463,AFRICAN ROADRUNNER,MAIZ AMARILLO ARGENTINO,JORNADA 7,15-23,202412260590,-,2,BODEGA 1,-,2024-12-26 16:32:00,2024-12-26 20:00:00,2024-12-26 20:05:00,00:05:00,03:28:00,-,2260590,AJE884,VILMA ROJAS,129061,56440,18820,37620,37.62,CHANCAY - 5003,2024-12-26 20:35:00,00:30:00,04:03:00,2024-12-26 21:06:00,56250,18690,37560,-60,2024-12-26 21:24:00,00:31:00,00:18:00,04:52:00,0,0
464,AFRICAN ROADRUNNER,MAIZ AMARILLO ARGENTINO,JORNADA 7,15-23,202412260600,-,2,BODEGA 1,-,2024-12-26 16:33:00,2024-12-26 20:05:00,2024-12-26 20:10:00,00:05:00,03:32:00,-,987007,AFX858,TOSA E.I.R.L.,129063,53960,16900,37060,37.06,GH CHANCAY - 5029,2024-12-26 20:54:00,00:44:00,04:21:00,2024-12-26 21:33:00,53830,16810,37020,-40,2024-12-26 21:41:00,00:39:00,00:08:00,05:08:00,0,0
465,AFRICAN ROADRUNNER,MAIZ AMARILLO ARGENTINO,JORNADA 7,15-23,202412260591,-,2,BODEGA 1,-,2024-12-26 16:35:00,2024-12-26 20:15:00,2024-12-26 20:20:00,00:05:00,03:40:00,-,2260591,ABY907,TOSA E.I.R.L.,129062,50880,16820,34060,34.06,CHANCAY - 5003,2024-12-26 20:43:00,00:23:00,04:08:00,2024-12-26 21:10:00,50820,16750,34070,10,2024-12-26 21:29:00,00:27:00,00:19:00,04:54:00,0,0
466,AFRICAN ROADRUNNER,MAIZ AMARILLO ARGENTINO,JORNADA 7,15-23,202412260604,-,2,BODEGA 3,-,2024-12-26 16:52:00,2024-12-26 20:35:00,2024-12-26 20:39:00,00:04:00,03:43:00,-,2260604,AUL936,TOSA E.I.R.L.,129065,53040,16980,36060,36.06,CHANCAY - 5003,2024-12-26 21:14:00,00:35:00,04:22:00,2024-12-26 21:44:00,52970,16940,36030,-30,2024-12-26 21:57:00,00:30:00,00:13:00,05:05:00,0,0
467,AFRICAN ROADRUNNER,MAIZ AMARILLO ARGENTINO,JORNADA 7,15-23,202412260609,-,2,BODEGA 3,-,2024-12-26 16:57:00,2024-12-26 20:46:00,2024-12-26 20:50:00,00:04:00,03:49:00,-,2260609,BDD755,VILMA ROJAS,129067,53860,17840,36020,36.02,CHANCAY - 5003,2024-12-26 21:25:00,00:35:00,04:28:00,2024-12-26 21:46:00,53780,17780,36000,-20,2024-12-26 22:02:00,00:21:00,00:16:00,05:05:00,0,0
468,AFRICAN ROADRUNNER,MAIZ AMARILLO ARGENTINO,JORNADA 7,15-23,202412260665,-,2,BODEGA 3,-,2024-12-26 19:42:00,2024-12-26 20:51:00,2024-12-26 20:55:00,00:04:00,01:09:00,-,2260665,ANB766,VILMA ROJAS,129066,56800,18280,38520,38.52,CHANCAY - 5003,2024-12-26 21:19:00,00:24:00,01:37:00,2024-12-26 21:39:00,56720,18210,38510,-10,2024-12-26 22:06:00,00:20:00,00:27:00,02:24:00,0,0
469,AFRICAN ROADRUNNER,MAIZ AMARILLO ARGENTINO,JORNADA 7,15-23,202412260602,-,2,BODEGA 1,-,2024-12-26 16:44:00,2024-12-26 20:52:00,2024-12-26 20:57:00,00:05:00,04:08:00,-,2260602,APN941,TRANSJIBAJA S.A.C.,129064,54060,16840,37220,37.22,CHANCAY - 5003,2024-12-26 21:14:00,00:17:00,04:30:00,2024-12-26 21:26:00,53990,16780,37210,-10,2024-12-26 21:41:00,00:12:00,00:15:00,04:57:00,0,0
470,AFRICAN ROADRUNNER,MAIZ AMARILLO ARGENTINO,JORNADA 7,15-23,202412260594,-,2,BODEGA 1,-,2024-12-26 16:35:00,2024-12-26 21:00:00,2024-12-26 21:05:00,00:05:00,04:25:00,-,2260594,BYP721,TOSA E.I.R.L.,129069,52760,18460,34300,34.3,CHANCAY - 5003,2024-12-26 21:37:00,00:32:00,05:02:00,2024-12-26 22:00:00,52690,18390,34300,0,2024-12-26 22:25:00,00:23:00,00:25:00,05:50:00,0,0
471,AFRICAN ROADRUNNER,MAIZ AMARILLO ARGENTINO,JORNADA 7,15-23,202412260615,-,2,BODEGA 1,-,2024-12-26 17:00:00,2024-12-26 21:10:00,2024-12-26 21:15:00,00:05:00,04:10:00,-,260615,BYP751,TOSA E.I.R.L.,129070,52760,18340,34420,34.42,CHANCAY - 5003,2024-12-26 21:58:00,00:43:00,04:58:00,2024-12-26 22:22:00,52740,18290,34450,30,2024-12-26 23:09:00,00:24:00,00:47:00,06:09:00,0,0
472,AFRICAN ROADRUNNER,MAIZ AMARILLO ARGENTINO,JORNADA 7,15-23,202412260616,-,2,BODEGA 3,-,2024-12-26 17:08:00,2024-12-26 21:35:00,2024-12-26 21:40:00,00:05:00,04:27:00,-,2260616,D6H785,TRANSJIBAJA S.A.C.,129072,48640,16040,32600,32.6,CHANCAY - 5003,2024-12-26 22:07:00,00:27:00,04:59:00,2024-12-26 22:27:00,48580,15980,32600,0,2024-12-26 23:04:00,00:20:00,00:37:00,05:56:00,0,0
473,AFRICAN ROADRUNNER,MAIZ AMARILLO ARGENTINO,JORNADA 7,15-23,202412260618,-,2,BODEGA 1,-,2024-12-26 17:14:00,2024-12-26 21:40:00,2024-12-26 21:45:00,00:05:00,04:26:00,-,2260618,AWS791,TOSA E.I.R.L.,129071,53020,17720,35300,35.3,CHANCAY - 5003,2024-12-26 22:04:00,00:19:00,04:50:00,2024-12-26 22:31:00,52950,17650,35300,0,2024-12-26 23:13:00,00:27:00,00:42:00,05:59:00,0,0
474,AFRICAN ROADRUNNER,MAIZ AMARILLO ARGENTINO,JORNADA 7,15-23,202412260623,-,2,BODEGA 1,-,2024-12-26 17:14:00,2024-12-26 21:50:00,2024-12-26 21:54:00,00:04:00,04:36:00,-,987008,ATA883,TOSA E.I.R.L.,129073,49380,16800,32580,32.58,GH CHANCAY - 5029,2024-12-26 22:26:00,00:32:00,05:12:00,2024-12-26 23:13:00,49280,16720,32560,-20,2024-12-26 23:35:00,00:47:00,00:22:00,06:21:00,0,0
475,AFRICAN ROADRUNNER,MAIZ AMARILLO ARGENTINO,JORNADA 7,15-23,202412260639,-,2,BODEGA 1,-,2024-12-26 17:32:00,2024-12-26 22:18:00,2024-12-26 22:23:00,00:05:00,04:46:00,-,2260639,AJD804,VILMA ROJAS,129078,53380,18360,35020,35.02,CHANCAY - 5003,2024-12-27 00:38:00,02:15:00,07:06:00,2024-12-27 01:01:00,53310,18280,35030,10,2024-12-27 01:30:00,00:23:00,00:29:00,07:58:00,0,0
476,AFRICAN ROADRUNNER,MAIZ AMARILLO ARGENTINO,JORNADA 7,15-23,202412260629,-,2,BODEGA 3,-,2024-12-26 17:14:00,2024-12-26 23:00:00,2024-12-26 23:05:00,00:05:00,05:46:00,-,2260629,D8A721,TOSA E.I.R.L.,129075,52820,17260,35560,35.56,CHANCAY - 5003,2024-12-26 23:30:00,00:25:00,06:16:00,2024-12-26 23:57:00,52730,17160,35570,10,2024-12-27 00:29:00,00:27:00,00:32:00,07:15:00,0,0
477,AFRICAN ROADRUNNER,MAIZ AMARILLO ARGENTINO,JORNADA 8,2025-07-23 00:00:00,202412260640,-,2,BODEGA 1,-,2024-12-26 17:34:00,2024-12-26 23:05:00,2024-12-26 23:10:00,00:05:00,05:31:00,-,2260640,F4E751,TRANSJIBAJA S.A.C.,129079,51100,16820,34280,34.28,CHANCAY - 5003,2024-12-27 00:50:00,01:40:00,07:16:00,2024-12-27 01:09:00,51040,16750,34290,10,2024-12-27 01:33:00,00:19:00,00:24:00,07:59:00,0,0
478,AFRICAN ROADRUNNER,MAIZ AMARILLO ARGENTINO,JORNADA 8,2025-07-23 00:00:00,202412260633,-,2,BODEGA 3,-,2024-12-26 17:16:00,2024-12-26 23:15:00,2024-12-26 23:20:00,00:05:00,05:59:00,-,987009,D7H920,TRANSJIBAJA S.A.C.,129074,50680,17100,33580,33.58,GH CHANCAY - 5029,2024-12-26 23:40:00,00:20:00,06:24:00,2024-12-27 00:05:00,50530,16990,33540,-40,2024-12-27 00:12:00,00:25:00,00:07:00,06:56:00,0,0
479,AFRICAN ROADRUNNER,MAIZ AMARILLO ARGENTINO,JORNADA 8,2025-07-23 00:00:00,202412260635,-,2,BODEGA 1,-,2024-12-26 17:23:00,2024-12-26 23:20:00,2024-12-26 23:25:00,00:05:00,05:57:00,-,987010,C7Y834,TRANSJIBAJA S.A.C.,129076,49300,17180,32120,32.12,GH CHANCAY - 5029,2024-12-27 00:02:00,00:37:00,06:39:00,2024-12-27 00:25:00,49160,17100,32060,-60,2024-12-27 00:35:00,00:23:00,00:10:00,07:12:00,0,0
480,AFRICAN ROADRUNNER,MAIZ AMARILLO ARGENTINO,JORNADA 8,2025-07-23 00:00:00,202412260638,-,2,BODEGA 1,-,2024-12-26 17:31:00,2024-12-26 23:22:00,2024-12-26 23:27:00,00:05:00,05:51:00,-,987011,AKV816,TOSA E.I.R.L.,129077,51300,17160,34140,34.14,GH CHANCAY - 5029,2024-12-27 00:21:00,00:54:00,06:50:00,2024-12-27 00:55:00,51180,17060,34120,-20,2024-12-27 01:29:00,00:34:00,00:34:00,07:58:00,0,0
481,AFRICAN ROADRUNNER,MAIZ AMARILLO ARGENTINO,JORNADA 8,2025-07-23 00:00:00,202412260641,-,2,BODEGA 1,-,2024-12-26 17:34:00,2024-12-27 00:05:00,2024-12-27 00:10:00,00:05:00,06:31:00,-,2260641,D0Q776,TRANSJIBAJA S.A.C.,129080,47640,16400,31240,31.24,CHANCAY - 5003,2024-12-27 01:05:00,00:55:00,07:31:00,2024-12-27 01:40:00,47600,16350,31250,10,2024-12-27 02:00:00,00:35:00,00:20:00,08:26:00,0,0
482,AFRICAN ROADRUNNER,MAIZ AMARILLO ARGENTINO,JORNADA 8,2025-07-23 00:00:00,202412260643,-,2,BODEGA 1,-,2024-12-26 17:37:00,2024-12-27 00:20:00,2024-12-27 00:25:00,00:05:00,06:43:00,-,2260643,ASA876,TOSA E.I.R.L.,129081,51640,17260,34380,34.38,CHANCAY - 5003,2024-12-27 01:18:00,00:53:00,07:41:00,2024-12-27 01:54:00,51570,17190,34380,0,2024-12-27 02:14:00,00:36:00,00:20:00,08:37:00,0,0
483,AFRICAN ROADRUNNER,MAIZ AMARILLO ARGENTINO,JORNADA 8,2025-07-23 00:00:00,202412260647,-,2,BODEGA 3,-,2024-12-26 17:39:00,2024-12-27 00:23:00,2024-12-27 00:28:00,00:05:00,06:44:00,-,2260647,F1K772,TRANSJIBAJA S.A.C.,129082,52080,16920,35160,35.16,CHANCAY - 5003,2024-12-27 01:21:00,00:53:00,07:42:00,2024-12-27 01:51:00,52020,16850,35170,10,2024-12-27 02:04:00,00:30:00,00:13:00,08:25:00,0,0
484,AFRICAN ROADRUNNER,MAIZ AMARILLO ARGENTINO,JORNADA 8,2025-07-23 00:00:00,202412260650,-,2,BODEGA 3,-,2024-12-26 17:41:00,2024-12-27 00:25:00,2024-12-27 00:30:00,00:05:00,06:44:00,-,2260650,BMN703,VILMA ROJAS,129083,54760,19020,35740,35.74,CHANCAY - 5003,2024-12-27 01:39:00,01:09:00,07:58:00,2024-12-27 01:57:00,54670,18930,35740,0,2024-12-27 02:17:00,00:18:00,00:20:00,08:36:00,0,0
485,AFRICAN ROADRUNNER,MAIZ AMARILLO ARGENTINO,JORNADA 8,2025-07-23 00:00:00,202412260654,-,2,BODEGA 3,-,2024-12-26 18:00:00,2024-12-27 01:05:00,2024-12-27 01:10:00,00:05:00,07:05:00,-,2260654,APP823,TRANSJIBAJA S.A.C.,129084,52560,17460,35100,35.1,CHANCAY - 5003,2024-12-27 02:26:00,01:16:00,08:26:00,2024-12-27 02:50:00,52490,17380,35110,10,2024-12-27 03:01:00,00:24:00,00:11:00,09:01:00,0,0
486,AFRICAN ROADRUNNER,MAIZ AMARILLO ARGENTINO,JORNADA 8,2025-07-23 00:00:00,202412260657,-,2,BODEGA 1,-,2024-12-26 18:11:00,2024-12-27 01:25:00,2024-12-27 01:30:00,00:05:00,07:14:00,-,987012,D7W933,TOSA E.I.R.L.,129085,53460,17400,36060,36.06,GH CHANCAY - 5029,2024-12-27 02:29:00,00:59:00,08:18:00,2024-12-27 03:13:00,53350,17320,36030,-30,2024-12-27 03:30:00,00:44:00,00:17:00,09:19:00,0,0
487,AFRICAN ROADRUNNER,MAIZ AMARILLO ARGENTINO,JORNADA 8,2025-07-23 00:00:00,202412260656,-,2,BODEGA 3,-,2024-12-26 18:03:00,2024-12-27 01:30:00,2024-12-27 01:35:00,00:05:00,07:27:00,-,987013,BUY724,TOSA E.I.R.L.,129086,53760,18260,35500,35.5,GH CHANCAY - 5029,2024-12-27 02:29:00,00:54:00,08:26:00,2024-12-27 03:15:00,53650,18190,35460,-40,2024-12-27 03:34:00,00:46:00,00:19:00,09:31:00,0,0
488,AFRICAN ROADRUNNER,MAIZ AMARILLO ARGENTINO,JORNADA 8,2025-07-23 00:00:00,202412260809,-,2,BODEGA 1,-,2024-12-26 23:22:00,2024-12-27 01:35:00,2024-12-27 01:40:00,00:05:00,02:13:00,-,2260809,AZT768,TOSA E.I.R.L.,129090,56160,17820,38340,38.34,CHANCAY - 5003,2024-12-27 02:54:00,01:14:00,03:32:00,2024-12-27 03:24:00,56090,17790,38300,-40,2024-12-27 03:58:00,00:30:00,00:34:00,04:36:00,0,0
489,AFRICAN ROADRUNNER,MAIZ AMARILLO ARGENTINO,JORNADA 8,2025-07-23 00:00:00,202412260658,-,2,BODEGA 1,-,2024-12-26 18:13:00,2024-12-27 01:40:00,2024-12-27 01:45:00,00:05:00,07:27:00,-,2260658,BMO703,VILMA ROJAS,129087,56740,18780,37960,37.96,CHANCAY - 5003,2024-12-27 02:41:00,00:56:00,08:28:00,2024-12-27 03:12:00,56690,18730,37960,0,2024-12-27 03:29:00,00:31:00,00:17:00,09:16:00,0,0
490,AFRICAN ROADRUNNER,MAIZ AMARILLO ARGENTINO,JORNADA 8,2025-07-23 00:00:00,202412260660,-,2,BODEGA 1,-,2024-12-26 18:18:00,2024-12-27 01:50:00,2024-12-27 01:55:00,00:05:00,07:32:00,-,987014,D1J772,TRANSJIBAJA S.A.C.,129088,49540,17000,32540,32.54,GH CHANCAY - 5029,2024-12-27 02:45:00,00:50:00,08:27:00,2024-12-27 03:24:00,49420,16920,32500,-40,2024-12-27 03:50:00,00:39:00,00:26:00,09:32:00,0,0
491,AFRICAN ROADRUNNER,MAIZ AMARILLO ARGENTINO,JORNADA 8,2025-07-23 00:00:00,202412260662,-,2,BODEGA 3,-,2024-12-26 18:30:00,2024-12-27 02:00:00,2024-12-27 02:05:00,00:05:00,07:30:00,-,260662,C7Y835,TRANSJIBAJA S.A.C.,129089,51280,16680,34600,34.6,CHANCAY - 5003,2024-12-27 02:51:00,00:46:00,08:21:00,2024-12-27 03:19:00,51180,16570,34610,10,2024-12-27 03:54:00,00:28:00,00:35:00,09:24:00,0,0
492,AFRICAN ROADRUNNER,MAIZ AMARILLO ARGENTINO,JORNADA 8,2025-07-23 00:00:00,202412260811,-,2,BODEGA 1,-,2024-12-26 23:24:00,2024-12-27 02:00:00,2024-12-27 02:05:00,00:05:00,02:36:00,-,2260811,BYP751,TOSA E.I.R.L.,129091,51480,18340,33140,33.14,CHANCAY - 5003,2024-12-27 03:01:00,00:56:00,03:37:00,2024-12-27 03:40:00,51430,18290,33140,0,2024-12-27 04:06:00,00:39:00,00:26:00,04:42:00,0,0
493,AFRICAN ROADRUNNER,MAIZ AMARILLO ARGENTINO,JORNADA 8,2025-07-23 00:00:00,202412260677,-,2,BODEGA 3,-,2024-12-26 20:13:00,2024-12-27 02:18:00,2024-12-27 02:23:00,00:05:00,06:05:00,-,987018,ASZ864,TRANSJIBAJA S.A.C.,129092,53980,17060,36920,36.92,GH CHANCAY - 5029,2024-12-27 03:04:00,00:41:00,06:51:00,2024-12-27 03:43:00,53880,16970,36910,-10,2024-12-27 03:55:00,00:39:00,00:12:00,07:42:00,0,0
494,AFRICAN ROADRUNNER,MAIZ AMARILLO ARGENTINO,JORNADA 8,2025-07-23 00:00:00,202412260681,-,2,BODEGA 1,-,2024-12-26 20:18:00,2024-12-27 02:35:00,2024-12-27 02:40:00,00:05:00,06:17:00,-,987017,T9T864,TRANSJIBAJA S.A.C.,129093,54540,17360,37180,37.18,GH CHANCAY - 5029,2024-12-27 03:12:00,00:32:00,06:54:00,2024-12-27 03:45:00,54380,17260,37120,-60,2024-12-27 04:05:00,00:33:00,00:20:00,07:47:00,0,0
495,AFRICAN ROADRUNNER,MAIZ AMARILLO ARGENTINO,JORNADA 8,2025-07-23 00:00:00,202412260680,-,2,BODEGA 1,-,2024-12-26 20:20:00,2024-12-27 02:40:00,2024-12-27 02:45:00,00:05:00,06:20:00,-,2260680,D3Y881,TRANSJIBAJA S.A.C.,129094,49460,16320,33140,33.14,CHANCAY - 5003,2024-12-27 03:16:00,00:31:00,06:56:00,2024-12-27 03:38:00,49400,16260,33140,0,2024-12-27 04:02:00,00:22:00,00:24:00,07:42:00,0,0
496,AFRICAN ROADRUNNER,MAIZ AMARILLO ARGENTINO,JORNADA 8,2025-07-23 00:00:00,202412260682,-,2,BODEGA 3,-,2024-12-26 20:25:00,2024-12-27 03:00:00,2024-12-27 03:05:00,00:05:00,06:35:00,-,986992,ADZ884,TRANSJIBAJA S.A.C.,129095,47780,16000,31780,31.78,GH CHANCAY - 5029,2024-12-27 03:33:00,00:28:00,07:08:00,2024-12-27 03:59:00,47660,15910,31750,-30,2024-12-27 04:25:00,00:26:00,00:26:00,08:00:00,0,0
497,AFRICAN ROADRUNNER,MAIZ AMARILLO ARGENTINO,JORNADA 8,2025-07-23 00:00:00,202412260810,-,2,BODEGA 1,-,2024-12-26 23:20:00,2024-12-27 03:05:00,2024-12-27 03:10:00,00:05:00,03:45:00,-,2260810,F0J926,TOSA E.I.R.L.,129096,52220,17200,35020,35.02,CHANCAY - 5003,2024-12-27 03:36:00,00:26:00,04:16:00,2024-12-27 04:11:00,52160,17110,35050,30,2024-12-27 04:24:00,00:35:00,00:13:00,05:04:00,0,0
498,AFRICAN ROADRUNNER,MAIZ AMARILLO ARGENTINO,JORNADA 8,2025-07-23 00:00:00,202412260705,-,2,BODEGA 3,-,2024-12-26 20:32:00,2024-12-27 03:07:00,2024-12-27 03:12:00,00:05:00,06:35:00,-,986998,C9H901,TOSA E.I.R.L.,129098,49380,16280,33100,33.1,GH CHANCAY - 5029,2024-12-27 03:42:00,00:30:00,07:10:00,2024-12-27 04:18:00,49260,16200,33060,-40,2024-12-27 04:29:00,00:36:00,00:11:00,07:57:00,0,0
499,AFRICAN ROADRUNNER,MAIZ AMARILLO ARGENTINO,JORNADA 8,2025-07-23 00:00:00,202412260704,-,2,BODEGA 1,-,2024-12-26 20:31:00,2024-12-27 03:10:00,2024-12-27 03:15:00,00:05:00,06:39:00,-,987016,BDD892,VILMA ROJAS,129097,55440,17640,37800,37.8,GH CHANCAY - 5029,2024-12-27 03:36:00,00:21:00,07:05:00,2024-12-27 04:03:00,55310,17540,37770,-30,2024-12-27 04:21:00,00:27:00,00:18:00,07:50:00,0,0
500,AFRICAN ROADRUNNER,MAIZ AMARILLO ARGENTINO,JORNADA 8,2025-07-23 00:00:00,202412260707,-,2,BODEGA 1,-,2024-12-26 20:34:00,2024-12-27 03:22:00,2024-12-27 03:27:00,00:05:00,06:48:00,-,986999,AJI820,TOSA E.I.R.L.,129099,53440,17600,35840,35.84,GH CHANCAY - 5029,2024-12-27 03:47:00,00:20:00,07:13:00,2024-12-27 04:38:00,53320,17490,35830,-10,2024-12-27 04:57:00,00:51:00,00:19:00,08:23:00,0,0
501,AFRICAN ROADRUNNER,MAIZ AMARILLO ARGENTINO,JORNADA 8,2025-07-23 00:00:00,202412260713,-,2,BODEGA 3,-,2024-12-26 20:37:00,2024-12-27 03:30:00,2024-12-27 03:35:00,00:05:00,06:53:00,-,987000,AUL898,TOSA E.I.R.L.,129100,50200,17000,33200,33.2,GH CHANCAY - 5029,2024-12-27 03:55:00,00:20:00,07:18:00,2024-12-27 04:41:00,50090,16920,33170,-30,2024-12-27 05:03:00,00:46:00,00:22:00,08:26:00,0,0
502,AFRICAN ROADRUNNER,MAIZ AMARILLO ARGENTINO,JORNADA 8,2025-07-23 00:00:00,202412260728,-,2,BODEGA 3,-,2024-12-26 20:45:00,2024-12-27 03:30:00,2024-12-27 03:35:00,00:05:00,06:45:00,-,986971,ABP703,TRANSJIBAJA S.A.C.,129102,51800,16760,35040,35.04,GH CHANCAY - 5029,2024-12-27 04:34:00,00:59:00,07:49:00,2024-12-27 04:54:00,51670,16680,34990,-50,2024-12-27 05:39:00,00:20:00,00:45:00,08:54:00,0,0
503,AFRICAN ROADRUNNER,MAIZ AMARILLO ARGENTINO,JORNADA 8,2025-07-23 00:00:00,202412260723,-,2,BODEGA 1,-,2024-12-26 20:41:00,2024-12-27 03:45:00,2024-12-27 03:50:00,00:05:00,07:04:00,-,986970,ACU930,TRANSJIBAJA S.A.C.,129101,53840,16440,37400,37.4,GH CHANCAY - 5029,2024-12-27 04:05:00,00:15:00,07:24:00,2024-12-27 04:43:00,53730,16360,37370,-30,2024-12-27 05:17:00,00:38:00,00:34:00,08:36:00,0,0
504,AFRICAN ROADRUNNER,MAIZ AMARILLO ARGENTINO,JORNADA 8,2025-07-23 00:00:00,202412260724,-,2,BODEGA 3,-,2024-12-26 20:38:00,2024-12-27 03:50:00,2024-12-27 03:55:00,00:05:00,07:12:00,-,2260724,ABV921,TOSA E.I.R.L.,129103,53060,16740,36320,36.32,CHANCAY - 5003,2024-12-27 04:37:00,00:42:00,07:59:00,2024-12-27 05:14:00,52990,16690,36300,-20,2024-12-27 05:28:00,00:37:00,00:14:00,08:50:00,0,0
505,AFRICAN ROADRUNNER,MAIZ AMARILLO ARGENTINO,JORNADA 8,2025-07-23 00:00:00,202412260729,-,2,BODEGA 1,-,2024-12-26 20:51:00,2024-12-27 04:00:00,2024-12-27 04:05:00,00:05:00,07:09:00,-,2260729,AZR943,TOSA E.I.R.L.,129104,51100,17700,33400,33.4,CHANCAY - 5003,2024-12-27 04:47:00,00:42:00,07:56:00,2024-12-27 05:17:00,51030,17620,33410,10,2024-12-27 05:35:00,00:30:00,00:18:00,08:44:00,0,0
506,AFRICAN ROADRUNNER,MAIZ AMARILLO ARGENTINO,JORNADA 8,2025-07-23 00:00:00,202412260672,-,2,BODEGA 3,-,2024-12-26 19:59:00,2024-12-27 04:10:00,2024-12-27 04:15:00,00:05:00,08:11:00,-,987019,C2B789,TRANSJIBAJA S.A.C.,129105,53760,16480,37280,37.28,GH CHANCAY - 5029,2024-12-27 04:47:00,00:32:00,08:48:00,2024-12-27 05:13:00,53630,16400,37230,-50,2024-12-27 05:51:00,00:26:00,00:38:00,09:52:00,0,0
507,AFRICAN ROADRUNNER,MAIZ AMARILLO ARGENTINO,JORNADA 8,2025-07-23 00:00:00,202412260742,-,2,BODEGA 1,-,2024-12-26 20:41:00,2024-12-27 04:28:00,2024-12-27 04:32:00,00:04:00,07:47:00,-,987020,F3Q851,TRANSJIBAJA S.A.C.,129106,57120,17580,39540,39.54,GH CHANCAY - 5029,2024-12-27 05:05:00,00:33:00,08:24:00,2024-12-27 05:35:00,56980,17510,39470,-70,2024-12-27 06:08:00,00:30:00,00:33:00,09:27:00,0,0
508,AFRICAN ROADRUNNER,MAIZ AMARILLO ARGENTINO,JORNADA 8,2025-07-23 00:00:00,202412260746,-,2,BODEGA 3,-,2024-12-26 21:05:00,2024-12-27 04:36:00,2024-12-27 04:40:00,00:04:00,07:31:00,-,260746,AZS811,TOSA E.I.R.L.,129107,54580,17360,37220,37.22,CHANCAY - 5003,2024-12-27 05:08:00,00:28:00,08:03:00,2024-12-27 05:32:00,54530,17300,37230,10,2024-12-27 05:50:00,00:24:00,00:18:00,08:45:00,0,0
509,AFRICAN ROADRUNNER,MAIZ AMARILLO ARGENTINO,JORNADA 8,2025-07-23 00:00:00,202412260745,-,2,BODEGA 3,-,2024-12-26 21:01:00,2024-12-27 04:45:00,2024-12-27 04:50:00,00:05:00,07:44:00,-,987015,AJP762,VILMA ROJAS,129108,49300,17940,31360,31.36,GH CHANCAY - 5029,2024-12-27 05:11:00,00:21:00,08:10:00,2024-12-27 05:37:00,49200,17870,31330,-30,2024-12-27 06:12:00,00:26:00,00:35:00,09:11:00,0,0
510,AFRICAN ROADRUNNER,MAIZ AMARILLO ARGENTINO,JORNADA 8,2025-07-23 00:00:00,202412260749,-,2,BODEGA 1,-,2024-12-26 21:20:00,2024-12-27 05:00:00,2024-12-27 05:05:00,00:05:00,07:40:00,-,2260749,D7X754,TOSA E.I.R.L.,129109,53800,17180,36620,36.62,CHANCAY - 5003,2024-12-27 05:20:00,00:15:00,08:00:00,2024-12-27 05:40:00,53740,17120,36620,0,2024-12-27 05:58:00,00:20:00,00:18:00,08:38:00,0,0
511,AFRICAN ROADRUNNER,MAIZ AMARILLO ARGENTINO,JORNADA 8,2025-07-23 00:00:00,202412260754,-,1,BODEGA 3,-,2024-12-26 21:24:00,2024-12-27 05:05:00,2024-12-27 05:10:00,00:05:00,07:41:00,-,2260754,BYP790,TOSA E.I.R.L.,129111,50700,18280,32420,32.42,CHANCAY - 5003,2024-12-27 05:37:00,00:27:00,08:13:00,2024-12-27 06:04:00,50660,18240,32420,0,2024-12-27 06:20:00,00:27:00,00:16:00,08:56:00,0,0
512,AFRICAN ROADRUNNER,MAIZ AMARILLO ARGENTINO,JORNADA 8,2025-07-23 00:00:00,202412260779,-,2,BODEGA 3,-,2024-12-26 21:13:00,2024-12-27 05:10:00,2024-12-27 05:15:00,00:05:00,07:57:00,-,2260779,BDE743,VILMA ROJAS,129110,55420,17940,37480,37.48,CHANCAY - 5003,2024-12-27 05:32:00,00:17:00,08:19:00,2024-12-27 05:54:00,55360,17850,37510,30,2024-12-27 06:13:00,00:22:00,00:19:00,09:00:00,0,0
513,AFRICAN ROADRUNNER,MAIZ AMARILLO ARGENTINO,JORNADA 8,2025-07-23 00:00:00,202412260784,-,1,BODEGA 1,-,2024-12-26 21:38:00,2024-12-27 05:12:00,2024-12-27 05:16:00,00:04:00,07:34:00,-,2260784,AWS916,TOSA E.I.R.L.,129114,51400,17640,33760,33.76,CHANCAY - 5003,2024-12-27 05:59:00,00:43:00,08:21:00,2024-12-27 06:28:00,51340,17590,33750,-10,2024-12-27 07:03:00,00:29:00,00:35:00,09:25:00,0,0
514,AFRICAN ROADRUNNER,MAIZ AMARILLO ARGENTINO,JORNADA 8,2025-07-23 00:00:00,202412260790,-,1,BODEGA 3,-,2024-12-26 22:26:00,2024-12-27 05:15:00,2024-12-27 05:20:00,00:05:00,06:49:00,-,986995,APN941,TRANSJIBAJA S.A.C.,129112,52720,16840,35880,35.88,GH CHANCAY - 5029,2024-12-27 05:50:00,00:30:00,07:24:00,2024-12-27 06:21:00,52620,16760,35860,-20,2024-12-27 06:35:00,00:31:00,00:14:00,08:09:00,0,0
515,AFRICAN ROADRUNNER,MAIZ AMARILLO ARGENTINO,JORNADA 8,2025-07-23 00:00:00,202412260782,-,2,BODEGA 3,-,2024-12-26 19:19:00,2024-12-27 05:20:00,2024-12-27 05:25:00,00:05:00,10:01:00,-,2260782,BDD937,VILMA ROJAS,129113,54700,18000,36700,36.7,CHANCAY - 5003,2024-12-27 05:57:00,00:32:00,10:38:00,2024-12-27 06:30:00,54630,17920,36710,10,2024-12-27 07:06:00,00:33:00,00:36:00,11:47:00,0,0
516,AFRICAN ROADRUNNER,MAIZ AMARILLO ARGENTINO,JORNADA 8,2025-07-23 00:00:00,202412260786,-,2,BODEGA 3,-,2024-12-26 21:41:00,2024-12-27 05:32:00,2024-12-27 05:37:00,00:05:00,07:51:00,-,2260786,BMO774,VILMA ROJAS,129115,57240,18820,38420,38.42,CHANCAY - 5003,2024-12-27 06:02:00,00:25:00,08:21:00,2024-12-27 06:25:00,57180,18760,38420,0,2024-12-27 07:00:00,00:23:00,00:35:00,09:19:00,0,0
517,AFRICAN ROADRUNNER,MAIZ AMARILLO ARGENTINO,JORNADA 8,2025-07-23 00:00:00,202412260794,-,1,BODEGA 3,-,2024-12-26 22:46:00,2024-12-27 05:45:00,2024-12-27 05:50:00,00:05:00,06:59:00,-,986991,BDD755,VILMA ROJAS,129116,53760,17840,35920,35.92,GH CHANCAY - 5029,2024-12-27 06:13:00,00:23:00,07:27:00,2024-12-27 06:40:00,53650,17760,35890,-30,2024-12-27 06:47:00,00:27:00,00:07:00,08:01:00,0,0
518,AFRICAN ROADRUNNER,MAIZ AMARILLO ARGENTINO,JORNADA 8,2025-07-23 00:00:00,202412260788,-,2,BODEGA 1,-,2024-12-26 21:50:00,2024-12-27 05:55:00,2024-12-27 06:00:00,00:05:00,08:05:00,-,986997,C6D781,TRANSJIBAJA S.A.C.,129117,54680,16620,38060,38.06,GH CHANCAY - 5029,2024-12-27 06:18:00,00:18:00,08:28:00,2024-12-27 07:09:00,54500,16500,38000,-60,2024-12-27 07:30:00,00:51:00,00:21:00,09:40:00,0,0
519,AFRICAN ROADRUNNER,MAIZ AMARILLO ARGENTINO,JORNADA 8,2025-07-23 00:00:00,202412260792,-,1,BODEGA 1,-,2024-12-26 22:44:00,2024-12-27 06:00:00,2024-12-27 06:05:00,00:05:00,07:16:00,-,2260792,AUL936,TOSA E.I.R.L.,129118,52680,16980,35700,35.7,CHANCAY - 5003,2024-12-27 06:30:00,00:25:00,07:46:00,2024-12-27 07:25:00,52640,16930,35710,10,2024-12-27 07:51:00,00:55:00,00:26:00,09:07:00,0,0
520,AFRICAN ROADRUNNER,MAIZ AMARILLO ARGENTINO,JORNADA 8,2025-07-23 00:00:00,202412260785,-,2,BODEGA 3,-,2024-12-26 21:39:00,2024-12-27 06:06:00,2024-12-27 06:14:00,00:08:00,08:27:00,-,986993,AJE884,VILMA ROJAS,129119,55980,18800,37180,37.18,GH CHANCAY - 5029,2024-12-27 06:32:00,00:18:00,08:53:00,2024-12-27 07:28:00,55790,18670,37120,-60,2024-12-27 07:37:00,00:56:00,00:09:00,09:58:00,0,0
521,AFRICAN ROADRUNNER,MAIZ AMARILLO ARGENTINO,JORNADA 8,2025-07-23 00:00:00,202412260798,-,1,BODEGA 1,-,2024-12-26 23:01:00,2024-12-27 06:12:00,2024-12-27 06:16:00,00:04:00,07:11:00,-,2260798,AFX858,TOSA E.I.R.L.,129120,50860,16900,33960,33.96,CHANCAY - 5003,2024-12-27 06:42:00,00:26:00,07:41:00,2024-12-27 07:29:00,50780,16820,33960,0,2024-12-27 07:54:00,00:47:00,00:25:00,08:53:00,0,0
522,AFRICAN ROADRUNNER,MAIZ AMARILLO ARGENTINO,JORNADA 8,2025-07-23 00:00:00,202412260797,-,1,BODEGA 1,-,2024-12-26 23:01:00,2024-12-27 06:20:00,2024-12-27 06:25:00,00:05:00,07:19:00,-,2260797,ABY907,TOSA E.I.R.L.,129121,52700,16800,35900,35.9,CHANCAY - 5003,2024-12-27 06:43:00,00:18:00,07:42:00,2024-12-27 07:34:00,52640,16740,35900,0,2024-12-27 08:08:00,00:51:00,00:34:00,09:07:00,0,0
523,AFRICAN ROADRUNNER,MAIZ AMARILLO ARGENTINO,JORNADA 8,2025-07-23 00:00:00,202412260803,-,1,BODEGA 3,-,2024-12-26 23:03:00,2024-12-27 06:22:00,2024-12-27 06:27:00,00:05:00,07:19:00,-,2260803,BYP721,TOSA E.I.R.L.,129122,52280,18460,33820,33.82,CHANCAY - 5003,2024-12-27 06:52:00,00:25:00,07:49:00,2024-12-27 07:36:00,52200,18390,33810,-10,2024-12-27 08:13:00,00:44:00,00:37:00,09:10:00,0,0
524,AFRICAN ROADRUNNER,MAIZ AMARILLO ARGENTINO,JORNADA 8,2025-07-23 00:00:00,202412260800,-,1,BODEGA 1,-,2024-12-26 23:03:00,2024-12-27 06:35:00,2024-12-27 06:42:00,00:07:00,07:32:00,-,2260800,D7P795,TRANSJIBAJA S.A.C.,129123,56140,17500,38640,38.64,CHANCAY - 5003,2024-12-27 06:56:00,00:14:00,07:53:00,2024-12-27 07:38:00,56080,17430,38650,10,2024-12-27 08:18:00,00:42:00,00:40:00,09:15:00,0,0
525,AFRICAN ROADRUNNER,MAIZ AMARILLO ARGENTINO,JORNADA 8,2025-07-23 00:00:00,202412260814,-,1,BODEGA 2,-,2024-12-26 23:28:00,2024-12-27 06:40:00,2024-12-27 06:58:00,00:18:00,07:12:00,-,2260814,AWS791,TOSA E.I.R.L.,129124,54140,17700,36440,36.44,GH CHANCAY - 5029,2024-12-27 07:20:00,00:22:00,07:52:00,2024-12-27 07:58:00,54010,17620,36390,-50,2024-12-27 08:17:00,00:38:00,00:19:00,08:49:00,0,0
526,AFRICAN ROADRUNNER,MAIZ AMARILLO ARGENTINO,JORNADA 8,2025-07-23 00:00:00,202412260813,-,2,BODEGA 2,-,2024-12-26 23:21:00,2024-12-27 06:45:00,2024-12-27 06:54:00,00:09:00,07:24:00,-,2260813,D6D940,TOSA E.I.R.L.,129125,53040,16680,36360,36.36,GH CHANCAY - 5029,2024-12-27 07:26:00,00:32:00,08:05:00,2024-12-27 08:39:00,52920,16590,36330,-30,2024-12-27 10:02:00,01:13:00,01:23:00,10:41:00,0,0
527,AFRICAN ROADRUNNER,MAIZ AMARILLO ARGENTINO,JORNADA 8,2025-07-23 00:00:00,202412270010,-,1,BODEGA 4,-,2024-12-27 00:05:00,2024-12-27 06:59:00,2024-12-27 07:06:00,00:07:00,06:54:00,-,2270010,ATA883,TOSA E.I.R.L.,129126,50600,16780,33820,33.82,GH CHANCAY - 5029,2024-12-27 07:26:00,00:20:00,07:21:00,2024-12-27 08:35:00,50510,16710,33800,-20,2024-12-27 09:46:00,01:09:00,01:11:00,09:41:00,0,0
528,AFRICAN ROADRUNNER,MAIZ AMARILLO ARGENTINO,JORNADA 9,7-15,202412270009,-,1,BODEGA 2,-,2024-12-27 00:43:00,2024-12-27 07:03:00,2024-12-27 07:10:00,00:07:00,06:20:00,-,2270009,D8A721,TOSA E.I.R.L.,129128,49780,17260,32520,32.52,GH CHANCAY - 5029,2024-12-27 07:36:00,00:26:00,06:53:00,2024-12-27 08:51:00,49630,17140,32490,-30,2024-12-27 10:32:00,01:15:00,01:41:00,09:49:00,0,0
529,AFRICAN ROADRUNNER,MAIZ AMARILLO ARGENTINO,JORNADA 9,7-15,202412270011,-,1,BODEGA 4,-,2024-12-27 00:12:00,2024-12-27 07:05:00,2024-12-27 07:13:00,00:08:00,06:53:00,-,2270011,D6H785,TRANSJIBAJA S.A.C.,129127,49920,16040,33880,33.88,GH CHANCAY - 5029,2024-12-27 07:36:00,00:23:00,07:24:00,2024-12-27 08:09:00,49820,15960,33860,-20,2024-12-27 08:25:00,00:33:00,00:16:00,08:13:00,0,0
530,AFRICAN ROADRUNNER,MAIZ AMARILLO ARGENTINO,JORNADA 9,7-15,202412270021,-,1,BODEGA 2,-,2024-12-27 01:21:00,2024-12-27 07:13:00,2024-12-27 07:21:00,00:08:00,05:52:00,-,2270021,C7Y834,TRANSJIBAJA S.A.C.,129129,51480,17180,34300,34.3,GH CHANCAY - 5029,2024-12-27 07:47:00,00:26:00,06:26:00,2024-12-27 09:14:00,51360,17080,34280,-20,2024-12-27 10:36:00,01:27:00,01:22:00,09:15:00,0,0
531,AFRICAN ROADRUNNER,MAIZ AMARILLO ARGENTINO,JORNADA 9,7-15,202412270057,-,1,BODEGA 4,-,2024-12-27 04:08:00,2024-12-27 07:30:00,2024-12-27 07:41:00,00:11:00,03:22:00,-,2270057,C7Y835,TRANSJIBAJA S.A.C.,129130,50760,16680,34080,34.08,CHANCAY - 5003,2024-12-27 08:05:00,00:24:00,03:57:00,2024-12-27 08:35:00,50670,16570,34100,20,2024-12-27 09:00:00,00:30:00,00:25:00,04:52:00,0,0
532,AFRICAN ROADRUNNER,MAIZ AMARILLO ARGENTINO,JORNADA 9,7-15,202412270106,-,1,BODEGA 2,-,2024-12-27 06:41:00,2024-12-27 07:30:00,2024-12-27 07:40:00,00:10:00,00:49:00,-,2270106,BYP790,TOSA E.I.R.L.,129162,52020,18280,33740,33.74,CHANCAY - 5003,2024-12-27 09:42:00,02:02:00,03:01:00,2024-12-27 11:05:00,51960,18220,33740,0,2024-12-27 12:32:00,01:23:00,01:27:00,05:51:00,0,0
533,AFRICAN ROADRUNNER,MAIZ AMARILLO ARGENTINO,JORNADA 9,7-15,202412270022,-,1,BODEGA 2,-,2024-12-27 01:22:00,2024-12-27 07:33:00,2024-12-27 07:42:00,00:09:00,06:11:00,-,2270022,D7H920,TRANSJIBAJA S.A.C.,129131,42600,17080,25520,25.52,CHANCAY - 5003,2024-12-27 08:08:00,00:26:00,06:46:00,2024-12-27 08:46:00,42540,17000,25540,20,2024-12-27 09:04:00,00:38:00,00:18:00,07:42:00,0,0
534,AFRICAN ROADRUNNER,MAIZ AMARILLO ARGENTINO,JORNADA 9,7-15,202412270038,-,1,BODEGA 2,-,2024-12-27 02:24:00,2024-12-27 07:38:00,2024-12-27 07:45:00,00:07:00,05:14:00,-,2270038,ASA876,TOSA E.I.R.L.,129133,52260,17240,35020,35.02,CHANCAY - 5003,2024-12-27 08:17:00,00:32:00,05:53:00,2024-12-27 08:51:00,52220,17180,35040,20,2024-12-27 09:09:00,00:34:00,00:18:00,06:45:00,0,0
535,AFRICAN ROADRUNNER,MAIZ AMARILLO ARGENTINO,JORNADA 9,7-15,202412270056,-,1,BODEGA 2,-,2024-12-27 04:06:00,2024-12-27 07:40:00,2024-12-27 07:59:00,00:19:00,03:34:00,-,2270056,D1J772,TRANSJIBAJA S.A.C.,129144,49160,16980,32180,32.18,CHANCAY - 5003,2024-12-27 08:49:00,00:50:00,04:43:00,2024-12-27 09:43:00,49100,16920,32180,0,2024-12-27 10:03:00,00:54:00,00:20:00,05:57:00,0,0
536,AFRICAN ROADRUNNER,MAIZ AMARILLO ARGENTINO,JORNADA 9,7-15,202412270026,-,1,BODEGA 4,-,2024-12-27 01:49:00,2024-12-27 07:40:00,2024-12-27 07:51:00,00:11:00,05:51:00,-,2270026,AKV816,TOSA E.I.R.L.,129132,50800,17160,33640,33.64,GH CHANCAY - 5029,2024-12-27 08:09:00,00:18:00,06:20:00,2024-12-27 09:16:00,50650,17040,33610,-30,2024-12-27 10:53:00,01:07:00,01:37:00,09:04:00,0,0
537,AFRICAN ROADRUNNER,MAIZ AMARILLO ARGENTINO,JORNADA 9,7-15,202412270092,-,1,BODEGA 2,-,2024-12-27 05:37:00,2024-12-27 07:45:00,2024-12-27 07:55:00,00:10:00,02:08:00,-,2270092,ACU930,TRANSJIBAJA S.A.C.,129157,49120,16440,32680,32.68,CHANCAY - 5003,2024-12-27 09:22:00,01:27:00,03:45:00,2024-12-27 10:41:00,49060,16350,32710,30,2024-12-27 11:12:00,01:19:00,00:31:00,05:35:00,0,0
538,AFRICAN ROADRUNNER,MAIZ AMARILLO ARGENTINO,JORNADA 9,7-15,202412270104,-,1,BODEGA 4,-,2024-12-27 06:32:00,2024-12-27 07:45:00,2024-12-27 07:55:00,00:10:00,01:13:00,-,2270104,F3Q851,TRANSJIBAJA S.A.C.,129161,51240,17580,33660,33.66,CHANCAY - 5003,2024-12-27 09:39:00,01:44:00,03:07:00,2024-12-27 10:56:00,51150,17490,33660,0,2024-12-27 11:44:00,01:17:00,00:48:00,05:12:00,0,0
539,AFRICAN ROADRUNNER,MAIZ AMARILLO ARGENTINO,JORNADA 9,7-15,202412270051,-,1,BODEGA 4,-,2024-12-27 03:57:00,2024-12-27 07:45:00,2024-12-27 07:57:00,00:12:00,03:48:00,-,2270051,D7W933,TOSA E.I.R.L.,129140,53080,17400,35680,35.68,CHANCAY - 5003,2024-12-27 08:38:00,00:41:00,04:41:00,2024-12-27 09:31:00,53020,17330,35690,10,2024-12-27 09:49:00,00:53:00,00:18:00,05:52:00,0,0
540,AFRICAN ROADRUNNER,MAIZ AMARILLO ARGENTINO,JORNADA 9,7-15,202412270034,-,1,BODEGA 4,-,2024-12-27 02:16:00,2024-12-27 07:48:00,2024-12-27 07:57:00,00:09:00,05:32:00,-,2270034,F1K772,TRANSJIBAJA S.A.C.,129134,43660,16920,26740,26.74,CHANCAY - 5003,2024-12-27 08:19:00,00:22:00,06:03:00,2024-12-27 08:55:00,43600,16850,26750,10,2024-12-27 09:13:00,00:36:00,00:18:00,06:57:00,0,0
541,AFRICAN ROADRUNNER,MAIZ AMARILLO ARGENTINO,JORNADA 9,7-15,202412270030,-,1,BODEGA 2,-,2024-12-27 01:53:00,2024-12-27 07:50:00,2024-12-27 08:00:00,00:10:00,05:57:00,-,987198,F4E751,TRANSJIBAJA S.A.C.,129141,46520,16820,29700,29.7,GH CHANCAY - 5029,2024-12-27 08:43:00,00:43:00,06:50:00,2024-12-27 09:35:00,46430,16730,29700,0,2024-12-27 11:14:00,00:52:00,01:39:00,09:21:00,0,0
542,AFRICAN ROADRUNNER,MAIZ AMARILLO ARGENTINO,JORNADA 9,7-15,202412270096,-,1,BODEGA 2,-,2024-12-27 05:59:00,2024-12-27 07:55:00,2024-12-27 08:05:00,00:10:00,01:56:00,-,2270096,ABP703,TRANSJIBAJA S.A.C.,129160,47360,16760,30600,30.6,CHANCAY - 5003,2024-12-27 09:35:00,01:30:00,03:36:00,2024-12-27 10:51:00,47290,16670,30620,20,2024-12-27 11:21:00,01:16:00,00:30:00,05:22:00,0,0
543,AFRICAN ROADRUNNER,MAIZ AMARILLO ARGENTINO,JORNADA 9,7-15,202412270033,-,1,BODEGA 4,-,2024-12-27 02:14:00,2024-12-27 07:57:00,2024-12-27 08:06:00,00:09:00,05:43:00,-,2270033,D0Q776,TRANSJIBAJA S.A.C.,129136,48180,16400,31780,31.78,CHANCAY - 5003,2024-12-27 08:26:00,00:20:00,06:12:00,2024-12-27 08:59:00,48150,16360,31790,10,2024-12-27 09:16:00,00:33:00,00:17:00,07:02:00,0,0
544,AFRICAN ROADRUNNER,MAIZ AMARILLO ARGENTINO,JORNADA 9,7-15,202412270039,-,1,BODEGA 4,-,2024-12-27 02:29:00,2024-12-27 07:57:00,2024-12-27 08:06:00,00:09:00,05:28:00,-,2270039,BMN703,VILMA ROJAS,129138,51140,19020,32120,32.12,CHANCAY - 5003,2024-12-27 08:34:00,00:28:00,06:05:00,2024-12-27 09:04:00,51050,18940,32110,-10,2024-12-27 09:24:00,00:30:00,00:20:00,06:55:00,0,0
545,AFRICAN ROADRUNNER,MAIZ AMARILLO ARGENTINO,JORNADA 9,7-15,202412270025,-,1,BODEGA 4,-,2024-12-27 01:44:00,2024-12-27 07:58:00,2024-12-27 08:07:00,00:09:00,06:14:00,-,2270025,AJD804,VILMA ROJAS,129135,46300,18340,27960,27.96,GH CHANCAY - 5029,2024-12-27 08:23:00,00:16:00,06:39:00,2024-12-27 09:19:00,46150,18240,27910,-50,2024-12-27 11:07:00,00:56:00,01:48:00,09:23:00,0,0
546,AFRICAN ROADRUNNER,MAIZ AMARILLO ARGENTINO,JORNADA 9,7-15,202412270045,-,1,BODEGA 2,-,2024-12-27 03:34:00,2024-12-27 08:03:00,2024-12-27 08:09:00,00:06:00,04:29:00,-,2270045,APP823,TRANSJIBAJA S.A.C.,129137,53600,17460,36140,36.14,CHANCAY - 5003,2024-12-27 08:28:00,00:19:00,04:54:00,2024-12-27 09:35:00,53550,17370,36180,40,2024-12-27 09:52:00,01:07:00,00:17:00,06:18:00,0,0
547,AFRICAN ROADRUNNER,MAIZ AMARILLO ARGENTINO,JORNADA 9,7-15,202412270101,-,1,BODEGA 4,-,2024-12-27 06:18:00,2024-12-27 08:06:00,2024-12-27 08:12:00,00:06:00,01:48:00,-,2270101,D7X754,TOSA E.I.R.L.,129159,52600,17180,35420,35.42,CHANCAY - 5003,2024-12-27 09:33:00,01:21:00,03:15:00,2024-12-27 11:04:00,52510,17100,35410,-10,2024-12-27 12:29:00,01:31:00,01:25:00,06:11:00,0,0
548,AFRICAN ROADRUNNER,MAIZ AMARILLO ARGENTINO,JORNADA 9,7-15,202412270098,-,1,BODEGA 2,-,2024-12-27 06:04:00,2024-12-27 08:09:00,2024-12-27 08:15:00,00:06:00,02:05:00,-,2270098,AZS811,TOSA E.I.R.L.,129158,46500,17360,29140,29.14,CHANCAY - 5003,2024-12-27 09:27:00,01:12:00,03:23:00,2024-12-27 10:57:00,46440,17280,29160,20,2024-12-27 11:48:00,01:30:00,00:51:00,05:44:00,0,0
549,AFRICAN ROADRUNNER,MAIZ AMARILLO ARGENTINO,JORNADA 9,7-15,202412270065,-,1,BODEGA 4,-,2024-12-27 04:15:00,2024-12-27 08:10:00,2024-12-27 08:18:00,00:08:00,03:55:00,-,2270065,D3Y881,TRANSJIBAJA S.A.C.,129143,51440,16320,35120,35.12,CHANCAY - 5003,2024-12-27 08:50:00,00:32:00,04:35:00,2024-12-27 09:46:00,51390,16250,35140,20,2024-12-27 10:06:00,00:56:00,00:20:00,05:51:00,0,0
550,AFRICAN ROADRUNNER,MAIZ AMARILLO ARGENTINO,JORNADA 9,7-15,202412270048,-,1,BODEGA 4,-,2024-12-27 03:39:00,2024-12-27 08:10:00,2024-12-27 08:17:00,00:07:00,04:31:00,-,2270048,BMO703,VILMA ROJAS,129139,54300,18780,35520,35.52,CHANCAY - 5003,2024-12-27 08:38:00,00:21:00,04:59:00,2024-12-27 09:07:00,54260,18730,35530,10,2024-12-27 09:27:00,00:29:00,00:20:00,05:48:00,0,0
551,AFRICAN ROADRUNNER,MAIZ AMARILLO ARGENTINO,JORNADA 9,7-15,202412270044,-,1,BODEGA 2,-,2024-12-27 03:34:00,2024-12-27 08:12:00,2024-12-27 08:20:00,00:08:00,04:38:00,-,270044,ANB766,VILMA ROJAS,129142,52800,18280,34520,34.52,CHANCAY - 5003,2024-12-27 08:45:00,00:25:00,05:11:00,2024-12-27 09:24:00,52710,18200,34510,-10,2024-12-27 09:46:00,00:39:00,00:22:00,06:12:00,0,0
552,AFRICAN ROADRUNNER,MAIZ AMARILLO ARGENTINO,JORNADA 9,7-15,202412270060,-,1,BODEGA 4,-,2024-12-27 04:09:00,2024-12-27 08:20:00,2024-12-27 08:29:00,00:09:00,04:11:00,-,2270060,ASZ864,TRANSJIBAJA S.A.C.,129145,41360,17040,24320,24.32,CHANCAY - 5003,2024-12-27 08:54:00,00:25:00,04:45:00,2024-12-27 09:49:00,41300,16970,24330,10,2024-12-27 10:22:00,00:55:00,00:33:00,06:13:00,0,0
553,AFRICAN ROADRUNNER,MAIZ AMARILLO ARGENTINO,JORNADA 9,7-15,202412270070,-,1,BODEGA 4,-,2024-12-27 04:33:00,2024-12-27 08:23:00,2024-12-27 11:58:00,03:35:00,03:50:00,-,986633,BUY724,TOSA E.I.R.L.,129195,47300,18260,29040,29.04,CHANCAY - 5003,2024-12-27 12:24:00,00:26:00,07:51:00,2024-12-27 13:11:00,47280,18190,29090,50,2024-12-27 15:40:00,00:47:00,02:29:00,11:07:00,CARGA DE FONDO DE BODEGA,0
554,AFRICAN ROADRUNNER,MAIZ AMARILLO ARGENTINO,JORNADA 9,7-15,202412270062,-,1,BODEGA 2,-,2024-12-27 04:16:00,2024-12-27 08:25:00,2024-12-27 08:33:00,00:08:00,04:09:00,-,2270062,BYP751,TOSA E.I.R.L.,129148,48080,18340,29740,29.74,CHANCAY - 5003,2024-12-27 09:03:00,00:30:00,04:47:00,2024-12-27 10:36:00,48040,18280,29760,20,2024-12-27 11:02:00,01:33:00,00:26:00,06:46:00,0,0
555,AFRICAN ROADRUNNER,MAIZ AMARILLO ARGENTINO,JORNADA 9,7-15,202412270061,-,1,BODEGA 2,-,2024-12-27 04:16:00,2024-12-27 08:25:00,2024-12-27 08:36:00,00:11:00,04:09:00,-,2270061,AZT768,TOSA E.I.R.L.,129146,52260,17860,34400,34.4,CHANCAY - 5003,2024-12-27 09:00:00,00:24:00,04:44:00,2024-12-27 09:52:00,52180,17760,34420,20,2024-12-27 10:29:00,00:52:00,00:37:00,06:13:00,0,0
556,AFRICAN ROADRUNNER,MAIZ AMARILLO ARGENTINO,JORNADA 9,7-15,202412270077,-,1,BODEGA 4,-,2024-12-27 04:36:00,2024-12-27 08:33:00,2024-12-27 08:45:00,00:12:00,03:57:00,-,2270077,BDD892,VILMA ROJAS,129147,49020,17640,31380,31.38,CHANCAY - 5003,2024-12-27 09:00:00,00:15:00,04:24:00,2024-12-27 10:01:00,48940,17540,31400,20,2024-12-27 10:33:00,01:01:00,00:32:00,05:57:00,0,0
557,AFRICAN ROADRUNNER,MAIZ AMARILLO ARGENTINO,JORNADA 9,7-15,202412270080,-,1,BODEGA 2,-,2024-12-27 05:16:00,2024-12-27 08:33:00,2024-12-27 08:41:00,00:08:00,03:17:00,-,2270080,AJI820,TOSA E.I.R.L.,129149,46620,17580,29040,29.04,CHANCAY - 5003,2024-12-27 09:04:00,00:23:00,03:48:00,2024-12-27 10:23:00,46540,17500,29040,0,2024-12-27 10:55:00,01:19:00,00:32:00,05:39:00,0,0
558,AFRICAN ROADRUNNER,MAIZ AMARILLO ARGENTINO,JORNADA 9,7-15,202412270072,-,1,BODEGA 2,-,2024-12-27 04:20:00,2024-12-27 08:33:00,2024-12-27 08:43:00,00:10:00,04:13:00,-,2270072,T9T864,TRANSJIBAJA S.A.C.,129150,47180,17360,29820,29.82,CHANCAY - 5003,2024-12-27 09:07:00,00:24:00,04:47:00,2024-12-27 10:16:00,47080,17250,29830,10,2024-12-27 10:38:00,01:09:00,00:22:00,06:18:00,0,0
559,AFRICAN ROADRUNNER,MAIZ AMARILLO ARGENTINO,JORNADA 9,7-15,202412270074,-,1,BODEGA 2,-,2024-12-27 04:41:00,2024-12-27 08:41:00,2024-12-27 08:48:00,00:07:00,04:00:00,-,2270074,ADZ884,TRANSJIBAJA S.A.C.,129151,50600,15980,34620,34.62,CHANCAY - 5003,2024-12-27 09:07:00,00:19:00,04:26:00,2024-12-27 10:21:00,50550,15910,34640,20,2024-12-27 10:41:00,01:14:00,00:20:00,06:00:00,0,0
560,AFRICAN ROADRUNNER,MAIZ AMARILLO ARGENTINO,JORNADA 9,7-15,202412270086,-,1,BODEGA 2,-,2024-12-27 05:25:00,2024-12-27 08:45:00,2024-12-27 08:56:00,00:11:00,03:20:00,-,2270086,F0J926,TOSA E.I.R.L.,129156,46820,17180,29640,29.64,CHANCAY - 5003,2024-12-27 09:15:00,00:19:00,03:50:00,2024-12-27 10:52:00,46750,17080,29670,30,2024-12-27 11:33:00,01:37:00,00:41:00,06:08:00,0,0
561,AFRICAN ROADRUNNER,MAIZ AMARILLO ARGENTINO,JORNADA 9,7-15,202412270090,-,1,BODEGA 2,-,2024-12-27 05:39:00,2024-12-27 08:49:00,2024-12-27 08:56:00,00:07:00,03:10:00,-,2270090,ABV921,TOSA E.I.R.L.,129153,46220,16760,29460,29.46,CHANCAY - 5003,2024-12-27 09:09:00,00:13:00,03:30:00,2024-12-27 10:39:00,46140,16670,29470,10,2024-12-27 11:06:00,01:30:00,00:27:00,05:27:00,0,0
562,AFRICAN ROADRUNNER,MAIZ AMARILLO ARGENTINO,JORNADA 9,7-15,202412270085,-,1,BODEGA 2,-,2024-12-27 05:20:00,2024-12-27 08:49:00,2024-12-27 08:57:00,00:08:00,03:29:00,-,2270085,AUL898,TOSA E.I.R.L.,129152,46840,17000,29840,29.84,CHANCAY - 5003,2024-12-27 09:07:00,00:10:00,03:47:00,2024-12-27 10:45:00,46760,16920,29840,0,2024-12-27 11:18:00,01:38:00,00:33:00,05:58:00,0,0
563,AFRICAN ROADRUNNER,MAIZ AMARILLO ARGENTINO,JORNADA 9,7-15,202412270093,-,1,BODEGA 2,-,2024-12-27 05:49:00,2024-12-27 08:57:00,2024-12-27 09:03:00,00:06:00,03:08:00,-,2270093,AZR943,TOSA E.I.R.L.,129154,50000,17700,32300,32.3,CHANCAY - 5003,2024-12-27 09:14:00,00:11:00,03:25:00,2024-12-27 10:47:00,49900,17610,32290,-10,2024-12-27 11:15:00,01:33:00,00:28:00,05:26:00,0,0
564,AFRICAN ROADRUNNER,MAIZ AMARILLO ARGENTINO,JORNADA 9,7-15,202412270128,-,1,BODEGA 2,-,2024-12-27 07:12:00,2024-12-27 08:59:00,2024-12-27 09:08:00,00:09:00,01:47:00,-,2270128,AJP818,VILMA ROJAS,129168,50760,18700,32060,32.06,CHANCAY - 5003,2024-12-27 10:01:00,00:53:00,02:49:00,2024-12-27 11:10:00,50710,18620,32090,30,2024-12-27 12:47:00,01:09:00,01:37:00,05:35:00,0,0
565,AFRICAN ROADRUNNER,MAIZ AMARILLO ARGENTINO,JORNADA 9,7-15,202412270078,-,1,BODEGA 2,-,2024-12-27 04:46:00,2024-12-27 09:00:00,2024-12-27 09:09:00,00:09:00,04:14:00,-,2270078,C9H901,TOSA E.I.R.L.,129155,46660,16280,30380,30.38,CHANCAY - 5003,2024-12-27 09:15:00,00:06:00,04:29:00,2024-12-27 10:49:00,46600,16200,30400,20,2024-12-27 11:25:00,01:34:00,00:36:00,06:39:00,0,0
566,AFRICAN ROADRUNNER,MAIZ AMARILLO ARGENTINO,JORNADA 9,7-15,202412270123,-,1,BODEGA 2,-,2024-12-27 07:20:00,2024-12-27 09:05:00,2024-12-27 09:18:00,00:13:00,01:45:00,-,2270123,AWS916,TOSA E.I.R.L.,129167,47620,17640,29980,29.98,CHANCAY - 5003,2024-12-27 09:50:00,00:32:00,02:30:00,2024-12-27 11:07:00,47560,17580,29980,0,2024-12-27 12:35:00,01:17:00,01:28:00,05:15:00,0,0
567,AFRICAN ROADRUNNER,MAIZ AMARILLO ARGENTINO,JORNADA 9,7-15,202412270131,-,1,BODEGA 2,-,2024-12-27 07:32:00,2024-12-27 09:15:00,2024-12-27 09:23:00,00:08:00,01:43:00,-,2270131,BDD937,VILMA ROJAS,129166,48580,18000,30580,30.58,CHANCAY - 5003,2024-12-27 09:59:00,00:36:00,02:27:00,2024-12-27 11:09:00,48480,17900,30580,0,2024-12-27 12:37:00,01:10:00,01:28:00,05:05:00,0,0
568,AFRICAN ROADRUNNER,MAIZ AMARILLO ARGENTINO,JORNADA 9,7-15,202412270119,-,1,BODEGA 2,-,2024-12-27 07:13:00,2024-12-27 09:18:00,2024-12-27 09:26:00,00:08:00,02:05:00,-,2270119,BMO774,VILMA ROJAS,129163,53740,18820,34920,34.92,CHANCAY - 5003,2024-12-27 09:44:00,00:18:00,02:31:00,2024-12-27 10:54:00,53670,18740,34930,10,2024-12-27 11:37:00,01:10:00,00:43:00,04:24:00,0,0
569,AFRICAN ROADRUNNER,MAIZ AMARILLO ARGENTINO,JORNADA 9,7-15,202412270120,-,1,BODEGA 2,-,2024-12-27 07:04:00,2024-12-27 09:30:00,2024-12-27 09:38:00,00:08:00,02:26:00,-,2270120,BDD755,VILMA ROJAS,129165,51920,17820,34100,34.1,CHANCAY - 5003,2024-12-27 09:48:00,00:10:00,02:44:00,2024-12-27 11:02:00,51860,17750,34110,10,2024-12-27 12:15:00,01:14:00,01:13:00,05:11:00,0,0
570,AFRICAN ROADRUNNER,MAIZ AMARILLO ARGENTINO,JORNADA 9,7-15,202412270144,-,1,BODEGA 2,-,2024-12-27 07:49:00,2024-12-27 09:40:00,2024-12-27 09:49:00,00:09:00,01:51:00,-,2270144,C6D781,TRANSJIBAJA S.A.C.,129169,51840,16620,35220,35.22,CHANCAY - 5003,2024-12-27 10:05:00,00:16:00,02:16:00,2024-12-27 11:11:00,51740,16490,35250,30,2024-12-27 12:51:00,01:06:00,01:40:00,05:02:00,0,0
571,AFRICAN ROADRUNNER,MAIZ AMARILLO ARGENTINO,JORNADA 9,7-15,202412270102,-,1,BODEGA 2,-,2024-12-27 06:23:00,2024-12-27 09:40:00,2024-12-27 09:41:00,00:01:00,03:17:00,-,2270102,BDE743,VILMA ROJAS,129164,47940,17940,30000,30,CHANCAY - 5003,2024-12-27 09:45:00,00:04:00,03:22:00,2024-12-27 10:59:00,47880,17840,30040,40,2024-12-27 12:12:00,01:14:00,01:13:00,05:49:00,0,0
572,AFRICAN ROADRUNNER,MAIZ AMARILLO ARGENTINO,JORNADA 9,7-15,202412270145,-,1,BODEGA 2,-,2024-12-27 07:54:00,2024-12-27 09:43:00,2024-12-27 09:57:00,00:14:00,01:49:00,-,2270145,AJE884,VILMA ROJAS,129170,52640,18800,33840,33.84,CHANCAY - 5003,2024-12-27 10:10:00,00:13:00,02:16:00,2024-12-27 11:13:00,52500,18670,33830,-10,2024-12-27 13:02:00,01:03:00,01:49:00,05:08:00,0,0
573,AFRICAN ROADRUNNER,MAIZ AMARILLO ARGENTINO,JORNADA 9,7-15,202412270156,-,1,BODEGA 2,-,2024-12-27 08:36:00,2024-12-27 09:57:00,2024-12-27 10:03:00,00:06:00,01:21:00,-,2270156,D7P795,TRANSJIBAJA S.A.C.,129171,52940,17500,35440,35.44,CHANCAY - 5003,2024-12-27 10:14:00,00:11:00,01:38:00,2024-12-27 11:15:00,52850,17420,35430,-10,2024-12-27 13:07:00,01:01:00,01:52:00,04:31:00,0,0
574,AFRICAN ROADRUNNER,MAIZ AMARILLO ARGENTINO,JORNADA 9,7-15,202412270168,-,2,BODEGA 4,-,2024-12-27 08:42:00,2024-12-27 10:04:00,2024-12-27 10:15:00,00:11:00,01:22:00,-,2270168,AWS791,TOSA E.I.R.L.,129175,52260,17700,34560,34.56,CHANCAY - 5003,2024-12-27 10:37:00,00:22:00,01:55:00,2024-12-27 11:21:00,52190,17610,34580,20,2024-12-27 13:33:00,00:44:00,02:12:00,04:51:00,0,0
575,AFRICAN ROADRUNNER,MAIZ AMARILLO ARGENTINO,JORNADA 9,7-15,202412270160,-,1,BODEGA 2,-,2024-12-27 08:39:00,2024-12-27 10:05:00,2024-12-27 10:12:00,00:07:00,01:26:00,-,2270160,C2B789,TRANSJIBAJA S.A.C.,129172,50140,16460,33680,33.68,CHANCAY - 5003,2024-12-27 10:29:00,00:17:00,01:50:00,2024-12-27 11:16:00,50140,16380,33760,80,2024-12-27 13:12:00,00:47:00,01:56:00,04:33:00,0,0
576,AFRICAN ROADRUNNER,MAIZ AMARILLO ARGENTINO,JORNADA 9,7-15,202412270150,-,1,BODEGA 2,-,2024-12-27 08:26:00,2024-12-27 10:13:00,2024-12-27 10:19:00,00:06:00,01:47:00,-,2270150,ABY907,TOSA E.I.R.L.,129173,48460,16800,31660,31.66,CHANCAY - 5003,2024-12-27 10:31:00,00:12:00,02:05:00,2024-12-27 11:19:00,48410,16730,31680,20,2024-12-27 13:21:00,00:48:00,02:02:00,04:55:00,0,0
577,AFRICAN ROADRUNNER,MAIZ AMARILLO ARGENTINO,JORNADA 9,7-15,202412270172,-,1,BODEGA 2,-,2024-12-27 08:27:00,2024-12-27 10:15:00,2024-12-27 10:23:00,00:08:00,01:48:00,-,2270172,ASF702,TRANSJIBAJA S.A.C.,129174,52080,17100,34980,34.98,CHANCAY - 5003,2024-12-27 10:34:00,00:11:00,02:07:00,2024-12-27 11:18:00,52010,17040,34970,-10,2024-12-27 13:17:00,00:44:00,01:59:00,04:50:00,0,0
578,AFRICAN ROADRUNNER,MAIZ AMARILLO ARGENTINO,JORNADA 9,7-15,202412270178,-,1,BODEGA 1,-,2024-12-27 08:52:00,2024-12-27 10:21:00,2024-12-27 10:33:00,00:12:00,01:29:00,-,2270178,AJP762,VILMA ROJAS,129176,40720,17940,22780,22.78,CHANCAY - 5003,2024-12-27 10:48:00,00:15:00,01:56:00,2024-12-27 11:34:00,40660,17870,22790,10,2024-12-27 14:02:00,00:46:00,02:28:00,05:10:00,0,0
579,AFRICAN ROADRUNNER,MAIZ AMARILLO ARGENTINO,JORNADA 9,7-15,202412270176,-,2,BODEGA 2,-,2024-12-27 08:44:00,2024-12-27 10:25:00,2024-12-27 10:36:00,00:11:00,01:41:00,-,2270176,BYP721,TOSA E.I.R.L.,129177,51300,18440,32860,32.86,CHANCAY - 5003,2024-12-27 10:49:00,00:13:00,02:05:00,2024-12-27 11:29:00,51250,18360,32890,30,2024-12-27 13:37:00,00:40:00,02:08:00,04:53:00,0,0
580,AFRICAN ROADRUNNER,MAIZ AMARILLO ARGENTINO,JORNADA 9,7-15,202412270138,-,1,BODEGA 2,-,2024-12-27 07:38:00,2024-12-27 10:35:00,2024-12-27 10:43:00,00:08:00,02:57:00,-,2270138,APN941,TRANSJIBAJA S.A.C.,129178,51100,16840,34260,34.26,CHANCAY - 5003,2024-12-27 10:53:00,00:10:00,03:15:00,2024-12-27 13:49:00,51110,16840,34270,10,2024-12-27 14:00:00,02:56:00,00:11:00,06:22:00,0,0
581,AFRICAN ROADRUNNER,MAIZ AMARILLO ARGENTINO,JORNADA 9,7-15,202412270188,-,2,BODEGA 2,-,2024-12-27 09:05:00,2024-12-27 10:41:00,2024-12-27 10:49:00,00:08:00,01:36:00,-,2270188,AUL936,TOSA E.I.R.L.,129179,51700,16980,34720,34.72,CHANCAY - 5003,2024-12-27 10:53:00,00:04:00,01:48:00,2024-12-27 11:30:00,51650,16910,34740,20,2024-12-27 13:58:00,00:37:00,02:28:00,04:53:00,0,0
582,AFRICAN ROADRUNNER,MAIZ AMARILLO ARGENTINO,JORNADA 9,7-15,202412270193,-,2,BODEGA 2,-,2024-12-27 09:21:00,2024-12-27 10:48:00,2024-12-27 10:53:00,00:05:00,01:27:00,-,2270193,ASA876,TOSA E.I.R.L.,129181,50900,17240,33660,33.66,CHANCAY - 5003,2024-12-27 11:30:00,00:37:00,02:09:00,2024-12-27 12:05:00,50830,17150,33680,20,2024-12-27 14:17:00,00:35:00,02:12:00,04:56:00,0,0
583,AFRICAN ROADRUNNER,MAIZ AMARILLO ARGENTINO,JORNADA 9,7-15,202412270189,-,1,BODEGA 2,-,2024-12-27 09:11:00,2024-12-27 10:49:00,2024-12-27 10:57:00,00:08:00,01:38:00,-,2270189,AFX858,TOSA E.I.R.L.,129180,48060,16880,31180,31.18,CHANCAY - 5003,2024-12-27 11:02:00,00:05:00,01:51:00,2024-12-27 11:36:00,47980,16800,31180,0,2024-12-27 14:05:00,00:34:00,02:29:00,04:54:00,0,0
584,AFRICAN ROADRUNNER,MAIZ AMARILLO ARGENTINO,JORNADA 9,7-15,202412270184,-,2,BODEGA 2,-,2024-12-27 08:56:00,2024-12-27 10:58:00,2024-12-27 11:04:00,00:06:00,02:02:00,-,2270184,D6H785,TRANSJIBAJA S.A.C.,129182,49120,16020,33100,33.1,CHANCAY - 5003,2024-12-27 11:30:00,00:26:00,02:34:00,2024-12-27 11:56:00,49070,15960,33110,10,2024-12-27 14:08:00,00:26:00,02:12:00,05:12:00,0,0
585,AFRICAN ROADRUNNER,MAIZ AMARILLO ARGENTINO,JORNADA 9,7-15,202412270195,-,2,BODEGA 2,-,2024-12-27 09:35:00,2024-12-27 11:06:00,2024-12-27 11:13:00,00:07:00,01:31:00,-,2270195,BMN703,VILMA ROJAS,129183,57580,19000,38580,38.58,CHANCAY - 5003,2024-12-27 11:31:00,00:18:00,01:56:00,2024-12-27 12:02:00,57500,18910,38590,10,2024-12-27 14:11:00,00:31:00,02:09:00,04:36:00,0,0
586,AFRICAN ROADRUNNER,MAIZ AMARILLO ARGENTINO,JORNADA 9,7-15,202412270192,-,2,BODEGA 2,-,2024-12-27 09:11:00,2024-12-27 11:14:00,2024-12-27 11:20:00,00:06:00,02:03:00,-,2270192,C7Y835,TRANSJIBAJA S.A.C.,129184,48680,16660,32020,32.02,CHANCAY - 5003,2024-12-27 11:37:00,00:17:00,02:26:00,2024-12-27 12:18:00,48580,16540,32040,20,2024-12-27 14:35:00,00:41:00,02:17:00,05:24:00,0,0
587,AFRICAN ROADRUNNER,MAIZ AMARILLO ARGENTINO,JORNADA 9,7-15,202412270216,-,2,BODEGA 2,-,2024-12-27 10:05:00,2024-12-27 11:21:00,2024-12-27 11:30:00,00:09:00,01:16:00,-,2270216,D7W933,TOSA E.I.R.L.,129186,54380,17380,37000,37,CHANCAY - 5003,2024-12-27 11:46:00,00:16:00,01:41:00,2024-12-27 12:25:00,54350,17310,37040,40,2024-12-27 14:48:00,00:39:00,02:23:00,04:43:00,0,0
588,AFRICAN ROADRUNNER,MAIZ AMARILLO ARGENTINO,JORNADA 9,7-15,202412270238,-,2,BODEGA 2,-,2024-12-27 10:42:00,2024-12-27 11:24:00,2024-12-27 11:39:00,00:15:00,00:42:00,-,2270238,BDD892,VILMA ROJAS,129194,47220,17620,29600,29.6,CHANCAY - 5003,2024-12-27 12:24:00,00:45:00,01:42:00,2024-12-27 13:04:00,47060,17530,29530,-70,2024-12-27 15:34:00,00:40:00,02:30:00,04:52:00,0,0
589,AFRICAN ROADRUNNER,MAIZ AMARILLO ARGENTINO,JORNADA 9,7-15,202412270204,-,2,BODEGA 2,-,2024-12-27 08:52:00,2024-12-27 11:29:00,2024-12-27 11:35:00,00:06:00,02:37:00,-,2270204,AJG777,VILMA ROJAS,129185,46500,17960,28540,28.54,CHANCAY - 5003,2024-12-27 11:42:00,00:07:00,02:50:00,2024-12-27 12:14:00,46430,17900,28530,-10,2024-12-27 14:30:00,00:32:00,02:16:00,05:38:00,0,0
590,AFRICAN ROADRUNNER,MAIZ AMARILLO ARGENTINO,JORNADA 9,7-15,202412270217,-,2,BODEGA 2,-,2024-12-27 10:05:00,2024-12-27 11:30:00,2024-12-27 11:47:00,00:17:00,01:25:00,-,2270217,D7H920,TRANSJIBAJA S.A.C.,129187,50760,17060,33700,33.7,CHANCAY - 5003,2024-12-27 11:52:00,00:05:00,01:47:00,2024-12-27 12:28:00,50680,16980,33700,0,2024-12-27 14:53:00,00:36:00,02:25:00,04:48:00,0,0
591,AFRICAN ROADRUNNER,MAIZ AMARILLO ARGENTINO,JORNADA 9,7-15,202412270205,-,2,BODEGA 2,-,2024-12-27 09:42:00,2024-12-27 11:36:00,2024-12-27 11:48:00,00:12:00,01:54:00,-,2270205,BMO703,VILMA ROJAS,129188,50100,18760,31340,31.34,CHANCAY - 5003,2024-12-27 11:52:00,00:04:00,02:10:00,2024-12-27 12:31:00,50050,18700,31350,10,2024-12-27 15:00:00,00:39:00,02:29:00,05:18:00,0,0
592,AFRICAN ROADRUNNER,MAIZ AMARILLO ARGENTINO,JORNADA 9,7-15,202412270222,-,2,BODEGA 2,-,2024-12-27 10:18:00,2024-12-27 11:37:00,2024-12-27 11:49:00,00:12:00,01:19:00,-,2270222,ATA883,TOSA E.I.R.L.,129192,48640,16780,31860,31.86,CHANCAY - 5003,2024-12-27 12:03:00,00:14:00,01:45:00,2024-12-27 12:46:00,48590,16700,31890,30,2024-12-27 15:15:00,00:43:00,02:29:00,04:57:00,0,0
593,AFRICAN ROADRUNNER,MAIZ AMARILLO ARGENTINO,JORNADA 9,7-15,202412270208,-,2,BODEGA 2,-,2024-12-27 09:57:00,2024-12-27 11:40:00,2024-12-27 11:51:00,00:11:00,01:43:00,-,2270208,ANB766,VILMA ROJAS,129189,49920,18260,31660,31.66,CHANCAY - 5003,2024-12-27 11:55:00,00:04:00,01:58:00,2024-12-27 12:21:00,49850,18180,31670,10,2024-12-27 14:39:00,00:26:00,02:18:00,04:42:00,0,0
594,AFRICAN ROADRUNNER,MAIZ AMARILLO ARGENTINO,JORNADA 9,7-15,202412270218,-,2,BODEGA 2,-,2024-12-27 10:05:00,2024-12-27 11:40:00,2024-12-27 11:49:00,00:09:00,01:35:00,-,2270218,D0Q776,TRANSJIBAJA S.A.C.,129190,46280,16380,29900,29.9,CHANCAY - 5003,2024-12-27 12:02:00,00:13:00,01:57:00,2024-12-27 12:43:00,46210,16330,29880,-20,2024-12-27 15:04:00,00:41:00,02:21:00,04:59:00,0,0
595,AFRICAN ROADRUNNER,MAIZ AMARILLO ARGENTINO,JORNADA 9,7-15,202412270219,-,2,BODEGA 2,-,2024-12-27 10:09:00,2024-12-27 11:48:00,2024-12-27 11:57:00,00:09:00,01:39:00,-,2270219,F1K772,TRANSJIBAJA S.A.C.,129191,49680,16900,32780,32.78,CHANCAY - 5003,2024-12-27 12:13:00,00:16:00,02:04:00,2024-12-27 12:51:00,49620,16830,32790,10,2024-12-27 15:19:00,00:38:00,02:28:00,05:10:00,0,0
596,AFRICAN ROADRUNNER,MAIZ AMARILLO ARGENTINO,JORNADA 9,7-15,202412270227,-,2,BODEGA 2,-,2024-12-27 10:35:00,2024-12-27 11:57:00,2024-12-27 12:05:00,00:08:00,01:22:00,-,2270227,ASZ864,TRANSJIBAJA S.A.C.,129193,51640,17040,34600,34.6,CHANCAY - 5003,2024-12-27 12:18:00,00:13:00,01:43:00,2024-12-27 13:00:00,51600,16960,34640,40,2024-12-27 15:29:00,00:42:00,02:29:00,04:54:00,0,0
597,AFRICAN ROADRUNNER,MAIZ AMARILLO ARGENTINO,JORNADA 9,7-15,202412270246,-,1,BODEGA 4,-,2024-12-27 10:35:00,2024-12-27 13:04:00,2024-12-27 13:13:00,00:09:00,02:29:00,-,2270246,D6D940,TOSA E.I.R.L.,129207,34020,16660,17360,17.36,CHANCAY - 5003,2024-12-27 16:14:00,03:01:00,05:39:00,2024-12-27 17:11:00,33960,16590,17370,10,2024-12-27 17:49:00,00:57:00,00:38:00,07:14:00,0,0
598,AFRICAN ROADRUNNER,MAIZ AMARILLO ARGENTINO,JORNADA 9,7-15,202412270232,-,2,BODEGA 2,-,2024-12-27 10:25:00,2024-12-27 13:20:00,2024-12-27 13:28:00,00:08:00,02:55:00,-,2270232,BYP785,TOSA E.I.R.L.,129196,50140,18200,31940,31.94,CHANCAY - 5003,2024-12-27 13:43:00,00:15:00,03:18:00,2024-12-27 14:27:00,50070,18130,31940,0,2024-12-27 15:52:00,00:44:00,01:25:00,05:27:00,0,0
599,AFRICAN ROADRUNNER,MAIZ AMARILLO ARGENTINO,JORNADA 9,7-15,202412270248,-,2,BODEGA 2,-,2024-12-27 10:46:00,2024-12-27 13:30:00,2024-12-27 13:42:00,00:12:00,02:44:00,-,2270248,T9T864,TRANSJIBAJA S.A.C.,129197,50500,17340,33160,33.16,CHANCAY - 5003,2024-12-27 13:54:00,00:12:00,03:08:00,2024-12-27 14:22:00,50430,17240,33190,30,2024-12-27 15:37:00,00:28:00,01:15:00,04:51:00,0,0
600,AFRICAN ROADRUNNER,MAIZ AMARILLO ARGENTINO,JORNADA 9,7-15,202412270250,-,1,BODEGA 2,-,2024-12-27 10:55:00,2024-12-27 13:32:00,2024-12-27 13:45:00,00:13:00,02:37:00,-,2270250,C7Y834,TRANSJIBAJA S.A.C.,129198,48740,17160,31580,31.58,CHANCAY - 5003,2024-12-27 14:05:00,00:20:00,03:10:00,2024-12-27 14:36:00,48670,17070,31600,20,2024-12-27 15:48:00,00:31:00,01:12:00,04:53:00,0,0
601,AFRICAN ROADRUNNER,MAIZ AMARILLO ARGENTINO,JORNADA 9,7-15,202412270256,-,1,BODEGA 2,-,2024-12-27 10:59:00,2024-12-27 13:57:00,2024-12-27 14:05:00,00:08:00,02:58:00,-,2270256,D8A721,TOSA E.I.R.L.,129199,52580,17240,35340,35.34,CHANCAY - 5003,2024-12-27 14:11:00,00:06:00,03:12:00,2024-12-27 14:44:00,52490,17140,35350,10,2024-12-27 16:03:00,00:33:00,01:19:00,05:04:00,0,0
602,AFRICAN ROADRUNNER,MAIZ AMARILLO ARGENTINO,JORNADA 9,7-15,202412270262,-,1,BODEGA 2,-,2024-12-27 11:10:00,2024-12-27 14:30:00,2024-12-27 14:38:00,00:08:00,03:20:00,-,2270262,AJI820,TOSA E.I.R.L.,129200,49740,17580,32160,32.16,CHANCAY - 5003,2024-12-27 15:02:00,00:24:00,03:52:00,2024-12-27 15:26:00,49650,17480,32170,10,2024-12-27 15:59:00,00:24:00,00:33:00,04:49:00,0,0
603,AFRICAN ROADRUNNER,MAIZ AMARILLO ARGENTINO,JORNADA 9,7-15,202412270272,-,1,BODEGA 2,-,2024-12-27 11:13:00,2024-12-27 14:57:00,2024-12-27 15:05:00,00:08:00,03:44:00,-,2270272,BYP743,TOSA E.I.R.L.,129202,52080,18220,33860,33.86,CHANCAY - 5003,2024-12-27 15:37:00,00:32:00,04:24:00,2024-12-27 16:15:00,52010,18140,33870,10,2024-12-27 16:45:00,00:38:00,00:30:00,05:32:00,0,0
604,AFRICAN ROADRUNNER,MAIZ AMARILLO ARGENTINO,JORNADA 10,15-23,202412270254,-,1,BODEGA 2,-,2024-12-27 10:48:00,2024-12-27 15:02:00,2024-12-27 15:16:00,00:14:00,04:14:00,-,2270254,AZT768,TOSA E.I.R.L.,129201,52600,17820,34780,34.78,CHANCAY - 5003,2024-12-27 15:29:00,00:13:00,04:41:00,2024-12-27 15:55:00,52540,17730,34810,30,2024-12-27 16:21:00,00:26:00,00:26:00,05:33:00,0,0
605,AFRICAN ROADRUNNER,MAIZ AMARILLO ARGENTINO,JORNADA 10,15-23,202412270274,-,1,BODEGA 2,-,2024-12-27 11:14:00,2024-12-27 15:06:00,2024-12-27 15:13:00,00:07:00,03:52:00,-,2270274,APP823,TRANSJIBAJA S.A.C.,129203,53120,17440,35680,35.68,CHANCAY - 5003,2024-12-27 15:40:00,00:27:00,04:26:00,2024-12-27 16:00:00,53040,17350,35690,10,2024-12-27 16:30:00,00:20:00,00:30:00,05:16:00,0,0
606,AFRICAN ROADRUNNER,MAIZ AMARILLO ARGENTINO,JORNADA 10,15-23,202412270278,-,1,BODEGA 2,-,2024-12-27 11:16:00,2024-12-27 15:17:00,2024-12-27 15:23:00,00:06:00,04:01:00,-,2270278,AKV816,TOSA E.I.R.L.,129204,48360,17140,31220,31.22,CHANCAY - 5003,2024-12-27 15:48:00,00:25:00,04:32:00,2024-12-27 16:33:00,48300,17040,31260,40,2024-12-27 16:50:00,00:45:00,00:17:00,05:34:00,0,0
607,AFRICAN ROADRUNNER,MAIZ AMARILLO ARGENTINO,JORNADA 10,15-23,202412270279,-,1,BODEGA 2,-,2024-12-27 11:14:00,2024-12-27 15:40:00,2024-12-27 15:53:00,00:13:00,04:26:00,-,2270279,D1J772,TRANSJIBAJA S.A.C.,129205,49380,16980,32400,32.4,CHANCAY - 5003,2024-12-27 16:06:00,00:13:00,04:52:00,2024-12-27 16:41:00,49310,16910,32400,0,2024-12-27 16:54:00,00:35:00,00:13:00,05:40:00,0,0
608,AFRICAN ROADRUNNER,MAIZ AMARILLO ARGENTINO,JORNADA 10,15-23,202412270281,-,1,BODEGA 2,-,2024-12-27 11:17:00,2024-12-27 15:57:00,2024-12-27 16:03:00,00:06:00,04:40:00,-,2270281,ABV921,TOSA E.I.R.L.,129206,30420,16740,13680,13.68,CHANCAY - 5003,2024-12-27 16:10:00,00:07:00,04:53:00,2024-12-27 17:08:00,30360,16650,13710,30,2024-12-27 17:36:00,00:58:00,00:28:00,06:19:00,0,0
609,AFRICAN ROADRUNNER,MAIZ AMARILLO ARGENTINO,JORNADA 10,15-23,202412270282,-,1,BODEGA 2,-,2024-12-27 11:18:00,2024-12-27 16:02:00,2024-12-27 16:13:00,00:11:00,04:44:00,-,2270282,D3Y881,TRANSJIBAJA S.A.C.,129208,51320,16300,35020,35.02,CHANCAY - 5003,2024-12-27 16:25:00,00:12:00,05:07:00,2024-12-27 17:52:00,51260,16230,35030,10,2024-12-27 18:06:00,01:27:00,00:14:00,06:48:00,0,0
610,AFRICAN ROADRUNNER,MAIZ AMARILLO ARGENTINO,JORNADA 10,15-23,202412270286,-,2,BODEGA 2,-,2024-12-27 11:21:00,2024-12-27 16:20:00,2024-12-27 16:34:00,00:14:00,04:59:00,-,2270286,ACU930,TRANSJIBAJA S.A.C.,129209,51300,16420,34880,34.88,CHANCAY - 5003,2024-12-27 16:50:00,00:16:00,05:29:00,2024-12-27 17:17:00,51240,16340,34900,20,2024-12-27 17:55:00,00:27:00,00:38:00,06:34:00,0,0
611,AFRICAN ROADRUNNER,MAIZ AMARILLO ARGENTINO,JORNADA 10,15-23,202412270291,-,2,BODEGA 2,-,2024-12-27 11:49:00,2024-12-27 16:58:00,2024-12-27 17:06:00,00:08:00,05:09:00,-,2270291,BMO774,VILMA ROJAS,129210,55220,18800,36420,36.42,CHANCAY - 5003,2024-12-27 17:25:00,00:19:00,05:36:00,2024-12-27 18:25:00,55160,18730,36430,10,2024-12-27 19:11:00,01:00:00,00:46:00,07:22:00,0,0
612,AFRICAN ROADRUNNER,MAIZ AMARILLO ARGENTINO,JORNADA 10,15-23,202412270287,-,2,BODEGA 2,-,2024-12-27 11:30:00,2024-12-27 17:20:00,2024-12-27 17:31:00,00:11:00,05:50:00,-,2270287,AZR943,TOSA E.I.R.L.,129211,51260,17680,33580,33.58,CHANCAY - 5003,2024-12-27 17:50:00,00:19:00,06:20:00,2024-12-27 18:30:00,51180,17590,33590,10,2024-12-27 18:49:00,00:40:00,00:19:00,07:19:00,0,0
613,AFRICAN ROADRUNNER,MAIZ AMARILLO ARGENTINO,JORNADA 10,15-23,202412270293,-,2,BODEGA 2,-,2024-12-27 12:00:00,2024-12-27 17:57:00,2024-12-27 18:06:00,00:09:00,05:57:00,-,2270293,ABP703,TRANSJIBAJA S.A.C.,129212,49500,16760,32740,32.74,CHANCAY - 5003,2024-12-27 18:16:00,00:10:00,06:16:00,2024-12-27 19:14:00,49410,16660,32750,10,2024-12-27 19:32:00,00:58:00,00:18:00,07:32:00,0,0
614,AFRICAN ROADRUNNER,MAIZ AMARILLO ARGENTINO,JORNADA 10,15-23,202412270289,-,1,SILOS,-,2024-12-27 11:29:00,2024-12-27 18:05:00,2024-12-27 18:10:00,00:05:00,06:36:00,-,2270289,AUL898,TOSA E.I.R.L.,129213,51020,16980,34040,34.04,CHANCAY - 5003,2024-12-27 18:45:00,00:35:00,07:16:00,2024-12-27 19:25:00,50960,16910,34050,10,2024-12-27 19:37:00,00:40:00,00:12:00,08:08:00,0,0
615,AFRICAN ROADRUNNER,MAIZ AMARILLO ARGENTINO,JORNADA 10,15-23,202412270567,-,1,SILOS,-,2024-12-27 19:39:00,2024-12-27 20:10:00,2024-12-27 20:15:00,00:05:00,00:31:00,-,2270567,AJD804,VILMA ROJAS,129214,52440,18340,34100,34.1,CHANCAY - 5003,2024-12-27 21:33:00,01:18:00,01:54:00,2024-12-27 22:06:00,52350,18250,34100,0,2024-12-27 22:22:00,00:33:00,00:16:00,02:43:00,0,0
616,AFRICAN ROADRUNNER,MAIZ AMARILLO ARGENTINO,JORNADA 10,15-23,202412270544,-,1,SILOS,-,2024-12-27 19:37:00,2024-12-27 21:15:00,2024-12-27 21:20:00,00:05:00,01:38:00,-,987021,ADZ884,TRANSJIBAJA S.A.C.,129215,51700,15980,35720,35.72,LURIN - 5001,2024-12-27 21:39:00,00:19:00,02:02:00,2024-12-28 01:41:00,51520,15840,35680,-40,2024-12-28 02:06:00,04:02:00,00:25:00,06:29:00,0,0
617,AFRICAN ROADRUNNER,MAIZ AMARILLO ARGENTINO,JORNADA 10,15-23,202412270548,-,1,SILOS,-,2024-12-27 19:53:00,2024-12-27 21:25:00,2024-12-27 21:30:00,00:05:00,01:32:00,-,2270548,BYP751,TOSA E.I.R.L.,129217,53060,18320,34740,34.74,CHANCAY - 5003,2024-12-27 21:50:00,00:20:00,01:57:00,2024-12-27 22:35:00,53010,18270,34740,0,2024-12-27 22:48:00,00:45:00,00:13:00,02:55:00,0,0
618,AFRICAN ROADRUNNER,MAIZ AMARILLO ARGENTINO,JORNADA 10,15-23,202412270559,-,1,SILOS,-,2024-12-27 19:38:00,2024-12-27 21:25:00,2024-12-27 21:30:00,00:05:00,01:47:00,-,987031,BDE743,VILMA ROJAS,129232,53140,17920,35220,35.22,LURIN - 5001,2024-12-27 21:42:00,00:12:00,02:04:00,2024-12-28 04:08:00,52920,17750,35170,-50,2024-12-28 04:37:00,06:26:00,00:29:00,08:59:00,0,0
619,AFRICAN ROADRUNNER,MAIZ AMARILLO ARGENTINO,JORNADA 10,15-23,202412270564,-,1,SILOS,-,2024-12-27 19:39:00,2024-12-27 21:30:00,2024-12-27 21:35:00,00:05:00,01:51:00,-,987028,BDD755,VILMA ROJAS,129219,52600,17800,34800,34.8,LURIN - 5001,2024-12-27 21:59:00,00:24:00,02:20:00,2024-12-28 04:00:00,52420,17670,34750,-50,2024-12-28 04:13:00,06:01:00,00:13:00,08:34:00,0,0
620,AFRICAN ROADRUNNER,MAIZ AMARILLO ARGENTINO,JORNADA 10,15-23,202412270552,-,1,SILOS,-,2024-12-27 19:55:00,2024-12-27 21:32:00,2024-12-27 21:36:00,00:04:00,01:37:00,-,2270552,F0J926,TOSA E.I.R.L.,129218,51260,17160,34100,34.1,CHANCAY - 5003,2024-12-27 21:54:00,00:18:00,01:59:00,2024-12-27 22:38:00,51170,17080,34090,-10,2024-12-27 23:07:00,00:44:00,00:29:00,03:12:00,0,0
621,AFRICAN ROADRUNNER,MAIZ AMARILLO ARGENTINO,JORNADA 10,15-23,202412270546,-,1,SILOS,-,2024-12-27 19:37:00,2024-12-27 21:40:00,2024-12-27 21:45:00,00:05:00,02:03:00,-,987023,F4E751,TRANSJIBAJA S.A.C.,129220,52700,16800,35900,35.9,LURIN - 5001,2024-12-27 22:02:00,00:17:00,02:25:00,2024-12-28 01:38:00,52510,16660,35850,-50,2024-12-28 01:50:00,03:36:00,00:12:00,06:13:00,0,0
622,AFRICAN ROADRUNNER,MAIZ AMARILLO ARGENTINO,JORNADA 10,15-23,202412270563,-,1,SILOS,-,2024-12-27 20:01:00,2024-12-27 21:43:00,2024-12-27 21:47:00,00:04:00,01:42:00,-,2270563,AZS811,TOSA E.I.R.L.,129223,53500,17340,36160,36.16,CHANCAY - 5003,2024-12-27 22:16:00,00:29:00,02:15:00,2024-12-27 22:51:00,53430,17280,36150,-10,2024-12-27 23:17:00,00:35:00,00:26:00,03:16:00,0,0
623,AFRICAN ROADRUNNER,MAIZ AMARILLO ARGENTINO,JORNADA 10,15-23,202412270556,-,1,SILOS,-,2024-12-27 19:58:00,2024-12-27 21:45:00,2024-12-27 21:50:00,00:05:00,01:47:00,-,2270556,C9H901,TOSA E.I.R.L.,129221,50640,16260,34380,34.38,CHANCAY - 5003,2024-12-27 22:06:00,00:16:00,02:08:00,2024-12-27 22:47:00,50570,16190,34380,0,2024-12-27 23:10:00,00:41:00,00:23:00,03:12:00,0,0
624,AFRICAN ROADRUNNER,MAIZ AMARILLO ARGENTINO,JORNADA 10,15-23,202412270566,-,1,SILOS,-,2024-12-27 20:03:00,2024-12-27 21:50:00,2024-12-27 21:55:00,00:05:00,01:47:00,-,2270566,D7X754,TOSA E.I.R.L.,129224,51920,17160,34760,34.76,CHANCAY - 5003,2024-12-27 22:23:00,00:28:00,02:20:00,2024-12-27 23:01:00,51840,17080,34760,0,2024-12-27 23:21:00,00:38:00,00:20:00,03:18:00,0,0
625,AFRICAN ROADRUNNER,MAIZ AMARILLO ARGENTINO,JORNADA 10,15-23,202412270543,-,1,SILOS,-,2024-12-27 19:37:00,2024-12-27 21:50:00,2024-12-27 21:55:00,00:05:00,02:13:00,-,987029,F3Q851,TRANSJIBAJA S.A.C.,129222,51660,17560,34100,34.1,LURIN - 5001,2024-12-27 22:14:00,00:19:00,02:37:00,2024-12-28 04:05:00,51470,17420,34050,-50,2024-12-28 04:30:00,05:51:00,00:25:00,08:53:00,0,0
626,AFRICAN ROADRUNNER,MAIZ AMARILLO ARGENTINO,JORNADA 10,15-23,202412270568,-,1,SILOS,-,2024-12-27 20:04:00,2024-12-27 22:00:00,2024-12-27 22:05:00,00:05:00,01:56:00,-,2270568,BYP790,TOSA E.I.R.L.,129225,55720,18260,37460,37.46,CHANCAY - 5003,2024-12-27 22:26:00,00:21:00,02:22:00,2024-12-27 23:10:00,55650,18220,37430,-30,2024-12-27 23:26:00,00:44:00,00:16:00,03:22:00,0,0
627,AFRICAN ROADRUNNER,MAIZ AMARILLO ARGENTINO,JORNADA 10,15-23,202412270562,-,1,SILOS,-,2024-12-27 20:01:00,2024-12-27 22:05:00,2024-12-27 22:08:00,00:03:00,02:04:00,-,987025,BDD755,VILMA ROJAS,129227,57720,17980,39740,39.74,LURIN - 5001,2024-12-27 22:56:00,00:48:00,02:55:00,2024-12-28 04:02:00,57520,17840,39680,-60,2024-12-28 04:24:00,05:06:00,00:22:00,08:23:00,0,0
628,AFRICAN ROADRUNNER,MAIZ AMARILLO ARGENTINO,JORNADA 10,15-23,202412270524,-,1,SILOS,-,2024-12-27 19:45:00,2024-12-27 22:08:00,2024-12-27 22:11:00,00:03:00,02:23:00,-,2270524,F4O747,TOSA E.I.R.L.,129228,49580,17120,32460,32.46,CHANCAY - 5003,2024-12-27 23:22:00,01:11:00,03:37:00,2024-12-27 23:55:00,49510,17070,32440,-20,2024-12-28 00:06:00,00:33:00,00:11:00,04:21:00,0,0
629,AFRICAN ROADRUNNER,MAIZ AMARILLO ARGENTINO,JORNADA 10,15-23,202412270545,-,1,SILOS,-,2024-12-27 19:52:00,2024-12-27 22:30:00,2024-12-27 22:35:00,00:05:00,02:38:00,-,2270545,AWS916,TOSA E.I.R.L.,129226,52740,17620,35120,35.12,CHANCAY - 5003,2024-12-27 22:51:00,00:16:00,02:59:00,2024-12-27 23:16:00,52680,17570,35110,-10,2024-12-27 23:40:00,00:25:00,00:24:00,03:48:00,0,0
630,AFRICAN ROADRUNNER,MAIZ AMARILLO ARGENTINO,JORNADA 10,15-23,202412270541,-,1,SILOS,-,2024-12-27 19:36:00,2024-12-27 22:46:00,2024-12-27 22:50:00,00:04:00,03:10:00,-,987024,D7P795,TRANSJIBAJA S.A.C.,129229,49840,17480,32360,32.36,LURIN - 5001,2024-12-27 23:28:00,00:38:00,03:52:00,2024-12-28 02:27:00,49640,17350,32290,-70,2024-12-28 02:35:00,02:59:00,00:08:00,06:59:00,0,0
631,AFRICAN ROADRUNNER,MAIZ AMARILLO ARGENTINO,JORNADA 11,2025-07-23 00:00:00,202412270547,-,1,SILOS,-,2024-12-27 19:37:00,2024-12-27 23:01:00,2024-12-27 23:06:00,00:05:00,03:24:00,-,987027,C6D781,TRANSJIBAJA S.A.C.,129231,51020,16600,34420,34.42,LURIN - 5001,2024-12-27 23:46:00,00:40:00,04:09:00,2024-12-28 02:45:00,50780,16410,34370,-50,2024-12-28 02:54:00,02:59:00,00:09:00,07:17:00,0,0
632,AFRICAN ROADRUNNER,MAIZ AMARILLO ARGENTINO,JORNADA 11,2025-07-23 00:00:00,202412270539,-,1,SILOS,-,2024-12-27 19:36:00,2024-12-27 23:02:00,2024-12-27 23:07:00,00:05:00,03:26:00,-,987026,ASF702,TRANSJIBAJA S.A.C.,129230,47360,17100,30260,30.26,LURIN - 5001,2024-12-27 23:34:00,00:27:00,03:58:00,2024-12-28 02:29:00,47190,16980,30210,-50,2024-12-28 02:38:00,02:55:00,00:09:00,07:02:00,0,0
633,AFRICAN ROADRUNNER,MAIZ AMARILLO ARGENTINO,JORNADA 11,2025-07-23 00:00:00,202412270537,-,1,SILOS,-,2024-12-27 19:50:00,2024-12-27 23:52:00,2024-12-27 23:58:00,00:06:00,04:02:00,-,2270537,AUL936,TOSA E.I.R.L.,129233,45980,16960,29020,29.02,CHANCAY - 5003,2024-12-28 00:56:00,00:58:00,05:06:00,2024-12-28 01:31:00,45920,16920,29000,-20,2024-12-28 01:47:00,00:35:00,00:16:00,05:57:00,0,0
634,AFRICAN ROADRUNNER,MAIZ AMARILLO ARGENTINO,JORNADA 11,2025-07-23 00:00:00,202412270565,-,1,SILOS,-,2024-12-27 19:39:00,2024-12-28 00:02:00,2024-12-28 00:08:00,00:06:00,04:23:00,-,987032,AJE884,VILMA ROJAS,129234,48660,18780,29880,29.88,LURIN - 5001,2024-12-28 01:01:00,00:53:00,05:22:00,2024-12-28 04:28:00,48420,18600,29820,-60,2024-12-28 05:21:00,03:27:00,00:53:00,09:42:00,0,0
635,AFRICAN ROADRUNNER,MAIZ AMARILLO ARGENTINO,JORNADA 11,2025-07-23 00:00:00,202412270555,-,1,SILOS,-,2024-12-27 19:38:00,2024-12-28 00:10:00,2024-12-28 00:15:00,00:05:00,04:32:00,-,2270555,BMN703,VILMA ROJAS,129235,53860,18980,34880,34.88,LURIN - 5001,2024-12-28 01:03:00,00:48:00,05:25:00,2024-12-28 04:10:00,53660,18840,34820,-60,2024-12-28 04:45:00,03:07:00,00:35:00,09:07:00,0,0
636,AFRICAN ROADRUNNER,MAIZ AMARILLO ARGENTINO,JORNADA 11,2025-07-23 00:00:00,202412270560,-,1,SILOS,-,2024-12-27 19:38:00,2024-12-28 00:18:00,2024-12-28 00:23:00,00:05:00,04:40:00,-,987034,AJP818,VILMA ROJAS,129236,48660,18680,29980,29.98,LURIN - 5001,2024-12-28 01:07:00,00:44:00,05:29:00,2024-12-28 04:35:00,48480,18540,29940,-40,2024-12-28 05:26:00,03:28:00,00:51:00,09:48:00,0,0
637,AFRICAN ROADRUNNER,MAIZ AMARILLO ARGENTINO,JORNADA 11,2025-07-23 00:00:00,202412270538,-,1,SILOS,-,2024-12-27 19:36:00,2024-12-28 00:25:00,2024-12-28 00:29:00,00:04:00,04:49:00,-,987030,APN941,TRANSJIBAJA S.A.C.,129237,47760,16820,30940,30.94,LURIN - 5001,2024-12-28 01:09:00,00:40:00,05:33:00,2024-12-28 04:11:00,47620,16690,30930,-10,2024-12-28 05:02:00,03:02:00,00:51:00,09:26:00,0,0
638,AFRICAN ROADRUNNER,MAIZ AMARILLO ARGENTINO,JORNADA 11,2025-07-23 00:00:00,202412270530,-,1,SILOS,-,2024-12-27 19:46:00,2024-12-28 00:30:00,2024-12-28 00:35:00,00:05:00,04:44:00,-,2270530,ABY907,TOSA E.I.R.L.,129238,48600,16780,31820,31.82,CHANCAY - 5003,2024-12-28 01:11:00,00:36:00,05:25:00,2024-12-28 01:53:00,48540,16720,31820,0,2024-12-28 02:20:00,00:42:00,00:27:00,06:34:00,0,0
639,AFRICAN ROADRUNNER,MAIZ AMARILLO ARGENTINO,JORNADA 11,2025-07-23 00:00:00,202412270523,-,1,SILOS,-,2024-12-27 19:44:00,2024-12-28 00:36:00,2024-12-28 00:41:00,00:05:00,04:52:00,-,2270523,ASA876,TOSA E.I.R.L.,129239,47300,17220,30080,30.08,CHANCAY - 5003,2024-12-28 01:13:00,00:32:00,05:29:00,2024-12-28 01:56:00,47240,17160,30080,0,2024-12-28 02:23:00,00:43:00,00:27:00,06:39:00,0,0
640,AFRICAN ROADRUNNER,MAIZ AMARILLO ARGENTINO,JORNADA 11,2025-07-23 00:00:00,202412270536,-,1,SILOS,-,2024-12-27 19:36:00,2024-12-28 00:40:00,2024-12-28 00:44:00,00:04:00,05:04:00,-,987041,C2B789,TRANSJIBAJA S.A.C.,129240,47380,16440,30940,30.94,LURIN - 5001,2024-12-28 01:16:00,00:32:00,05:40:00,2024-12-28 05:24:00,47200,16320,30880,-60,2024-12-28 06:01:00,04:08:00,00:37:00,10:25:00,0,0
641,AFRICAN ROADRUNNER,MAIZ AMARILLO ARGENTINO,JORNADA 11,2025-07-23 00:00:00,202412270533,-,1,SILOS,-,2024-12-27 19:36:00,2024-12-28 00:42:00,2024-12-28 00:46:00,00:04:00,05:06:00,-,987035,C7Y835,TRANSJIBAJA S.A.C.,129241,46460,16640,29820,29.82,LURIN - 5001,2024-12-28 01:21:00,00:35:00,05:45:00,2024-12-28 04:25:00,46260,16470,29790,-30,2024-12-28 05:16:00,03:04:00,00:51:00,09:40:00,0,0
642,AFRICAN ROADRUNNER,MAIZ AMARILLO ARGENTINO,JORNADA 11,2025-07-23 00:00:00,202412270542,-,1,SILOS,-,2024-12-27 19:51:00,2024-12-28 00:47:00,2024-12-28 00:52:00,00:05:00,04:56:00,-,2270542,AWS791,TOSA E.I.R.L.,129242,50580,17680,32900,32.9,CHANCAY - 5003,2024-12-28 01:23:00,00:31:00,05:32:00,2024-12-28 01:58:00,50520,17620,32900,0,2024-12-28 02:26:00,00:35:00,00:28:00,06:35:00,0,0
643,AFRICAN ROADRUNNER,MAIZ AMARILLO ARGENTINO,JORNADA 11,2025-07-23 00:00:00,202412270554,-,1,SILOS,-,2024-12-27 19:28:00,2024-12-28 00:53:00,2024-12-28 00:58:00,00:05:00,05:25:00,-,987036,ANB766,VILMA ROJAS,129243,50580,18260,32320,32.32,LURIN - 5001,2024-12-28 01:27:00,00:29:00,05:59:00,2024-12-28 12:37:00,48420,18110,30310,-2010,2024-12-28 15:20:00,11:10:00,02:43:00,19:52:00,0,0
644,AFRICAN ROADRUNNER,MAIZ AMARILLO ARGENTINO,JORNADA 11,2025-07-23 00:00:00,202412270540,-,1,SILOS,-,2024-12-27 19:50:00,2024-12-28 01:00:00,2024-12-28 01:05:00,00:05:00,05:10:00,-,2270540,BYP721,TOSA E.I.R.L.,129244,47840,18420,29420,29.42,CHANCAY - 5003,2024-12-28 01:30:00,00:25:00,05:40:00,2024-12-28 02:01:00,47780,18360,29420,0,2024-12-28 02:32:00,00:31:00,00:31:00,06:42:00,0,0
645,AFRICAN ROADRUNNER,MAIZ AMARILLO ARGENTINO,JORNADA 11,2025-07-23 00:00:00,202412270532,-,1,SILOS,-,2024-12-27 19:49:00,2024-12-28 01:06:00,2024-12-28 01:10:00,00:04:00,05:17:00,-,2270532,AFX858,TOSA E.I.R.L.,129245,50580,16860,33720,33.72,CHANCAY - 5003,2024-12-28 01:31:00,00:21:00,05:42:00,2024-12-28 15:21:00,47170,16770,30400,-3320,2024-12-28 15:35:00,13:50:00,00:14:00,19:46:00,0,0
646,AFRICAN ROADRUNNER,MAIZ AMARILLO ARGENTINO,JORNADA 11,2025-07-23 00:00:00,202412270518,-,1,SILOS,-,2024-12-27 19:43:00,2024-12-28 01:18:00,2024-12-28 01:23:00,00:05:00,05:35:00,-,2270518,D7W933,TOSA E.I.R.L.,129246,48820,17360,31460,31.46,CHANCAY - 5003,2024-12-28 01:43:00,00:20:00,06:00:00,2024-12-28 02:16:00,48780,17310,31470,10,2024-12-28 02:35:00,00:33:00,00:19:00,06:52:00,0,0
647,AFRICAN ROADRUNNER,MAIZ AMARILLO ARGENTINO,JORNADA 11,2025-07-23 00:00:00,202412270571,-,1,SILOS,-,2024-12-27 20:07:00,2024-12-28 01:24:00,2024-12-28 01:28:00,00:04:00,05:17:00,-,987037,T9T864,TRANSJIBAJA S.A.C.,129248,50680,17320,33360,33.36,LURIN - 5001,2024-12-28 01:48:00,00:20:00,05:41:00,2024-12-28 04:43:00,50490,17180,33310,-50,2024-12-28 05:30:00,02:55:00,00:47:00,09:23:00,0,0
648,AFRICAN ROADRUNNER,MAIZ AMARILLO ARGENTINO,JORNADA 11,2025-07-23 00:00:00,202412270531,-,1,SILOS,-,2024-12-27 19:36:00,2024-12-28 01:24:00,2024-12-28 01:28:00,00:04:00,05:48:00,-,987040,D6H785,TRANSJIBAJA S.A.C.,129247,48460,16020,32440,32.44,LURIN - 5001,2024-12-28 01:46:00,00:18:00,06:10:00,2024-12-28 05:35:00,48300,15910,32390,-50,2024-12-28 06:24:00,03:49:00,00:49:00,10:48:00,0,0
649,AFRICAN ROADRUNNER,MAIZ AMARILLO ARGENTINO,JORNADA 11,2025-07-23 00:00:00,202412270553,-,1,SILOS,-,2024-12-27 19:38:00,2024-12-28 01:30:00,2024-12-28 01:35:00,00:05:00,05:52:00,-,987038,BMO703,VILMA ROJAS,129249,51640,18760,32880,32.88,LURIN - 5001,2024-12-28 01:52:00,00:17:00,06:14:00,2024-12-28 04:59:00,51660,18810,32850,-30,2024-12-28 05:37:00,03:07:00,00:38:00,09:59:00,0,0
650,AFRICAN ROADRUNNER,MAIZ AMARILLO ARGENTINO,JORNADA 11,2025-07-23 00:00:00,202412270558,-,1,SILOS,-,2024-12-27 19:38:00,2024-12-28 01:35:00,2024-12-28 01:40:00,00:05:00,05:57:00,-,987039,AJP762,VILMA ROJAS,129250,51640,17920,33720,33.72,LURIN - 5001,2024-12-28 01:55:00,00:15:00,06:17:00,2024-12-28 12:35:00,47840,17800,30040,-3680,2024-12-28 15:12:00,10:40:00,02:37:00,19:34:00,0,0
651,AFRICAN ROADRUNNER,MAIZ AMARILLO ARGENTINO,JORNADA 11,2025-07-23 00:00:00,202412270557,-,1,SILOS,-,2024-12-27 19:38:00,2024-12-28 01:35:00,2024-12-28 01:40:00,00:05:00,05:57:00,-,987042,AJG777,VILMA ROJAS,129251,49840,17960,31880,31.88,LURIN - 5001,2024-12-28 01:58:00,00:18:00,06:20:00,2024-12-28 05:29:00,49630,17840,31790,-90,2024-12-28 06:04:00,03:31:00,00:35:00,10:26:00,0,0
652,AFRICAN ROADRUNNER,MAIZ AMARILLO ARGENTINO,JORNADA 11,2025-07-23 00:00:00,202412270529,-,1,SILOS,-,2024-12-27 19:36:00,2024-12-28 01:45:00,2024-12-28 01:50:00,00:05:00,06:09:00,-,987043,D7H920,TRANSJIBAJA S.A.C.,129252,48760,17060,31700,31.7,LURIN - 5001,2024-12-28 02:02:00,00:12:00,06:26:00,2024-12-28 05:42:00,48570,16920,31650,-50,2024-12-28 06:29:00,03:40:00,00:47:00,10:53:00,0,0
653,AFRICAN ROADRUNNER,MAIZ AMARILLO ARGENTINO,JORNADA 11,2025-07-23 00:00:00,202412270499,-,1,SILOS,-,2024-12-27 19:39:00,2024-12-28 01:47:00,2024-12-28 01:52:00,00:05:00,06:08:00,-,2270499,AJI820,TOSA E.I.R.L.,129260,48120,17560,30560,30.56,CHANCAY - 5003,2024-12-28 02:24:00,00:32:00,06:45:00,2024-12-28 02:56:00,48030,17490,30540,-20,2024-12-28 03:21:00,00:32:00,00:25:00,07:42:00,0,0
654,AFRICAN ROADRUNNER,MAIZ AMARILLO ARGENTINO,JORNADA 11,2025-07-23 00:00:00,202412270491,-,1,SILOS,-,2024-12-27 19:38:00,2024-12-28 01:48:00,2024-12-28 01:52:00,00:04:00,06:10:00,-,270491,AZT768,TOSA E.I.R.L.,129254,50080,17800,32280,32.28,CHANCAY - 5003,2024-12-28 02:11:00,00:19:00,06:33:00,2024-12-28 02:39:00,50020,17730,32290,10,2024-12-28 03:03:00,00:28:00,00:24:00,07:25:00,0,0
655,AFRICAN ROADRUNNER,MAIZ AMARILLO ARGENTINO,JORNADA 11,2025-07-23 00:00:00,202412270487,-,1,SILOS,-,2024-12-27 19:31:00,2024-12-28 01:50:00,2024-12-28 01:55:00,00:05:00,06:19:00,-,987045,C7Y834,TRANSJIBAJA S.A.C.,129255,50120,17160,32960,32.96,LURIN - 5001,2024-12-28 02:00:00,00:05:00,06:29:00,2024-12-28 05:53:00,49930,17010,32920,-40,2024-12-28 06:37:00,03:53:00,00:44:00,11:06:00,0,0
656,AFRICAN ROADRUNNER,MAIZ AMARILLO ARGENTINO,JORNADA 11,2025-07-23 00:00:00,202412270515,-,1,SILOS,-,2024-12-27 19:41:00,2024-12-28 01:52:00,2024-12-28 01:57:00,00:05:00,06:11:00,-,2270515,ATA883,TOSA E.I.R.L.,129256,50060,16760,33300,33.3,CHANCAY - 5003,2024-12-28 02:14:00,00:17:00,06:33:00,2024-12-28 02:55:00,50010,16710,33300,0,2024-12-28 03:17:00,00:41:00,00:22:00,07:36:00,0,0
657,AFRICAN ROADRUNNER,MAIZ AMARILLO ARGENTINO,JORNADA 11,2025-07-23 00:00:00,202412270587,-,1,SILOS,-,2024-12-27 19:35:00,2024-12-28 01:55:00,2024-12-28 02:00:00,00:05:00,06:20:00,-,987044,F1K772,TRANSJIBAJA S.A.C.,129253,50880,16900,33980,33.98,LURIN - 5001,2024-12-28 02:08:00,00:08:00,06:33:00,2024-12-28 05:19:00,50700,16760,33940,-40,2024-12-28 05:46:00,03:11:00,00:27:00,10:11:00,0,0
658,AFRICAN ROADRUNNER,MAIZ AMARILLO ARGENTINO,JORNADA 11,2025-07-23 00:00:00,202412270549,-,1,SILOS,-,2024-12-27 19:37:00,2024-12-28 02:05:00,2024-12-28 02:10:00,00:05:00,06:28:00,-,987047,F6V876,VILMA ROJAS,129266,48120,17940,30180,30.18,LURIN - 5001,2024-12-28 02:36:00,00:26:00,06:59:00,2024-12-28 06:57:00,48280,17800,30480,300,2024-12-28 07:53:00,04:21:00,00:56:00,12:16:00,0,0
659,AFRICAN ROADRUNNER,MAIZ AMARILLO ARGENTINO,JORNADA 11,2025-07-23 00:00:00,202412270490,-,1,SILOS,-,2024-12-27 19:37:00,2024-12-28 02:05:00,2024-12-28 02:09:00,00:04:00,06:28:00,-,2270490,AKV816,TOSA E.I.R.L.,129262,50200,17140,33060,33.06,CHANCAY - 5003,2024-12-28 02:30:00,00:21:00,06:53:00,2024-12-28 03:09:00,50120,17050,33070,10,2024-12-28 03:35:00,00:39:00,00:26:00,07:58:00,0,0
660,AFRICAN ROADRUNNER,MAIZ AMARILLO ARGENTINO,JORNADA 11,2025-07-23 00:00:00,202412270570,-,1,SILOS,-,2024-12-27 20:06:00,2024-12-28 02:06:00,2024-12-28 02:10:00,00:04:00,06:00:00,-,987049,APP823,TRANSJIBAJA S.A.C.,129258,49200,17420,31780,31.78,LURIN - 5001,2024-12-28 02:21:00,00:11:00,06:15:00,2024-12-28 06:36:00,49020,17290,31730,-50,2024-12-28 06:48:00,04:15:00,00:12:00,10:42:00,0,0
661,AFRICAN ROADRUNNER,MAIZ AMARILLO ARGENTINO,JORNADA 11,2025-07-23 00:00:00,202412270551,-,1,SILOS,-,2024-12-27 19:37:00,2024-12-28 02:10:00,2024-12-28 02:15:00,00:05:00,06:33:00,-,987046,BDD892,VILMA ROJAS,129259,50760,17600,33160,33.16,LURIN - 5001,2024-12-28 02:23:00,00:08:00,06:46:00,2024-12-28 06:40:00,51020,17910,33110,-50,2024-12-28 06:54:00,04:17:00,00:14:00,11:17:00,0,0
662,AFRICAN ROADRUNNER,MAIZ AMARILLO ARGENTINO,JORNADA 11,2025-07-23 00:00:00,202412270489,-,1,SILOS,-,2024-12-27 19:33:00,2024-12-28 02:10:00,2024-12-28 02:14:00,00:04:00,06:37:00,-,2270489,BYP743,TOSA E.I.R.L.,129263,48880,18200,30680,30.68,CHANCAY - 5003,2024-12-28 02:33:00,00:19:00,07:00:00,2024-12-28 03:13:00,48830,18140,30690,10,2024-12-28 03:45:00,00:40:00,00:32:00,08:12:00,0,0
663,AFRICAN ROADRUNNER,MAIZ AMARILLO ARGENTINO,JORNADA 11,2025-07-23 00:00:00,202412270525,-,1,SILOS,-,2024-12-27 19:35:00,2024-12-28 02:10:00,2024-12-28 02:14:00,00:04:00,06:35:00,-,987048,D0Q776,TRANSJIBAJA S.A.C.,129257,49320,16380,32940,32.94,LURIN - 5001,2024-12-28 02:20:00,00:06:00,06:45:00,2024-12-28 05:49:00,49160,16290,32870,-70,2024-12-28 06:29:00,03:29:00,00:40:00,10:54:00,0,0
664,AFRICAN ROADRUNNER,MAIZ AMARILLO ARGENTINO,JORNADA 11,2025-07-23 00:00:00,202412270509,-,1,SILOS,-,2024-12-27 19:40:00,2024-12-28 02:15:00,2024-12-28 02:19:00,00:04:00,06:35:00,-,2270509,D8A721,TOSA E.I.R.L.,129261,51540,17240,34300,34.3,CHANCAY - 5003,2024-12-28 02:26:00,00:07:00,06:46:00,2024-12-28 03:00:00,51460,17140,34320,20,2024-12-28 03:39:00,00:34:00,00:39:00,07:59:00,0,0
665,AFRICAN ROADRUNNER,MAIZ AMARILLO ARGENTINO,JORNADA 11,2025-07-23 00:00:00,202412270595,-,1,SILOS,-,2024-12-27 19:32:00,2024-12-28 02:18:00,2024-12-28 02:24:00,00:06:00,06:46:00,-,2270595,BUY724,TOSA E.I.R.L.,129264,50480,18240,32240,32.24,CHANCAY - 5003,2024-12-28 02:34:00,00:10:00,07:02:00,2024-12-28 03:16:00,50430,18190,32240,0,2024-12-28 03:49:00,00:42:00,00:33:00,08:17:00,0,0
666,AFRICAN ROADRUNNER,MAIZ AMARILLO ARGENTINO,JORNADA 11,2025-07-23 00:00:00,202412270584,-,1,SILOS,-,2024-12-27 19:08:00,2024-12-28 02:20:00,2024-12-28 02:24:00,00:04:00,07:12:00,-,2270584,AZR943,TOSA E.I.R.L.,129267,48100,17680,30420,30.42,CHANCAY - 5003,2024-12-28 02:45:00,00:21:00,07:37:00,2024-12-28 03:19:00,48020,17590,30430,10,2024-12-28 03:53:00,00:34:00,00:34:00,08:45:00,0,0
667,AFRICAN ROADRUNNER,MAIZ AMARILLO ARGENTINO,JORNADA 11,2025-07-23 00:00:00,202412280005,-,1,SILOS,-,2024-12-28 00:09:00,2024-12-28 02:22:00,2024-12-28 02:27:00,00:05:00,02:13:00,-,2280005,F0J926,TOSA E.I.R.L.,129278,49700,17140,32560,32.56,CHANCAY - 5003,2024-12-28 03:11:00,00:44:00,03:02:00,2024-12-28 03:56:00,49640,17070,32570,10,2024-12-28 04:31:00,00:45:00,00:35:00,04:22:00,0,0
668,AFRICAN ROADRUNNER,MAIZ AMARILLO ARGENTINO,JORNADA 11,2025-07-23 00:00:00,202412270482,-,1,SILOS,-,2024-12-27 19:21:00,2024-12-28 02:22:00,2024-12-28 02:26:00,00:04:00,07:01:00,-,2270482,D6D940,TOSA E.I.R.L.,129265,47080,16660,30420,30.42,CHANCAY - 5003,2024-12-28 02:37:00,00:11:00,07:16:00,2024-12-28 03:31:00,47020,16600,30420,0,2024-12-28 03:58:00,00:54:00,00:27:00,08:37:00,0,0
669,AFRICAN ROADRUNNER,MAIZ AMARILLO ARGENTINO,JORNADA 11,2025-07-23 00:00:00,202412270598,-,1,SILOS,-,2024-12-27 21:13:00,2024-12-28 02:24:00,2024-12-28 02:28:00,00:04:00,05:11:00,-,2270598,BUY726,TOSA E.I.R.L.,129279,48860,18360,30500,30.5,CHANCAY - 5003,2024-12-28 03:11:00,00:43:00,05:58:00,2024-12-28 04:03:00,48770,18270,30500,0,2024-12-28 04:36:00,00:52:00,00:33:00,07:23:00,0,0
670,AFRICAN ROADRUNNER,MAIZ AMARILLO ARGENTINO,JORNADA 11,2025-07-23 00:00:00,202412270582,-,1,SILOS,-,2024-12-27 18:33:00,2024-12-28 02:25:00,2024-12-28 02:30:00,00:05:00,07:52:00,-,987051,D1J772,TRANSJIBAJA S.A.C.,129268,49740,16980,32760,32.76,LURIN - 5001,2024-12-28 02:45:00,00:15:00,08:12:00,2024-12-28 06:46:00,49570,16830,32740,-20,2024-12-28 07:24:00,04:01:00,00:38:00,12:51:00,0,0
671,AFRICAN ROADRUNNER,MAIZ AMARILLO ARGENTINO,JORNADA 11,2025-07-23 00:00:00,202412270588,-,1,SILOS,-,2024-12-27 20:21:00,2024-12-28 02:30:00,2024-12-28 02:35:00,00:05:00,06:09:00,-,987052,ABP703,TRANSJIBAJA S.A.C.,129269,49580,16740,32840,32.84,LURIN - 5001,2024-12-28 02:48:00,00:13:00,06:27:00,2024-12-28 06:44:00,49400,16590,32810,-30,2024-12-28 07:13:00,03:56:00,00:29:00,10:52:00,0,0
672,AFRICAN ROADRUNNER,MAIZ AMARILLO ARGENTINO,JORNADA 11,2025-07-23 00:00:00,202412270485,-,1,SILOS,-,2024-12-27 19:28:00,2024-12-28 02:33:00,2024-12-28 02:40:00,00:07:00,07:05:00,-,2270485,ABV921,TOSA E.I.R.L.,129271,46900,16720,30180,30.18,CHANCAY - 5003,2024-12-28 02:51:00,00:11:00,07:23:00,2024-12-28 03:37:00,46860,16670,30190,10,2024-12-28 04:04:00,00:46:00,00:27:00,08:36:00,0,0
673,AFRICAN ROADRUNNER,MAIZ AMARILLO ARGENTINO,JORNADA 11,2025-07-23 00:00:00,202412270569,-,1,SILOS,-,2024-12-27 20:05:00,2024-12-28 02:36:00,2024-12-28 02:40:00,00:04:00,06:31:00,-,987053,ASZ864,TRANSJIBAJA S.A.C.,129272,49540,17020,32520,32.52,LURIN - 5001,2024-12-28 02:53:00,00:13:00,06:48:00,2024-12-28 06:53:00,49370,16890,32480,-40,2024-12-28 07:44:00,04:00:00,00:51:00,11:39:00,0,0
674,AFRICAN ROADRUNNER,MAIZ AMARILLO ARGENTINO,JORNADA 11,2025-07-23 00:00:00,202412270585,-,1,SILOS,-,2024-12-27 18:59:00,2024-12-28 02:36:00,2024-12-28 02:40:00,00:04:00,07:37:00,-,987055,D3Y881,TRANSJIBAJA S.A.C.,129274,49540,16280,33260,33.26,LURIN - 5001,2024-12-28 02:56:00,00:16:00,07:57:00,2024-12-28 12:32:00,48720,16150,32570,-690,2024-12-28 15:04:00,09:36:00,02:32:00,20:05:00,0,0
675,AFRICAN ROADRUNNER,MAIZ AMARILLO ARGENTINO,JORNADA 11,2025-07-23 00:00:00,202412270589,-,1,SILOS,-,2024-12-27 20:01:00,2024-12-28 02:40:00,2024-12-28 02:44:00,00:04:00,06:39:00,-,987050,BMO774,VILMA ROJAS,129270,51820,18780,33040,33.04,LURIN - 5001,2024-12-28 02:50:00,00:06:00,06:49:00,2024-12-28 06:41:00,51640,18650,32990,-50,2024-12-28 07:05:00,03:51:00,00:24:00,11:04:00,0,0
676,AFRICAN ROADRUNNER,MAIZ AMARILLO ARGENTINO,JORNADA 11,2025-07-23 00:00:00,202412270591,-,1,SILOS,-,2024-12-27 19:00:00,2024-12-28 02:40:00,2024-12-28 02:44:00,00:04:00,07:40:00,-,987054,ACU930,TRANSJIBAJA S.A.C.,129273,49640,16400,33240,33.24,LURIN - 5001,2024-12-28 02:54:00,00:10:00,07:54:00,2024-12-28 06:51:00,49460,16270,33190,-50,2024-12-28 07:36:00,03:57:00,00:45:00,12:36:00,0,0
677,AFRICAN ROADRUNNER,MAIZ AMARILLO ARGENTINO,JORNADA 11,2025-07-23 00:00:00,202412270613,-,1,SILOS,-,2024-12-27 23:00:00,2024-12-28 02:45:00,2024-12-28 02:50:00,00:05:00,03:45:00,-,2270613,BYP751,TOSA E.I.R.L.,129276,53480,18320,35160,35.16,CHANCAY - 5003,2024-12-28 02:59:00,00:09:00,03:59:00,2024-12-28 03:40:00,53460,18270,35190,30,2024-12-28 04:13:00,00:41:00,00:33:00,05:13:00,0,0
678,AFRICAN ROADRUNNER,MAIZ AMARILLO ARGENTINO,JORNADA 11,2025-07-23 00:00:00,202412270594,-,1,SILOS,-,2024-12-27 20:25:00,2024-12-28 02:50:00,2024-12-28 02:54:00,00:04:00,06:25:00,-,2270594,AUL898,TOSA E.I.R.L.,129275,47720,16980,30740,30.74,CHANCAY - 5003,2024-12-28 03:01:00,00:07:00,06:36:00,2024-12-28 03:46:00,47670,16910,30760,20,2024-12-28 04:01:00,00:45:00,00:15:00,07:36:00,0,0
679,AFRICAN ROADRUNNER,MAIZ AMARILLO ARGENTINO,JORNADA 11,2025-07-23 00:00:00,202412280013,-,1,SILOS,-,2024-12-28 00:11:00,2024-12-28 02:52:00,2024-12-28 02:57:00,00:05:00,02:41:00,-,2280013,BYP790,TOSA E.I.R.L.,129277,51320,18280,33040,33.04,CHANCAY - 5003,2024-12-28 03:09:00,00:12:00,02:58:00,2024-12-28 03:50:00,51280,18220,33060,20,2024-12-28 04:22:00,00:41:00,00:32:00,04:11:00,0,0
680,AFRICAN ROADRUNNER,MAIZ AMARILLO ARGENTINO,JORNADA 11,2025-07-23 00:00:00,202412280009,-,1,SILOS,-,2024-12-28 00:10:00,2024-12-28 02:53:00,2024-12-28 02:57:00,00:04:00,02:43:00,-,2280009,AZS811,TOSA E.I.R.L.,129280,52380,17340,35040,35.04,CHANCAY - 5003,2024-12-28 03:13:00,00:16:00,03:03:00,2024-12-28 04:06:00,52330,17280,35050,10,2024-12-28 04:40:00,00:53:00,00:34:00,04:30:00,0,0
681,AFRICAN ROADRUNNER,MAIZ AMARILLO ARGENTINO,JORNADA 11,2025-07-23 00:00:00,202412270601,-,1,SILOS,-,2024-12-27 22:04:00,2024-12-28 03:00:00,2024-12-28 03:05:00,00:05:00,04:56:00,-,270601,BYP785,TOSA E.I.R.L.,129282,49500,18200,31300,31.3,CHANCAY - 5003,2024-12-28 03:19:00,00:14:00,05:15:00,2024-12-28 04:13:00,49430,18130,31300,0,2024-12-28 05:00:00,00:54:00,00:47:00,06:56:00,0,0
682,AFRICAN ROADRUNNER,MAIZ AMARILLO ARGENTINO,JORNADA 11,2025-07-23 00:00:00,202412280014,-,1,SILOS,-,2024-12-28 00:21:00,2024-12-28 03:00:00,2024-12-28 03:04:00,00:04:00,02:39:00,-,2280014,F4O747,TOSA E.I.R.L.,129281,49100,17120,31980,31.98,CHANCAY - 5003,2024-12-28 03:17:00,00:13:00,02:56:00,2024-12-28 04:09:00,49070,17070,32000,20,2024-12-28 04:53:00,00:52:00,00:44:00,04:32:00,0,0
683,AFRICAN ROADRUNNER,MAIZ AMARILLO ARGENTINO,JORNADA 11,2025-07-23 00:00:00,202412280015,-,1,SILOS,-,2024-12-28 00:23:00,2024-12-28 03:01:00,2024-12-28 03:05:00,00:04:00,02:38:00,-,280015,AWS916,TOSA E.I.R.L.,129283,50820,17620,33200,33.2,CHANCAY - 5003,2024-12-28 03:22:00,00:17:00,02:59:00,2024-12-28 04:15:00,50760,17560,33200,0,2024-12-28 05:12:00,00:53:00,00:57:00,04:49:00,0,0
684,AFRICAN ROADRUNNER,MAIZ AMARILLO ARGENTINO,JORNADA 11,2025-07-23 00:00:00,202412270615,-,1,SILOS,-,2024-12-27 23:32:00,2024-12-28 03:05:00,2024-12-28 03:09:00,00:04:00,03:33:00,-,270615,D7X754,TOSA E.I.R.L.,129284,49440,17160,32280,32.28,CHANCAY - 5003,2024-12-28 03:24:00,00:15:00,03:52:00,2024-12-28 04:24:00,49370,17090,32280,0,2024-12-28 05:20:00,01:00:00,00:56:00,05:48:00,0,0
685,AFRICAN ROADRUNNER,MAIZ AMARILLO ARGENTINO,JORNADA 11,2025-07-23 00:00:00,202412280028,-,1,SILOS,-,2024-12-28 02:36:00,2024-12-28 03:10:00,2024-12-28 03:14:00,00:04:00,00:34:00,-,280028,ABY907,TOSA E.I.R.L.,129287,47340,16780,30560,30.56,CHANCAY - 5003,2024-12-28 03:28:00,00:14:00,00:52:00,2024-12-28 04:31:00,47290,16720,30570,10,2024-12-28 05:43:00,01:03:00,01:12:00,03:07:00,0,0
686,AFRICAN ROADRUNNER,MAIZ AMARILLO ARGENTINO,JORNADA 11,2025-07-23 00:00:00,202412280008,-,1,SILOS,-,2024-12-28 00:09:00,2024-12-28 03:12:00,2024-12-28 03:16:00,00:04:00,03:03:00,-,280008,C9H901,TOSA E.I.R.L.,129285,48620,16260,32360,32.36,CHANCAY - 5003,2024-12-28 03:26:00,00:10:00,03:17:00,2024-12-28 04:21:00,48550,16190,32360,0,2024-12-28 05:17:00,00:55:00,00:56:00,05:08:00,0,0
687,AFRICAN ROADRUNNER,MAIZ AMARILLO ARGENTINO,JORNADA 11,2025-07-23 00:00:00,202412280030,-,1,SILOS,-,2024-12-28 02:38:00,2024-12-28 03:15:00,2024-12-28 03:20:00,00:05:00,00:37:00,-,280030,AWS791,TOSA E.I.R.L.,129289,47840,17680,30160,30.16,CHANCAY - 5003,2024-12-28 03:39:00,00:19:00,01:01:00,2024-12-28 04:36:00,47770,17620,30150,-10,2024-12-28 05:50:00,00:57:00,01:14:00,03:12:00,0,0
688,AFRICAN ROADRUNNER,MAIZ AMARILLO ARGENTINO,JORNADA 11,2025-07-23 00:00:00,202412280020,-,1,SILOS,-,2024-12-28 01:57:00,2024-12-28 03:16:00,2024-12-28 03:20:00,00:04:00,01:19:00,-,280020,AUL936,TOSA E.I.R.L.,129286,49240,16960,32280,32.28,CHANCAY - 5003,2024-12-28 03:27:00,00:07:00,01:30:00,2024-12-28 04:26:00,49200,16910,32290,10,2024-12-28 05:26:00,00:59:00,01:00:00,03:29:00,0,0
689,AFRICAN ROADRUNNER,MAIZ AMARILLO ARGENTINO,JORNADA 11,2025-07-23 00:00:00,202412280025,-,1,SILOS,-,2024-12-28 02:34:00,2024-12-28 03:21:00,2024-12-28 03:25:00,00:04:00,00:47:00,-,2280025,ASA876,TOSA E.I.R.L.,129290,49760,17220,32540,32.54,CHANCAY - 5003,2024-12-28 03:40:00,00:15:00,01:06:00,2024-12-28 04:38:00,49700,17160,32540,0,2024-12-28 06:02:00,00:58:00,01:24:00,03:28:00,0,0
690,AFRICAN ROADRUNNER,MAIZ AMARILLO ARGENTINO,JORNADA 11,2025-07-23 00:00:00,202412280032,-,1,SILOS,-,2024-12-28 02:44:00,2024-12-28 03:21:00,2024-12-28 03:25:00,00:04:00,00:37:00,-,280032,BYP721,TOSA E.I.R.L.,129288,52920,18440,34480,34.48,CHANCAY - 5003,2024-12-28 03:34:00,00:09:00,00:50:00,2024-12-28 04:34:00,52890,18370,34520,40,2024-12-28 05:46:00,01:00:00,01:12:00,03:02:00,0,0
691,AFRICAN ROADRUNNER,MAIZ AMARILLO ARGENTINO,JORNADA 11,2025-07-23 00:00:00,202412280035,-,1,SILOS,-,2024-12-28 02:53:00,2024-12-28 03:30:00,2024-12-28 03:34:00,00:04:00,00:37:00,-,2280035,D7W933,TOSA E.I.R.L.,129291,51320,17380,33940,33.94,CHANCAY - 5003,2024-12-28 03:42:00,00:08:00,00:49:00,2024-12-28 04:41:00,51270,17310,33960,20,2024-12-28 06:05:00,00:59:00,01:24:00,03:12:00,0,0
692,AFRICAN ROADRUNNER,MAIZ AMARILLO ARGENTINO,JORNADA 11,2025-07-23 00:00:00,202412280037,-,1,SILOS,-,2024-12-28 03:14:00,2024-12-28 03:30:00,2024-12-28 03:34:00,00:04:00,00:16:00,-,2280037,AZT768,TOSA E.I.R.L.,129292,49340,17800,31540,31.54,CHANCAY - 5003,2024-12-28 03:58:00,00:24:00,00:44:00,2024-12-28 04:43:00,49270,17730,31540,0,2024-12-28 06:09:00,00:45:00,01:26:00,02:55:00,0,0
693,AFRICAN ROADRUNNER,MAIZ AMARILLO ARGENTINO,JORNADA 11,2025-07-23 00:00:00,202412280042,-,1,SILOS,-,2024-12-28 03:28:00,2024-12-28 03:32:00,2024-12-28 03:36:00,00:04:00,00:04:00,-,280042,AZT768,TOSA E.I.R.L.,129293,47740,16780,30960,30.96,CHANCAY - 5003,2024-12-28 04:06:00,00:30:00,00:38:00,2024-12-28 04:49:00,47690,16710,30980,20,2024-12-28 06:25:00,00:43:00,01:36:00,02:57:00,0,0
694,AFRICAN ROADRUNNER,MAIZ AMARILLO ARGENTINO,JORNADA 11,2025-07-23 00:00:00,202412280043,-,1,SILOS,-,2024-12-28 03:30:00,2024-12-28 03:45:00,2024-12-28 03:50:00,00:05:00,00:15:00,-,2280043,AJI820,TOSA E.I.R.L.,129294,51000,17560,33440,33.44,CHANCAY - 5003,2024-12-28 04:08:00,00:18:00,00:38:00,2024-12-28 04:46:00,50910,17470,33440,0,2024-12-28 06:12:00,00:38:00,01:26:00,02:42:00,0,0
695,AFRICAN ROADRUNNER,MAIZ AMARILLO ARGENTINO,JORNADA 11,2025-07-23 00:00:00,202412280049,-,1,SILOS,-,2024-12-28 03:46:00,2024-12-28 03:52:00,2024-12-28 03:57:00,00:05:00,00:06:00,-,2280049,AKV816,TOSA E.I.R.L.,129295,49800,17140,32660,32.66,CHANCAY - 5003,2024-12-28 04:25:00,00:28:00,00:39:00,2024-12-28 04:52:00,49700,17050,32650,-10,2024-12-28 06:29:00,00:27:00,01:37:00,02:43:00,0,0
696,AFRICAN ROADRUNNER,MAIZ AMARILLO ARGENTINO,JORNADA 11,2025-07-23 00:00:00,2024122850,-,1,SILOS,-,2024-12-28 03:48:00,2024-12-28 03:53:00,2024-12-28 03:57:00,00:04:00,00:05:00,-,2280050,D8A721,TOSA E.I.R.L.,129296,47980,17240,30740,30.74,CHANCAY - 5003,2024-12-28 04:28:00,00:31:00,00:40:00,2024-12-28 04:54:00,47890,17130,30760,20,2024-12-28 06:55:00,00:26:00,02:01:00,03:07:00,0,0
697,AFRICAN ROADRUNNER,MAIZ AMARILLO ARGENTINO,JORNADA 11,2025-07-23 00:00:00,202412280056,-,1,SILOS,-,2024-12-28 03:58:00,2024-12-28 04:00:00,2024-12-28 04:04:00,00:04:00,00:02:00,-,2280056,BUY724,TOSA E.I.R.L.,129297,50980,18240,32740,32.74,CHANCAY - 5003,2024-12-28 04:31:00,00:27:00,00:33:00,2024-12-28 04:58:00,50930,18180,32750,10,2024-12-28 07:00:00,00:27:00,02:02:00,03:02:00,0,0
698,AFRICAN ROADRUNNER,MAIZ AMARILLO ARGENTINO,JORNADA 11,2025-07-23 00:00:00,202412280055,-,1,SILOS,-,2024-12-28 03:56:00,2024-12-28 04:06:00,2024-12-28 04:10:00,00:04:00,00:10:00,-,2280055,BYP743,TOSA E.I.R.L.,129298,52840,18200,34640,34.64,CHANCAY - 5003,2024-12-28 04:36:00,00:26:00,00:40:00,2024-12-28 05:04:00,52770,18130,34640,0,2024-12-28 07:08:00,00:28:00,02:04:00,03:12:00,0,0
699,AFRICAN ROADRUNNER,MAIZ AMARILLO ARGENTINO,JORNADA 11,2025-07-23 00:00:00,202412280058,-,1,SILOS,-,2024-12-28 04:09:00,2024-12-28 04:20:00,2024-12-28 04:24:00,00:04:00,00:11:00,-,2280058,AZR943,TOSA E.I.R.L.,129299,49440,17680,31760,31.76,CHANCAY - 5003,2024-12-28 04:39:00,00:15:00,00:30:00,2024-12-28 05:06:00,49360,17590,31770,10,2024-12-28 07:05:00,00:27:00,01:59:00,02:56:00,0,0
700,AFRICAN ROADRUNNER,MAIZ AMARILLO ARGENTINO,JORNADA 11,2025-07-23 00:00:00,202412280065,-,1,SILOS,-,2024-12-28 03:56:00,2024-12-28 04:21:00,2024-12-28 04:25:00,00:04:00,00:25:00,-,2280065,ABY910,TOSA E.I.R.L.,129301,50120,16860,33260,33.26,CHANCAY - 5003,2024-12-28 04:59:00,00:34:00,01:03:00,2024-12-28 05:32:00,50060,16790,33270,10,2024-12-28 07:45:00,00:33:00,02:13:00,03:49:00,0,0
701,AFRICAN ROADRUNNER,MAIZ AMARILLO ARGENTINO,JORNADA 11,2025-07-23 00:00:00,202412280061,-,1,SILOS,-,2024-12-28 04:12:00,2024-12-28 04:25:00,2024-12-28 04:29:00,00:04:00,00:13:00,-,2280061,D6D940,TOSA E.I.R.L.,129300,50520,16660,33860,33.86,CHANCAY - 5003,2024-12-28 04:51:00,00:22:00,00:39:00,2024-12-28 05:19:00,50470,16590,33880,20,2024-12-28 07:41:00,00:28:00,02:22:00,03:29:00,0,0
702,AFRICAN ROADRUNNER,MAIZ AMARILLO ARGENTINO,JORNADA 11,2025-07-23 00:00:00,202412280066,-,1,SILOS,-,2024-12-28 04:21:00,2024-12-28 04:30:00,2024-12-28 04:35:00,00:05:00,00:09:00,-,2280066,BYP751,TOSA E.I.R.L.,129302,48960,18320,30640,30.64,CHANCAY - 5003,2024-12-28 05:01:00,00:26:00,00:40:00,2024-12-28 05:27:00,48900,18240,30660,20,2024-12-28 07:29:00,00:26:00,02:02:00,03:08:00,0,0
703,AFRICAN ROADRUNNER,MAIZ AMARILLO ARGENTINO,JORNADA 11,2025-07-23 00:00:00,202412280069,-,1,SILOS,-,2024-12-28 04:32:00,2024-12-28 04:50:00,2024-12-28 04:55:00,00:05:00,00:18:00,-,2280069,AUL898,TOSA E.I.R.L.,129303,51580,16980,34600,34.6,CHANCAY - 5003,2024-12-28 05:04:00,00:09:00,00:32:00,2024-12-28 05:36:00,51520,16900,34620,20,2024-12-28 07:50:00,00:32:00,02:14:00,03:18:00,0,0
704,AFRICAN ROADRUNNER,MAIZ AMARILLO ARGENTINO,JORNADA 11,2025-07-23 00:00:00,202412280075,-,1,SILOS,-,2024-12-28 04:44:00,2024-12-28 04:54:00,2024-12-28 04:58:00,00:04:00,00:10:00,-,2280075,BUY726,TOSA E.I.R.L.,129306,51580,18360,33220,33.22,CHANCAY - 5003,2024-12-28 05:27:00,00:29:00,00:43:00,2024-12-28 05:52:00,51470,18260,33210,-10,2024-12-28 08:30:00,00:25:00,02:38:00,03:46:00,0,0
705,AFRICAN ROADRUNNER,MAIZ AMARILLO ARGENTINO,JORNADA 11,2025-07-23 00:00:00,202412280062,-,1,SILOS,-,2024-12-28 04:14:00,2024-12-28 04:56:00,2024-12-28 05:00:00,00:04:00,00:42:00,-,2280062,ABV921,TOSA E.I.R.L.,129304,51000,16740,34260,34.26,CHANCAY - 5003,2024-12-28 05:08:00,00:08:00,00:54:00,2024-12-28 05:42:00,50930,16660,34270,10,2024-12-28 07:53:00,00:34:00,02:11:00,03:39:00,0,0
706,AFRICAN ROADRUNNER,MAIZ AMARILLO ARGENTINO,JORNADA 11,2025-07-23 00:00:00,202412280077,-,1,SILOS,-,2024-12-28 04:52:00,2024-12-28 05:00:00,2024-12-28 05:05:00,00:05:00,00:08:00,-,2280077,AZS811,TOSA E.I.R.L.,129307,50440,17320,33120,33.12,CHANCAY - 5003,2024-12-28 05:30:00,00:25:00,00:38:00,2024-12-28 05:56:00,50380,17260,33120,0,2024-12-28 08:34:00,00:26:00,02:38:00,03:42:00,0,0
707,AFRICAN ROADRUNNER,MAIZ AMARILLO ARGENTINO,JORNADA 11,2025-07-23 00:00:00,202412280072,-,1,SILOS,-,2024-12-28 04:36:00,2024-12-28 05:01:00,2024-12-28 05:05:00,00:04:00,00:25:00,-,2280072,BYP790,TOSA E.I.R.L.,129305,51080,18280,32800,32.8,CHANCAY - 5003,2024-12-28 05:13:00,00:08:00,00:37:00,2024-12-28 05:45:00,51020,18210,32810,10,2024-12-28 08:26:00,00:32:00,02:41:00,03:50:00,0,0
708,AFRICAN ROADRUNNER,MAIZ AMARILLO ARGENTINO,JORNADA 11,2025-07-23 00:00:00,202412280082,-,1,SILOS,-,2024-12-28 05:04:00,2024-12-28 05:15:00,2024-12-28 05:20:00,00:05:00,00:11:00,-,2280082,F0J926,TOSA E.I.R.L.,129308,50820,17140,33680,33.68,CHANCAY - 5003,2024-12-28 05:42:00,00:22:00,00:38:00,2024-12-28 06:16:00,50750,17050,33700,20,2024-12-28 08:37:00,00:34:00,02:21:00,03:33:00,0,0
709,AFRICAN ROADRUNNER,MAIZ AMARILLO ARGENTINO,JORNADA 11,2025-07-23 00:00:00,202412280085,-,1,SILOS,-,2024-12-28 05:10:00,2024-12-28 05:20:00,2024-12-28 05:25:00,00:05:00,00:10:00,-,2280085,BYP785,TOSA E.I.R.L.,129309,52040,18200,33840,33.84,CHANCAY - 5003,2024-12-28 05:44:00,00:19:00,00:34:00,2024-12-28 06:19:00,51970,18120,33850,10,2024-12-28 08:41:00,00:35:00,02:22:00,03:31:00,0,0
710,AFRICAN ROADRUNNER,MAIZ AMARILLO ARGENTINO,JORNADA 11,2025-07-23 00:00:00,202412280083,-,1,SILOS,-,2024-12-28 05:05:00,2024-12-28 05:30:00,2024-12-28 05:35:00,00:05:00,00:25:00,-,2280083,F4O747,TOSA E.I.R.L.,129310,49340,17120,32220,32.22,CHANCAY - 5003,2024-12-28 05:47:00,00:12:00,00:42:00,2024-12-28 06:22:00,49300,17060,32240,20,2024-12-28 08:44:00,00:35:00,02:22:00,03:39:00,0,0
711,AFRICAN ROADRUNNER,MAIZ AMARILLO ARGENTINO,JORNADA 11,2025-07-23 00:00:00,202412280093,-,1,SILOS,-,2024-12-28 05:28:00,2024-12-28 05:32:00,2024-12-28 05:36:00,00:04:00,00:04:00,-,2280093,D7X754,TOSA E.I.R.L.,129312,49160,17140,32020,32.02,CHANCAY - 5003,2024-12-28 06:00:00,00:24:00,00:32:00,2024-12-28 06:26:00,49100,17070,32030,10,2024-12-28 08:52:00,00:26:00,02:26:00,03:24:00,0,0
712,AFRICAN ROADRUNNER,MAIZ AMARILLO ARGENTINO,JORNADA 11,2025-07-23 00:00:00,202412280088,-,1,SILOS,-,2024-12-28 05:22:00,2024-12-28 05:36:00,2024-12-28 05:40:00,00:04:00,00:14:00,-,2280088,AWS916,TOSA E.I.R.L.,129311,48140,17600,30540,30.54,CHANCAY - 5003,2024-12-28 05:58:00,00:18:00,00:36:00,2024-12-28 06:28:00,48090,17550,30540,0,2024-12-28 08:56:00,00:30:00,02:28:00,03:34:00,0,0
713,AFRICAN ROADRUNNER,MAIZ AMARILLO ARGENTINO,JORNADA 11,2025-07-23 00:00:00,202412280092,-,1,SILOS,-,2024-12-28 05:25:00,2024-12-28 05:45:00,2024-12-28 05:50:00,00:05:00,00:20:00,-,2280092,C9H901,TOSA E.I.R.L.,129313,48480,16260,32220,32.22,CHANCAY - 5003,2024-12-28 06:09:00,00:19:00,00:44:00,2024-12-28 07:04:00,48400,16170,32230,10,2024-12-28 08:58:00,00:55:00,01:54:00,03:33:00,0,0
714,AFRICAN ROADRUNNER,MAIZ AMARILLO ARGENTINO,JORNADA 11,2025-07-23 00:00:00,202412280096,-,1,SILOS,-,2024-12-28 05:41:00,2024-12-28 05:51:00,2024-12-28 05:56:00,00:05:00,00:10:00,-,2280096,AUL936,TOSA E.I.R.L.,129314,49200,16960,32240,32.24,CHANCAY - 5003,2024-12-28 06:15:00,00:19:00,00:34:00,2024-12-28 07:07:00,49150,16900,32250,10,2024-12-28 09:02:00,00:52:00,01:55:00,03:21:00,0,0
715,AFRICAN ROADRUNNER,MAIZ AMARILLO ARGENTINO,JORNADA 11,2025-07-23 00:00:00,202412280104,-,1,SILOS,-,2024-12-28 06:05:00,2024-12-28 06:20:00,2024-12-28 06:25:00,00:05:00,00:15:00,-,2280104,AWS791,TOSA E.I.R.L.,129315,50220,17680,32540,32.54,CHANCAY - 5003,2024-12-28 06:36:00,00:11:00,00:31:00,2024-12-28 07:10:00,50150,17610,32540,0,2024-12-28 09:10:00,00:34:00,02:00:00,03:05:00,0,0
716,AFRICAN ROADRUNNER,MAIZ AMARILLO ARGENTINO,JORNADA 11,2025-07-23 00:00:00,202412280105,-,1,SILOS,-,2024-12-28 06:04:00,2024-12-28 06:22:00,2024-12-28 06:28:00,00:06:00,00:18:00,-,2280105,ABY907,TOSA E.I.R.L.,129316,49280,16780,32500,32.5,CHANCAY - 5003,2024-12-28 06:43:00,00:15:00,00:39:00,2024-12-28 07:13:00,49200,16700,32500,0,2024-12-28 09:34:00,00:30:00,02:21:00,03:30:00,0,0
717,AFRICAN ROADRUNNER,MAIZ AMARILLO ARGENTINO,JORNADA 11,2025-07-23 00:00:00,202412280115,-,1,SILOS,-,2024-12-28 06:21:00,2024-12-28 06:30:00,2024-12-28 06:34:00,00:04:00,00:09:00,-,2280115,D7W933,TOSA E.I.R.L.,129320,49680,17360,32320,32.32,CHANCAY - 5003,2024-12-28 06:54:00,00:20:00,00:33:00,2024-12-28 07:31:00,49640,17290,32350,30,2024-12-28 09:49:00,00:37:00,02:18:00,03:28:00,0,0
718,AFRICAN ROADRUNNER,MAIZ AMARILLO ARGENTINO,JORNADA 11,2025-07-23 00:00:00,202412280101,-,1,SILOS,-,2024-12-28 05:59:00,2024-12-28 06:30:00,2024-12-28 06:35:00,00:05:00,00:31:00,-,2280101,BYP721,TOSA E.I.R.L.,129317,51260,18420,32840,32.84,CHANCAY - 5003,2024-12-28 06:45:00,00:10:00,00:46:00,2024-12-28 07:16:00,51130,18350,32780,-60,2024-12-28 09:27:00,00:31:00,02:11:00,03:28:00,0,0
719,AFRICAN ROADRUNNER,MAIZ AMARILLO ARGENTINO,JORNADA 11,2025-07-23 00:00:00,202412280114,-,1,SILOS,-,2024-12-28 06:20:00,2024-12-28 06:32:00,2024-12-28 06:36:00,00:04:00,00:12:00,-,2280114,AJI820,TOSA E.I.R.L.,129321,49620,17560,32060,32.06,CHANCAY - 5003,2024-12-28 06:58:00,00:22:00,00:38:00,2024-12-28 07:36:00,49530,17460,32070,10,2024-12-28 09:45:00,00:38:00,02:09:00,03:25:00,0,0
720,AFRICAN ROADRUNNER,MAIZ AMARILLO ARGENTINO,JORNADA 11,2025-07-23 00:00:00,202412280109,-,1,SILOS,-,2024-12-28 06:14:00,2024-12-28 06:35:00,2024-12-28 06:40:00,00:05:00,00:21:00,-,2280109,ASA876,TOSA E.I.R.L.,129318,50020,17220,32800,32.8,CHANCAY - 5003,2024-12-28 06:47:00,00:07:00,00:33:00,2024-12-28 07:19:00,49940,17140,32800,0,2024-12-28 09:38:00,00:32:00,02:19:00,03:24:00,0,0
721,AFRICAN ROADRUNNER,MAIZ AMARILLO ARGENTINO,JORNADA 11,2025-07-23 00:00:00,202412280113,-,1,SILOS,-,2024-12-28 06:17:00,2024-12-28 06:45:00,2024-12-28 06:50:00,00:05:00,00:28:00,-,2280113,AZT768,TOSA E.I.R.L.,129319,50720,17800,32920,32.92,CHANCAY - 5003,2024-12-28 06:52:00,00:02:00,00:35:00,2024-12-28 07:24:00,50660,17700,32960,40,2024-12-28 09:41:00,00:32:00,02:17:00,03:24:00,0,0
722,AFRICAN ROADRUNNER,MAIZ AMARILLO ARGENTINO,JORNADA 12,7-15,202412280121,-,1,SILOS,-,2024-12-28 06:47:00,2024-12-28 07:45:00,2024-12-28 07:50:00,00:05:00,00:58:00,-,2280121,AKV816,TOSA E.I.R.L.,129323,47940,17140,30800,30.8,CHANCAY - 5003,2024-12-28 08:04:00,00:14:00,01:17:00,2024-12-28 08:55:00,47840,17040,30800,0,2024-12-28 09:56:00,00:51:00,01:01:00,03:09:00,0,0
723,AFRICAN ROADRUNNER,MAIZ AMARILLO ARGENTINO,JORNADA 12,7-15,202412280120,-,1,SILOS,-,2024-12-28 06:47:00,2024-12-28 07:45:00,2024-12-28 07:50:00,00:05:00,00:58:00,-,2280120,ATA883,TOSA E.I.R.L.,129322,49080,16760,32320,32.32,CHANCAY - 5003,2024-12-28 08:01:00,00:11:00,01:14:00,2024-12-28 08:45:00,49010,16680,32330,10,2024-12-28 09:52:00,00:44:00,01:07:00,03:05:00,0,0
724,AFRICAN ROADRUNNER,MAIZ AMARILLO ARGENTINO,JORNADA 12,7-15,202412280128,-,1,SILOS,-,2024-12-28 07:22:00,2024-12-28 07:55:00,2024-12-28 08:00:00,00:05:00,00:33:00,-,2280128,D8A721,TOSA E.I.R.L.,129324,51520,17220,34300,34.3,CHANCAY - 5003,2024-12-28 08:06:00,00:06:00,00:44:00,2024-12-28 08:59:00,51420,17110,34310,10,2024-12-28 10:02:00,00:53:00,01:03:00,02:40:00,0,0
725,AFRICAN ROADRUNNER,MAIZ AMARILLO ARGENTINO,JORNADA 12,7-15,202412280131,-,1,SILOS,-,2024-12-28 07:16:00,2024-12-28 08:30:00,2024-12-28 08:35:00,00:05:00,01:14:00,-,2280131,BUY724,TOSA E.I.R.L.,129325,50100,18220,31880,31.88,CHANCAY - 5003,2024-12-28 09:00:00,00:25:00,01:44:00,2024-12-28 09:29:00,50070,18160,31910,30,2024-12-28 10:07:00,00:29:00,00:38:00,02:51:00,0,0
726,AFRICAN ROADRUNNER,MAIZ AMARILLO ARGENTINO,JORNADA 12,7-15,202412280134,-,1,SILOS,-,2024-12-28 07:39:00,2024-12-28 08:50:00,2024-12-28 08:55:00,00:05:00,01:11:00,-,2280134,BYP751,TOSA E.I.R.L.,129326,50780,18300,32480,32.48,CHANCAY - 5003,2024-12-28 09:06:00,00:11:00,01:27:00,2024-12-28 09:42:00,50740,18230,32510,30,2024-12-28 10:36:00,00:36:00,00:54:00,02:57:00,0,0
727,AFRICAN ROADRUNNER,MAIZ AMARILLO ARGENTINO,JORNADA 12,7-15,202412280129,-,1,SILOS,-,2024-12-28 07:27:00,2024-12-28 08:57:00,2024-12-28 09:02:00,00:05:00,01:30:00,-,2280129,AZR943,TOSA E.I.R.L.,129327,50880,17660,33220,33.22,CHANCAY - 5003,2024-12-28 09:09:00,00:07:00,01:42:00,2024-12-28 09:37:00,50790,17570,33220,0,2024-12-28 10:33:00,00:28:00,00:56:00,03:06:00,0,0
728,AFRICAN ROADRUNNER,MAIZ AMARILLO ARGENTINO,JORNADA 12,7-15,202412280137,-,1,SILOS,-,2024-12-28 07:59:00,2024-12-28 09:00:00,2024-12-28 09:05:00,00:05:00,01:01:00,-,2280137,AUL898,TOSA E.I.R.L.,129328,50420,16960,33460,33.46,CHANCAY - 5003,2024-12-28 09:12:00,00:07:00,01:13:00,2024-12-28 09:46:00,50360,16890,33470,10,2024-12-28 10:40:00,00:34:00,00:54:00,02:41:00,0,0
729,AFRICAN ROADRUNNER,MAIZ AMARILLO ARGENTINO,JORNADA 12,7-15,202412280151,-,1,SILOS,-,2024-12-28 08:45:00,2024-12-28 09:15:00,2024-12-28 09:20:00,00:05:00,00:30:00,-,2280151,AZS811,TOSA E.I.R.L.,129329,50840,17320,33520,33.52,CHANCAY - 5003,2024-12-28 09:43:00,00:23:00,00:58:00,2024-12-28 10:08:00,50780,17250,33530,10,2024-12-28 10:44:00,00:25:00,00:36:00,01:59:00,0,0
730,AFRICAN ROADRUNNER,MAIZ AMARILLO ARGENTINO,JORNADA 12,7-15,202412280152,-,1,SILOS,-,2024-12-28 08:21:00,2024-12-28 09:20:00,2024-12-28 09:25:00,00:05:00,00:59:00,-,2280152,D6D940,TOSA E.I.R.L.,129330,50240,16640,33600,33.6,CHANCAY - 5003,2024-12-28 09:49:00,00:24:00,01:28:00,2024-12-28 10:17:00,50180,16570,33610,10,2024-12-28 10:51:00,00:28:00,00:34:00,02:30:00,0,0
731,AFRICAN ROADRUNNER,MAIZ AMARILLO ARGENTINO,JORNADA 12,7-15,202412280155,-,1,SILOS,-,2024-12-28 08:42:00,2024-12-28 09:30:00,2024-12-28 09:35:00,00:05:00,00:48:00,-,2280155,BUY726,TOSA E.I.R.L.,129331,49840,18340,31500,31.5,CHANCAY - 5003,2024-12-28 09:56:00,00:21:00,01:14:00,2024-12-28 11:42:00,49740,18250,31490,-10,2024-12-28 12:17:00,01:46:00,00:35:00,03:35:00,0,0
732,AFRICAN ROADRUNNER,MAIZ AMARILLO ARGENTINO,JORNADA 12,7-15,202412280153,-,1,SILOS,-,2024-12-28 08:36:00,2024-12-28 09:40:00,2024-12-28 09:45:00,00:05:00,01:04:00,-,2280153,ABY910,TOSA E.I.R.L.,129332,48880,16860,32020,32.02,CHANCAY - 5003,2024-12-28 09:59:00,00:14:00,01:23:00,2024-12-28 11:53:00,48780,16770,32010,-10,2024-12-28 12:20:00,01:54:00,00:27:00,03:44:00,0,0
733,AFRICAN ROADRUNNER,MAIZ AMARILLO ARGENTINO,JORNADA 12,7-15,202412280157,-,1,SILOS,-,2024-12-28 08:50:00,2024-12-28 09:52:00,2024-12-28 09:57:00,00:05:00,01:02:00,-,2280157,BYP790,TOSA E.I.R.L.,129333,50440,18240,32200,32.2,CHANCAY - 5003,2024-12-28 10:03:00,00:06:00,01:13:00,2024-12-28 10:46:00,50360,18190,32170,-30,2024-12-28 11:08:00,00:43:00,00:22:00,02:18:00,0,0
734,AFRICAN ROADRUNNER,MAIZ AMARILLO ARGENTINO,JORNADA 12,7-15,202412280150,-,1,SILOS,-,2024-12-28 08:14:00,2024-12-28 09:55:00,2024-12-28 10:00:00,00:05:00,01:41:00,-,2280150,BYP743,TOSA E.I.R.L.,129334,52480,18180,34300,34.3,CHANCAY - 5003,2024-12-28 10:06:00,00:06:00,01:52:00,2024-12-28 10:49:00,52410,18120,34290,-10,2024-12-28 11:02:00,00:43:00,00:13:00,02:48:00,0,0
735,AFRICAN ROADRUNNER,MAIZ AMARILLO ARGENTINO,JORNADA 12,7-15,202412280160,-,1,SILOS,-,2024-12-28 09:02:00,2024-12-28 10:02:00,2024-12-28 10:07:00,00:05:00,01:00:00,-,2280160,D7X754,TOSA E.I.R.L.,129335,51140,17140,34000,34,CHANCAY - 5003,2024-12-28 10:09:00,00:02:00,01:07:00,2024-12-28 11:01:00,51060,17050,34010,10,2024-12-28 11:53:00,00:52:00,00:52:00,02:51:00,0,0
736,AFRICAN ROADRUNNER,MAIZ AMARILLO ARGENTINO,JORNADA 12,7-15,202412280158,-,1,SILOS,-,2024-12-28 08:50:00,2024-12-28 10:08:00,2024-12-28 10:13:00,00:05:00,01:18:00,-,2280158,F0J926,TOSA E.I.R.L.,129336,48660,17120,31540,31.54,CHANCAY - 5003,2024-12-28 10:14:00,00:01:00,01:24:00,2024-12-28 11:07:00,48580,17050,31530,-10,2024-12-28 11:56:00,00:53:00,00:49:00,03:06:00,0,0
737,AFRICAN ROADRUNNER,MAIZ AMARILLO ARGENTINO,JORNADA 12,7-15,202412280166,-,1,SILOS,-,2024-12-28 09:13:00,2024-12-28 10:10:00,2024-12-28 10:15:00,00:05:00,00:57:00,-,2280166,C9H901,TOSA E.I.R.L.,129337,47780,16240,31540,31.54,CHANCAY - 5003,2024-12-28 10:19:00,00:04:00,01:06:00,2024-12-28 11:14:00,47690,16160,31530,-10,2024-12-28 12:04:00,00:55:00,00:50:00,02:51:00,0,0
738,AFRICAN ROADRUNNER,MAIZ AMARILLO ARGENTINO,JORNADA 12,7-15,202412280167,-,1,SILOS,-,2024-12-28 09:15:00,2024-12-28 10:13:00,2024-12-28 10:18:00,00:05:00,00:58:00,-,2280167,AUL936,TOSA E.I.R.L.,129338,50060,16940,33120,33.12,CHANCAY - 5003,2024-12-28 10:24:00,00:06:00,01:09:00,2024-12-28 11:18:00,49990,16890,33100,-20,2024-12-28 12:07:00,00:54:00,00:49:00,02:52:00,0,0
739,AFRICAN ROADRUNNER,MAIZ AMARILLO ARGENTINO,JORNADA 12,7-15,202412280169,-,1,SILOS,-,2024-12-28 09:28:00,2024-12-28 10:18:00,2024-12-28 10:23:00,00:05:00,00:50:00,-,2280169,AWS791,TOSA E.I.R.L.,129339,49940,17660,32280,32.28,CHANCAY - 5003,2024-12-28 10:27:00,00:04:00,00:59:00,2024-12-28 11:21:00,49870,17600,32270,-10,2024-12-28 11:59:00,00:54:00,00:38:00,02:31:00,0,0
740,AFRICAN ROADRUNNER,MAIZ AMARILLO ARGENTINO,JORNADA 12,7-15,202412280172,-,1,SILOS,-,2024-12-28 09:34:00,2024-12-28 10:20:00,2024-12-28 10:25:00,00:05:00,00:46:00,-,2280172,BYP785,TOSA E.I.R.L.,129340,51500,18180,33320,33.32,CHANCAY - 5003,2024-12-28 10:36:00,00:11:00,01:02:00,2024-12-28 11:25:00,51390,18090,33300,-20,2024-12-28 12:10:00,00:49:00,00:45:00,02:36:00,0,0
741,AFRICAN ROADRUNNER,MAIZ AMARILLO ARGENTINO,JORNADA 12,7-15,202412280170,-,1,SILOS,-,2024-12-28 09:28:00,2024-12-28 10:30:00,2024-12-28 10:35:00,00:05:00,01:02:00,-,2280170,ABV921,TOSA E.I.R.L.,129341,48740,16720,32020,32.02,CHANCAY - 5003,2024-12-28 10:41:00,00:06:00,01:13:00,2024-12-28 11:35:00,48680,16640,32040,20,2024-12-28 12:14:00,00:54:00,00:39:00,02:46:00,0,0
742,AFRICAN ROADRUNNER,MAIZ AMARILLO ARGENTINO,JORNADA 12,7-15,202412280174,-,1,SILOS,-,2024-12-28 09:37:00,2024-12-28 10:35:00,2024-12-28 10:40:00,00:05:00,00:58:00,-,2280174,AWS916,TOSA E.I.R.L.,129342,49200,17600,31600,31.6,CHANCAY - 5003,2024-12-28 10:45:00,00:05:00,01:08:00,2024-12-28 11:58:00,49150,17540,31610,10,2024-12-28 12:40:00,01:13:00,00:42:00,03:03:00,0,0
743,AFRICAN ROADRUNNER,MAIZ AMARILLO ARGENTINO,JORNADA 12,7-15,202412280175,-,1,SILOS,-,2024-12-28 09:41:00,2024-12-28 10:38:00,2024-12-28 10:42:00,00:04:00,00:57:00,-,2280175,F4O747,TOSA E.I.R.L.,129344,48180,17100,31080,31.08,CHANCAY - 5003,2024-12-28 10:49:00,00:07:00,01:08:00,2024-12-28 12:03:00,48140,17050,31090,10,2024-12-28 12:44:00,01:14:00,00:41:00,03:03:00,0,0
744,AFRICAN ROADRUNNER,MAIZ AMARILLO ARGENTINO,JORNADA 12,7-15,202412280178,-,1,SILOS,-,2024-12-28 09:47:00,2024-12-28 10:45:00,2024-12-28 10:50:00,00:05:00,00:58:00,-,2280178,ABY907,TOSA E.I.R.L.,129343,49260,16760,32500,32.5,CHANCAY - 5003,2024-12-28 11:01:00,00:11:00,01:14:00,2024-12-28 12:06:00,49200,16690,32510,10,2024-12-28 12:47:00,01:05:00,00:41:00,03:00:00,0,0
745,AFRICAN ROADRUNNER,MAIZ AMARILLO ARGENTINO,JORNADA 12,7-15,202412280182,-,1,SILOS,-,2024-12-28 09:50:00,2024-12-28 10:55:00,2024-12-28 11:00:00,00:05:00,01:05:00,-,2280182,BYP721,TOSA E.I.R.L.,129345,51540,18400,33140,33.14,CHANCAY - 5003,2024-12-28 11:08:00,00:08:00,01:18:00,2024-12-28 12:08:00,51460,18350,33110,-30,2024-12-28 12:51:00,01:00:00,00:43:00,03:01:00,0,0
746,AFRICAN ROADRUNNER,MAIZ AMARILLO ARGENTINO,JORNADA 12,7-15,202412280185,-,1,SILOS,-,2024-12-28 09:51:00,2024-12-28 11:05:00,2024-12-28 11:10:00,00:05:00,01:14:00,-,2280185,ASA876,TOSA E.I.R.L.,129347,49220,17200,32020,32.02,CHANCAY - 5003,2024-12-28 11:34:00,00:24:00,01:43:00,2024-12-28 12:13:00,49150,17150,32000,-20,2024-12-28 12:54:00,00:39:00,00:41:00,03:03:00,0,0
747,AFRICAN ROADRUNNER,MAIZ AMARILLO ARGENTINO,JORNADA 12,7-15,202412280192,-,1,SILOS,-,2024-12-28 10:05:00,2024-12-28 11:10:00,2024-12-28 11:15:00,00:05:00,01:05:00,-,2280192,ATA883,TOSA E.I.R.L.,129346,47600,16760,30840,30.84,CHANCAY - 5003,2024-12-28 11:41:00,00:26:00,01:36:00,2024-12-28 12:12:00,47530,16680,30850,10,2024-12-28 13:09:00,00:31:00,00:57:00,03:04:00,0,0
748,AFRICAN ROADRUNNER,MAIZ AMARILLO ARGENTINO,JORNADA 12,7-15,202412280187,-,1,SILOS,-,2024-12-28 09:55:00,2024-12-28 11:15:00,2024-12-28 11:20:00,00:05:00,01:20:00,-,986679,AJI820,TOSA E.I.R.L.,129348,49860,17520,32340,32.34,CHANCAY - 5003,2024-12-28 11:23:00,00:03:00,01:28:00,2024-12-28 12:35:00,49790,17450,32340,0,2024-12-28 13:00:00,01:12:00,00:25:00,03:05:00,0,0
749,AFRICAN ROADRUNNER,MAIZ AMARILLO ARGENTINO,JORNADA 12,7-15,202412280201,-,1,SILOS,-,2024-12-28 10:15:00,2024-12-28 11:55:00,2024-12-28 12:00:00,00:05:00,01:40:00,-,2280201,D7W933,TOSA E.I.R.L.,129349,51260,17340,33920,33.92,CHANCAY - 5003,2024-12-28 12:06:00,00:06:00,01:51:00,2024-12-28 12:50:00,51200,17280,33920,0,2024-12-28 13:16:00,00:44:00,00:26:00,03:01:00,0,0
750,AFRICAN ROADRUNNER,MAIZ AMARILLO ARGENTINO,JORNADA 12,7-15,202412280199,-,1,SILOS,-,2024-12-28 10:12:00,2024-12-28 11:57:00,2024-12-28 12:03:00,00:06:00,01:45:00,-,2280199,D8A721,TOSA E.I.R.L.,129350,49320,17220,32100,32.1,CHANCAY - 5003,2024-12-28 12:09:00,00:06:00,01:57:00,2024-12-28 12:57:00,49210,17100,32110,10,2024-12-28 13:28:00,00:48:00,00:31:00,03:16:00,0,0
751,AFRICAN ROADRUNNER,MAIZ AMARILLO ARGENTINO,JORNADA 12,7-15,202412280193,-,1,SILOS,-,2024-12-28 10:07:00,2024-12-28 12:00:00,2024-12-28 12:05:00,00:05:00,01:53:00,-,2280193,AKV816,TOSA E.I.R.L.,129351,50040,17120,32920,32.92,CHANCAY - 5003,2024-12-28 12:13:00,00:08:00,02:06:00,2024-12-28 13:01:00,49940,17030,32910,-10,2024-12-28 13:38:00,00:48:00,00:37:00,03:31:00,0,0
752,AFRICAN ROADRUNNER,MAIZ AMARILLO ARGENTINO,JORNADA 12,7-15,202412280189,-,1,SILOS,-,2024-12-28 09:59:00,2024-12-28 12:05:00,2024-12-28 12:10:00,00:05:00,02:06:00,-,22801889,AZT768,TOSA E.I.R.L.,129352,49280,17780,31500,31.5,CHANCAY - 5003,2024-12-28 12:16:00,00:06:00,02:17:00,2024-12-28 13:04:00,49210,17690,31520,20,2024-12-28 13:34:00,00:48:00,00:30:00,03:35:00,0,0
753,AFRICAN ROADRUNNER,MAIZ AMARILLO ARGENTINO,JORNADA 12,7-15,202412280202,-,1,SILOS,-,2024-12-28 10:20:00,2024-12-28 12:12:00,2024-12-28 12:17:00,00:05:00,01:52:00,-,2080202,BUY724,TOSA E.I.R.L.,129353,51480,18220,33260,33.26,CHANCAY - 5003,2024-12-28 12:19:00,00:02:00,01:59:00,2024-12-28 13:10:00,51430,18160,33270,10,2024-12-28 13:44:00,00:51:00,00:34:00,03:24:00,0,0
754,AFRICAN ROADRUNNER,MAIZ AMARILLO ARGENTINO,JORNADA 12,7-15,202412280208,-,1,SILOS,-,2024-12-28 10:53:00,2024-12-28 12:13:00,2024-12-28 12:18:00,00:05:00,01:20:00,-,2280208,AUL898,TOSA E.I.R.L.,129354,51880,16940,34940,34.94,CHANCAY - 5003,2024-12-28 12:26:00,00:08:00,01:33:00,2024-12-28 13:20:00,51800,16870,34930,-10,2024-12-28 13:48:00,00:54:00,00:28:00,02:55:00,0,0
755,AFRICAN ROADRUNNER,MAIZ AMARILLO ARGENTINO,JORNADA 12,7-15,202412280211,-,1,SILOS,-,2024-12-28 11:14:00,2024-12-28 12:20:00,2024-12-28 12:25:00,00:05:00,01:06:00,-,2280211,BYP743,TOSA E.I.R.L.,129355,50560,18180,32380,32.38,CHANCAY - 5003,2024-12-28 12:29:00,00:04:00,01:15:00,2024-12-28 13:22:00,50480,18100,32380,0,2024-12-28 14:15:00,00:53:00,00:53:00,03:01:00,0,0
756,AFRICAN ROADRUNNER,MAIZ AMARILLO ARGENTINO,JORNADA 12,7-15,202412280206,-,1,SILOS,-,2024-12-28 10:42:00,2024-12-28 12:22:00,2024-12-28 12:27:00,00:05:00,01:40:00,-,2280206,AZR943,TOSA E.I.R.L.,129356,49700,17640,32060,32.06,CHANCAY - 5003,2024-12-28 12:31:00,00:04:00,01:49:00,2024-12-28 13:25:00,49610,17550,32060,0,2024-12-28 14:19:00,00:54:00,00:54:00,03:37:00,0,0
757,AFRICAN ROADRUNNER,MAIZ AMARILLO ARGENTINO,JORNADA 12,7-15,202412280207,-,1,SILOS,-,2024-12-28 10:48:00,2024-12-28 12:23:00,2024-12-28 12:28:00,00:05:00,01:35:00,-,2280207,BYP751,TOSA E.I.R.L.,129357,50740,18280,32460,32.46,CHANCAY - 5003,2024-12-28 12:34:00,00:06:00,01:46:00,2024-12-28 15:26:00,50690,18220,32470,10,2024-12-28 15:44:00,02:52:00,00:18:00,04:56:00,0,0
758,AFRICAN ROADRUNNER,MAIZ AMARILLO ARGENTINO,JORNADA 12,7-15,202412280212,-,1,SILOS,-,2024-12-28 11:20:00,2024-12-28 12:25:00,2024-12-28 12:30:00,00:05:00,01:05:00,-,2280212,D6D940,TOSA E.I.R.L.,129358,49560,16620,32940,32.94,CHANCAY - 5003,2024-12-28 12:38:00,00:08:00,01:18:00,2024-12-28 13:42:00,49500,16560,32940,0,2024-12-28 14:22:00,01:04:00,00:40:00,03:02:00,0,0
759,AFRICAN ROADRUNNER,MAIZ AMARILLO ARGENTINO,JORNADA 12,7-15,202412280221,-,1,SILOS,-,2024-12-28 12:26:00,2024-12-28 13:10:00,2024-12-28 13:15:00,00:05:00,00:44:00,-,2280221,BYP785,TOSA E.I.R.L.,129359,52660,18160,34500,34.5,CHANCAY - 5003,2024-12-28 13:31:00,00:16:00,01:05:00,2024-12-28 13:58:00,52590,18080,34510,10,2024-12-28 14:29:00,00:27:00,00:31:00,02:03:00,0,0
760,AFRICAN ROADRUNNER,MAIZ AMARILLO ARGENTINO,JORNADA 12,7-15,202412280223,-,1,SILOS,-,2024-12-28 12:30:00,2024-12-28 13:18:00,2024-12-28 13:23:00,00:05:00,00:48:00,-,2280223,ABY910,TOSA E.I.R.L.,129360,49360,16840,32520,32.52,CHANCAY - 5003,2024-12-28 13:34:00,00:11:00,01:04:00,2024-12-28 14:05:00,49280,16770,32510,-10,2024-12-28 14:34:00,00:31:00,00:29:00,02:04:00,0,0
761,AFRICAN ROADRUNNER,MAIZ AMARILLO ARGENTINO,JORNADA 12,7-15,202412280219,-,1,SILOS,-,2024-12-28 12:24:00,2024-12-28 13:25:00,2024-12-28 13:30:00,00:05:00,01:01:00,-,2280219,ABV921,TOSA E.I.R.L.,129361,49580,16700,32880,32.88,CHANCAY - 5003,2024-12-28 13:39:00,00:09:00,01:15:00,2024-12-28 14:16:00,49500,16630,32870,-10,2024-12-28 14:38:00,00:37:00,00:22:00,02:14:00,0,0
762,AFRICAN ROADRUNNER,MAIZ AMARILLO ARGENTINO,JORNADA 12,7-15,202412280224,-,1,SILOS,-,2024-12-28 12:31:00,2024-12-28 13:30:00,2024-12-28 13:35:00,00:05:00,00:59:00,-,2280224,D7X754,TOSA E.I.R.L.,129362,50340,17120,33220,33.22,CHANCAY - 5003,2024-12-28 13:42:00,00:07:00,01:11:00,2024-12-28 15:29:00,50260,17040,33220,0,2024-12-28 15:49:00,01:47:00,00:20:00,03:18:00,0,0
763,AFRICAN ROADRUNNER,MAIZ AMARILLO ARGENTINO,JORNADA 12,7-15,202412280222,-,1,SILOS,-,2024-12-28 12:47:00,2024-12-28 13:35:00,2024-12-28 13:40:00,00:05:00,00:48:00,-,2280222,BUY726,TOSA E.I.R.L.,129363,50080,18320,31760,31.76,CHANCAY - 5003,2024-12-28 13:45:00,00:05:00,00:58:00,2024-12-28 14:29:00,49990,18250,31740,-20,2024-12-28 14:42:00,00:44:00,00:13:00,01:55:00,0,0
764,AFRICAN ROADRUNNER,MAIZ AMARILLO ARGENTINO,JORNADA 12,7-15,202412280225,-,1,SILOS,-,2024-12-28 11:58:00,2024-12-28 13:38:00,2024-12-28 13:43:00,00:05:00,01:40:00,-,2280225,BYP790,TOSA E.I.R.L.,129364,52940,18240,34700,34.7,CHANCAY - 5003,2024-12-28 13:47:00,00:04:00,01:49:00,2024-12-28 14:41:00,52890,18170,34720,20,2024-12-28 14:59:00,00:54:00,00:18:00,03:01:00,0,0
765,AFRICAN ROADRUNNER,MAIZ AMARILLO ARGENTINO,JORNADA 12,7-15,202412280227,-,1,SILOS,-,2024-12-28 12:51:00,2024-12-28 13:41:00,2024-12-28 13:46:00,00:05:00,00:50:00,-,2280227,AWS916,TOSA E.I.R.L.,129365,50080,17580,32500,32.5,CHANCAY - 5003,2024-12-28 13:50:00,00:04:00,00:59:00,2024-12-28 14:13:00,50020,17520,32500,0,2024-12-28 14:47:00,00:23:00,00:34:00,01:56:00,0,0
766,AFRICAN ROADRUNNER,MAIZ AMARILLO ARGENTINO,JORNADA 12,7-15,202412280228,-,1,SILOS,-,2024-12-28 13:01:00,2024-12-28 13:48:00,2024-12-28 13:53:00,00:05:00,00:47:00,-,2280228,F4O747,TOSA E.I.R.L.,129366,48560,17080,31480,31.48,CHANCAY - 5003,2024-12-28 13:55:00,00:02:00,00:54:00,2024-12-28 14:45:00,48490,17030,31460,-20,2024-12-28 15:03:00,00:50:00,00:18:00,02:02:00,0,0
767,AFRICAN ROADRUNNER,MAIZ AMARILLO ARGENTINO,JORNADA 12,7-15,202412280231,-,1,SILOS,-,2024-12-28 13:27:00,2024-12-28 14:00:00,2024-12-28 14:05:00,00:05:00,00:33:00,-,2280231,AWS791,TOSA E.I.R.L.,129367,50220,17660,32560,32.56,CHANCAY - 5003,2024-12-28 14:08:00,00:03:00,00:41:00,2024-12-28 15:14:00,50140,17580,32560,0,2024-12-28 15:26:00,01:06:00,00:12:00,01:59:00,0,0
768,AFRICAN ROADRUNNER,MAIZ AMARILLO ARGENTINO,JORNADA 12,7-15,202412280232,-,1,SILOS,-,2024-12-28 13:15:00,2024-12-28 14:03:00,2024-12-28 14:08:00,00:05:00,00:48:00,-,2280232,C9H901,TOSA E.I.R.L.,129368,47420,16240,31180,31.18,CHANCAY - 5003,2024-12-28 14:11:00,00:03:00,00:56:00,2024-12-28 15:31:00,47330,16140,31190,10,2024-12-28 15:51:00,01:20:00,00:20:00,02:36:00,0,0
769,AFRICAN ROADRUNNER,MAIZ AMARILLO ARGENTINO,JORNADA 12,7-15,202412280234,-,1,SILOS,-,2024-12-28 13:39:00,2024-12-28 14:15:00,2024-12-28 14:20:00,00:05:00,00:36:00,-,2280234,BYP721,TOSA E.I.R.L.,129369,52380,18400,33980,33.98,CHANCAY - 5003,2024-12-28 14:23:00,00:03:00,00:44:00,2024-12-28 15:33:00,52300,18320,33980,0,2024-12-28 16:00:00,01:10:00,00:27:00,02:21:00,0,0
770,AFRICAN ROADRUNNER,MAIZ AMARILLO ARGENTINO,JORNADA 12,7-15,202412280236,-,1,SILOS,-,2024-12-28 13:48:00,2024-12-28 14:17:00,2024-12-28 14:22:00,00:05:00,00:29:00,-,2280236,ABY907,TOSA E.I.R.L.,129370,49500,16740,32760,32.76,CHANCAY - 5003,2024-12-28 14:31:00,00:09:00,00:43:00,2024-12-28 15:41:00,49420,16670,32750,-10,2024-12-28 16:04:00,01:10:00,00:23:00,02:16:00,0,0
771,AFRICAN ROADRUNNER,MAIZ AMARILLO ARGENTINO,JORNADA 12,7-15,202412280241,-,1,SILOS,-,2024-12-28 13:39:00,2024-12-28 14:35:00,2024-12-28 14:40:00,00:05:00,00:56:00,-,2280241,D7W933,TOSA E.I.R.L.,129371,51520,17340,34180,34.18,CHANCAY - 5003,2024-12-28 14:48:00,00:08:00,01:09:00,2024-12-28 15:46:00,51470,17260,34210,30,2024-12-28 16:21:00,00:58:00,00:35:00,02:42:00,0,0
772,AFRICAN ROADRUNNER,MAIZ AMARILLO ARGENTINO,JORNADA 12,7-15,202412280240,-,1,SILOS,-,2024-12-28 13:53:00,2024-12-28 14:44:00,2024-12-28 14:49:00,00:05:00,00:51:00,-,2280240,BUY724,TOSA E.I.R.L.,129372,53060,18200,34860,34.86,CHANCAY - 5003,2024-12-28 14:51:00,00:02:00,00:58:00,2024-12-28 15:53:00,53000,18150,34850,-10,2024-12-28 16:26:00,01:02:00,00:33:00,02:33:00,0,0
773,AFRICAN ROADRUNNER,MAIZ AMARILLO ARGENTINO,JORNADA 12,7-15,202412280251,-,1,SILOS,-,2024-12-28 13:31:00,2024-12-28 14:47:00,2024-12-28 14:52:00,00:05:00,01:16:00,-,2280251,ASA876,TOSA E.I.R.L.,129373,51000,17180,33820,33.82,CHANCAY - 5003,2024-12-28 14:54:00,00:02:00,01:23:00,2024-12-28 15:57:00,50940,17110,33830,10,2024-12-28 16:33:00,01:03:00,00:36:00,03:02:00,0,0
774,AFRICAN ROADRUNNER,MAIZ AMARILLO ARGENTINO,JORNADA 13,15-23,202412280257,-,1,SILOS,-,2024-12-28 13:51:00,2024-12-28 15:02:00,2024-12-28 15:07:00,00:05:00,01:11:00,-,986722,AZT768,TOSA E.I.R.L.,129375,50820,17760,33060,33.06,CHANCAY - 5003,2024-12-28 15:11:00,00:04:00,01:20:00,2024-12-28 16:01:00,50740,17670,33070,10,2024-12-28 16:38:00,00:50:00,00:37:00,02:47:00,0,0
775,AFRICAN ROADRUNNER,MAIZ AMARILLO ARGENTINO,JORNADA 13,15-23,202412280256,-,1,SILOS,-,2024-12-28 13:59:00,2024-12-28 15:15:00,2024-12-28 15:20:00,00:05:00,01:16:00,-,2280256,AUL898,TOSA E.I.R.L.,129376,51580,16920,34660,34.66,CHANCAY - 5003,2024-12-28 15:24:00,00:04:00,01:25:00,2024-12-28 16:04:00,51500,16860,34640,-20,2024-12-28 16:46:00,00:40:00,00:42:00,02:47:00,0,0
776,AFRICAN ROADRUNNER,MAIZ AMARILLO ARGENTINO,JORNADA 13,15-23,202412280260,-,1,SILOS,-,2024-12-28 14:13:00,2024-12-28 15:20:00,2024-12-28 15:25:00,00:05:00,01:07:00,-,2280260,ATA883,TOSA E.I.R.L.,129377,49000,16740,32260,32.26,CHANCAY - 5003,2024-12-28 15:27:00,00:02:00,01:14:00,2024-12-28 16:07:00,48920,16660,32260,0,2024-12-28 16:51:00,00:40:00,00:44:00,02:38:00,0,0
777,AFRICAN ROADRUNNER,MAIZ AMARILLO ARGENTINO,JORNADA 13,15-23,202412280259,-,1,SILOS,-,2024-12-28 14:23:00,2024-12-28 15:26:00,2024-12-28 15:31:00,00:05:00,01:03:00,-,2280259,AKV816,TOSA E.I.R.L.,129378,47900,17120,30780,30.78,CHANCAY - 5003,2024-12-28 15:32:00,00:01:00,01:09:00,2024-12-28 16:09:00,47810,17020,30790,10,2024-12-28 17:05:00,00:37:00,00:56:00,02:42:00,0,0
778,AFRICAN ROADRUNNER,MAIZ AMARILLO ARGENTINO,JORNADA 13,15-23,202412280263,-,1,SILOS,-,2024-12-28 14:32:00,2024-12-28 15:30:00,2024-12-28 15:35:00,00:05:00,00:58:00,-,2280263,AJI820,TOSA E.I.R.L.,129379,49900,17520,32380,32.38,CHANCAY - 5003,2024-12-28 15:41:00,00:06:00,01:09:00,2024-12-28 16:12:00,49800,17430,32370,-10,2024-12-28 17:01:00,00:31:00,00:49:00,02:29:00,0,0
779,AFRICAN ROADRUNNER,MAIZ AMARILLO ARGENTINO,JORNADA 13,15-23,202412280266,-,1,SILOS,-,2024-12-28 14:34:00,2024-12-28 15:39:00,2024-12-28 15:45:00,00:06:00,01:05:00,-,2280266,AZR943,TOSA E.I.R.L.,129380,49100,17640,31460,31.46,CHANCAY - 5003,2024-12-28 15:47:00,00:02:00,01:13:00,2024-12-28 16:14:00,49010,17540,31470,10,2024-12-28 17:15:00,00:27:00,01:01:00,02:41:00,0,0
780,AFRICAN ROADRUNNER,MAIZ AMARILLO ARGENTINO,JORNADA 13,15-23,202412280268,-,1,SILOS,-,2024-12-28 14:39:00,2024-12-28 15:43:00,2024-12-28 15:48:00,00:05:00,01:04:00,-,2280268,D8A721,TOSA E.I.R.L.,129381,52120,17200,34920,34.92,CHANCAY - 5003,2024-12-28 15:51:00,00:03:00,01:12:00,2024-12-28 16:36:00,52020,17090,34930,10,2024-12-28 17:25:00,00:45:00,00:49:00,02:46:00,0,0
781,AFRICAN ROADRUNNER,MAIZ AMARILLO ARGENTINO,JORNADA 13,15-23,202412280282,-,1,SILOS,-,2024-12-28 16:03:00,2024-12-28 16:15:00,2024-12-28 16:20:00,00:05:00,00:12:00,-,2280282,BUY726,TOSA E.I.R.L.,129382,51520,18340,33180,33.18,CHANCAY - 5003,2024-12-28 16:39:00,00:19:00,00:36:00,2024-12-28 17:04:00,51360,18230,33130,-50,2024-12-28 17:30:00,00:25:00,00:26:00,01:27:00,0,0
782,AFRICAN ROADRUNNER,MAIZ AMARILLO ARGENTINO,JORNADA 13,15-23,202412280275,-,1,SILOS,-,2024-12-28 15:02:00,2024-12-28 16:30:00,2024-12-28 16:36:00,00:06:00,01:28:00,-,2280275,BYP743,TOSA E.I.R.L.,129383,51740,18160,33580,33.58,CHANCAY - 5003,2024-12-28 16:44:00,00:08:00,01:42:00,2024-12-28 17:18:00,51690,18100,33590,10,2024-12-28 17:42:00,00:34:00,00:24:00,02:40:00,0,0
783,AFRICAN ROADRUNNER,MAIZ AMARILLO ARGENTINO,JORNADA 13,15-23,202412280283,-,1,SILOS,-,2024-12-28 15:06:00,2024-12-28 16:39:00,2024-12-28 16:44:00,00:05:00,01:33:00,-,2280283,AWS916,TOSA E.I.R.L.,129384,50500,17580,32920,32.92,CHANCAY - 5003,2024-12-28 16:47:00,00:03:00,01:41:00,2024-12-28 17:23:00,50450,17520,32930,10,2024-12-28 17:49:00,00:36:00,00:26:00,02:43:00,0,0
784,AFRICAN ROADRUNNER,MAIZ AMARILLO ARGENTINO,JORNADA 13,15-23,202412280284,-,1,SILOS,-,2024-12-28 15:14:00,2024-12-28 16:50:00,2024-12-28 16:55:00,00:05:00,01:36:00,-,2280284,D6D940,TOSA E.I.R.L.,129385,50180,16620,33560,33.56,CHANCAY - 5003,2024-12-28 16:59:00,00:04:00,01:45:00,2024-12-28 17:26:00,50110,16560,33550,-10,2024-12-28 17:54:00,00:27:00,00:28:00,02:40:00,0,0
785,AFRICAN ROADRUNNER,MAIZ AMARILLO ARGENTINO,JORNADA 13,15-23,202412280279,-,1,SILOS,-,2024-12-28 14:44:00,2024-12-28 16:57:00,2024-12-28 17:02:00,00:05:00,02:13:00,-,2280279,BYP785,TOSA E.I.R.L.,129386,50340,18160,32180,32.18,CHANCAY - 5003,2024-12-28 17:07:00,00:05:00,02:23:00,2024-12-28 17:41:00,50280,18080,32200,20,2024-12-28 17:59:00,00:34:00,00:18:00,03:15:00,0,0
786,AFRICAN ROADRUNNER,MAIZ AMARILLO ARGENTINO,JORNADA 13,15-23,202412280301,-,1,SILOS,-,2024-12-28 14:59:00,2024-12-28 17:03:00,2024-12-28 17:08:00,00:05:00,02:04:00,-,2280301,ABV921,TOSA E.I.R.L.,129387,49800,16620,33180,33.18,CHANCAY - 5003,2024-12-28 17:12:00,00:04:00,02:13:00,2024-12-28 17:44:00,49720,16620,33100,-80,2024-12-28 18:05:00,00:32:00,00:21:00,03:06:00,0,0
787,AFRICAN ROADRUNNER,MAIZ AMARILLO ARGENTINO,JORNADA 13,15-23,202412280296,-,1,SILOS,-,2024-12-28 16:12:00,2024-12-28 17:09:00,2024-12-28 17:14:00,00:05:00,00:57:00,-,2280296,BYP790,TOSA E.I.R.L.,129388,48880,18140,30740,30.74,CHANCAY - 5003,2024-12-28 17:16:00,00:02:00,01:04:00,2024-12-28 17:48:00,48810,18170,30640,-100,2024-12-28 18:08:00,00:32:00,00:20:00,01:56:00,0,0
788,AFRICAN ROADRUNNER,MAIZ AMARILLO ARGENTINO,JORNADA 13,15-23,202412280302,-,1,SILOS,-,2024-12-28 15:36:00,2024-12-28 17:11:00,2024-12-28 17:16:00,00:05:00,01:35:00,-,2280302,AWS791,TOSA E.I.R.L.,129389,50800,17560,33240,33.24,CHANCAY - 5003,2024-12-28 17:18:00,00:02:00,01:42:00,2024-12-28 17:50:00,50710,17580,33130,-110,2024-12-28 18:18:00,00:32:00,00:28:00,02:42:00,0,0
789,AFRICAN ROADRUNNER,MAIZ AMARILLO ARGENTINO,JORNADA 13,15-23,202412280304,-,1,SILOS,-,2024-12-28 15:50:00,2024-12-28 17:14:00,2024-12-28 17:19:00,00:05:00,01:24:00,-,2280304,AFX858,TOSA E.I.R.L.,129390,50100,16760,33340,33.34,CHANCAY - 5003,2024-12-28 17:21:00,00:02:00,01:31:00,2024-12-28 17:52:00,50000,16770,33230,-110,2024-12-28 18:23:00,00:31:00,00:31:00,02:33:00,0,0
790,AFRICAN ROADRUNNER,MAIZ AMARILLO ARGENTINO,JORNADA 13,15-23,202412280307,-,1,SILOS,-,2024-12-28 16:00:00,2024-12-28 17:15:00,2024-12-28 17:20:00,00:05:00,01:15:00,-,2280307,C9H901,TOSA E.I.R.L.,129391,46660,16140,30520,30.52,CHANCAY - 5003,2024-12-28 17:27:00,00:07:00,01:27:00,2024-12-28 18:00:00,46580,16140,30440,-80,2024-12-28 18:40:00,00:33:00,00:40:00,02:40:00,0,0
791,AFRICAN ROADRUNNER,MAIZ AMARILLO ARGENTINO,JORNADA 13,15-23,202412280310,-,1,SILOS,-,2024-12-28 16:33:00,2024-12-28 17:22:00,2024-12-28 17:27:00,00:05:00,00:49:00,-,2280310,BYP721,TOSA E.I.R.L.,129392,49560,18320,31240,31.24,CHANCAY - 5003,2024-12-28 17:30:00,00:03:00,00:57:00,2024-12-28 18:06:00,49490,18340,31150,-90,2024-12-28 18:36:00,00:36:00,00:30:00,02:03:00,0,0
792,AFRICAN ROADRUNNER,MAIZ AMARILLO ARGENTINO,JORNADA 13,15-23,202412280312,-,1,SILOS,-,2024-12-28 16:04:00,2024-12-28 17:26:00,2024-12-28 17:31:00,00:05:00,01:22:00,-,2280312,AZS811,TOSA E.I.R.L.,129393,50280,17220,33060,33.06,CHANCAY - 5003,2024-12-28 17:33:00,00:02:00,01:29:00,2024-12-28 18:11:00,50200,17240,32960,-100,2024-12-28 18:44:00,00:38:00,00:33:00,02:40:00,0,0
793,AFRICAN ROADRUNNER,MAIZ AMARILLO ARGENTINO,JORNADA 13,15-23,202412280315,-,1,SILOS,-,2024-12-28 15:14:00,2024-12-28 17:28:00,2024-12-28 17:33:00,00:05:00,02:14:00,-,2280315,F4O747,TOSA E.I.R.L.,129394,49120,17080,32040,32.04,CHANCAY - 5003,2024-12-28 17:35:00,00:02:00,02:21:00,2024-12-28 18:14:00,49060,17020,32040,0,2024-12-28 18:48:00,00:39:00,00:34:00,03:34:00,0,0
794,AFRICAN ROADRUNNER,MAIZ AMARILLO ARGENTINO,JORNADA 13,15-23,202412280316,-,1,SILOS,-,2024-12-28 16:06:00,2024-12-28 17:35:00,2024-12-28 17:40:00,00:05:00,01:29:00,-,2280316,ABY910,TOSA E.I.R.L.,129395,49120,16740,32380,32.38,CHANCAY - 5003,2024-12-28 17:42:00,00:02:00,01:36:00,2024-12-28 19:00:00,49040,16760,32280,-100,2024-12-28 19:39:00,01:18:00,00:39:00,03:33:00,0,0
795,AFRICAN ROADRUNNER,MAIZ AMARILLO ARGENTINO,JORNADA 13,15-23,202412280319,-,1,SILOS,-,2024-12-28 16:35:00,2024-12-28 17:37:00,2024-12-28 17:42:00,00:05:00,01:02:00,-,2280319,D7W933,TOSA E.I.R.L.,129396,49360,17240,32120,32.12,CHANCAY - 5003,2024-12-28 17:45:00,00:03:00,01:10:00,2024-12-28 18:28:00,49300,17260,32040,-80,2024-12-28 19:02:00,00:43:00,00:34:00,02:27:00,0,0
796,AFRICAN ROADRUNNER,MAIZ AMARILLO ARGENTINO,JORNADA 13,15-23,202412280313,-,1,SILOS,-,2024-12-28 16:15:00,2024-12-28 17:41:00,2024-12-28 17:46:00,00:05:00,01:26:00,-,2280313,ABY907,TOSA E.I.R.L.,129397,49260,16660,32600,32.6,LURIN - 5001,2024-12-28 17:48:00,00:02:00,01:33:00,2024-12-29 02:28:00,49290,16820,32470,-130,2024-12-29 03:01:00,08:40:00,00:33:00,10:46:00,0,0
797,AFRICAN ROADRUNNER,MAIZ AMARILLO ARGENTINO,JORNADA 13,15-23,202412280317,-,1,SILOS,-,2024-12-28 17:01:00,2024-12-28 17:45:00,2024-12-28 17:50:00,00:05:00,00:44:00,-,2280317,AUL936,TOSA E.I.R.L.,129398,49800,16940,32860,32.86,CHANCAY - 5003,2024-12-28 17:52:00,00:02:00,00:51:00,2024-12-28 18:31:00,49720,16880,32840,-20,2024-12-28 19:14:00,00:39:00,00:43:00,02:13:00,0,0
798,AFRICAN ROADRUNNER,MAIZ AMARILLO ARGENTINO,JORNADA 13,15-23,202412280321,-,1,SILOS,-,2024-12-28 16:45:00,2024-12-28 17:49:00,2024-12-28 17:52:00,00:03:00,01:04:00,-,2280321,ASA876,TOSA E.I.R.L.,129399,50160,17180,32980,32.98,CHANCAY - 5003,2024-12-28 17:54:00,00:02:00,01:09:00,2024-12-28 18:36:00,50100,17110,32990,10,2024-12-28 19:18:00,00:42:00,00:42:00,02:33:00,0,0
799,AFRICAN ROADRUNNER,MAIZ AMARILLO ARGENTINO,JORNADA 13,15-23,202412280324,-,1,SILOS,-,2024-12-28 17:11:00,2024-12-28 17:51:00,2024-12-28 17:56:00,00:05:00,00:40:00,-,2280324,AZT768,TOSA E.I.R.L.,129400,47800,17740,30060,30.06,CHANCAY - 5003,2024-12-28 17:57:00,00:01:00,00:46:00,2024-12-28 18:39:00,47710,17680,30030,-30,2024-12-28 19:22:00,00:42:00,00:43:00,02:11:00,0,0
800,AFRICAN ROADRUNNER,MAIZ AMARILLO ARGENTINO,JORNADA 13,15-23,202412280325,-,1,SILOS,-,2024-12-28 17:08:00,2024-12-28 17:54:00,2024-12-28 17:58:00,00:04:00,00:46:00,-,2280325,ATA883,TOSA E.I.R.L.,129401,47040,16720,30320,30.32,CHANCAY - 5003,2024-12-28 18:01:00,00:03:00,00:53:00,2024-12-28 18:45:00,46980,16660,30320,0,2024-12-28 19:30:00,00:44:00,00:45:00,02:22:00,0,0
801,AFRICAN ROADRUNNER,MAIZ AMARILLO ARGENTINO,JORNADA 13,15-23,202412280323,-,1,SILOS,-,2024-12-28 17:10:00,2024-12-28 17:58:00,2024-12-28 18:02:00,00:04:00,00:48:00,-,2280323,BUY724,TOSA E.I.R.L.,129402,50480,18200,32280,32.28,CHANCAY - 5003,2024-12-28 18:04:00,00:02:00,00:54:00,2024-12-28 18:51:00,50420,18150,32270,-10,2024-12-28 19:35:00,00:47:00,00:44:00,02:25:00,0,0
802,AFRICAN ROADRUNNER,MAIZ AMARILLO ARGENTINO,JORNADA 13,15-23,202412280327,-,1,SILOS,-,2024-12-28 17:26:00,2024-12-28 18:00:00,2024-12-28 18:05:00,00:05:00,00:34:00,-,2280327,AZR943,TOSA E.I.R.L.,129403,50420,17620,32800,32.8,CHANCAY - 5003,2024-12-28 18:06:00,00:01:00,00:40:00,2024-12-28 19:09:00,50330,17540,32790,-10,2024-12-28 19:53:00,01:03:00,00:44:00,02:27:00,0,0
803,AFRICAN ROADRUNNER,MAIZ AMARILLO ARGENTINO,JORNADA 13,15-23,202412280330,-,1,SILOS,-,2024-12-28 17:35:00,2024-12-28 18:16:00,2024-12-28 18:21:00,00:05:00,00:41:00,-,2280330,D8A721,TOSA E.I.R.L.,129404,49000,17200,31800,31.8,CHANCAY - 5003,2024-12-28 18:26:00,00:05:00,00:51:00,2024-12-28 19:12:00,48890,17090,31800,0,2024-12-28 20:00:00,00:46:00,00:48:00,02:25:00,0,0
804,AFRICAN ROADRUNNER,MAIZ AMARILLO ARGENTINO,JORNADA 13,15-23,202412280331,-,1,SILOS,-,2024-12-28 17:38:00,2024-12-28 18:20:00,2024-12-28 18:25:00,00:05:00,00:42:00,-,2280331,AKV816,TOSA E.I.R.L.,129405,49760,17100,32660,32.66,CHANCAY - 5003,2024-12-28 18:29:00,00:04:00,00:51:00,2024-12-28 19:24:00,49660,17020,32640,-20,2024-12-28 20:11:00,00:55:00,00:47:00,02:33:00,0,0
805,AFRICAN ROADRUNNER,MAIZ AMARILLO ARGENTINO,JORNADA 13,15-23,202412280335,-,1,SILOS,-,2024-12-28 18:06:00,2024-12-28 18:25:00,2024-12-28 18:30:00,00:05:00,00:19:00,-,2280335,F0J926,TOSA E.I.R.L.,129406,48940,17120,31820,31.82,CHANCAY - 5003,2024-12-28 18:48:00,00:18:00,00:42:00,2024-12-28 19:28:00,48870,17030,31840,20,2024-12-28 20:14:00,00:40:00,00:46:00,02:08:00,0,0
806,AFRICAN ROADRUNNER,MAIZ AMARILLO ARGENTINO,JORNADA 13,15-23,202412280336,-,1,SILOS,-,2024-12-28 18:02:00,2024-12-28 18:43:00,2024-12-28 18:48:00,00:05:00,00:41:00,-,2280336,BYP751,TOSA E.I.R.L.,129407,51000,18260,32740,32.74,CHANCAY - 5003,2024-12-28 18:52:00,00:04:00,00:50:00,2024-12-28 19:32:00,50940,18210,32730,-10,2024-12-28 20:18:00,00:40:00,00:46:00,02:16:00,0,0
807,AFRICAN ROADRUNNER,MAIZ AMARILLO ARGENTINO,JORNADA 13,15-23,202412280339,-,1,SILOS,-,2024-12-28 18:11:00,2024-12-28 18:45:00,2024-12-28 18:51:00,00:06:00,00:34:00,-,2280339,AJI820,TOSA E.I.R.L.,129408,48360,17520,30840,30.84,CHANCAY - 5003,2024-12-28 18:55:00,00:04:00,00:44:00,2024-12-28 19:43:00,48270,17440,30830,-10,2024-12-28 20:21:00,00:48:00,00:38:00,02:10:00,0,0
808,AFRICAN ROADRUNNER,MAIZ AMARILLO ARGENTINO,JORNADA 13,15-23,202412280344,-,1,SILOS,-,2024-12-28 18:22:00,2024-12-28 18:50:00,2024-12-28 18:55:00,00:05:00,00:28:00,-,2280344,BYP790,TOSA E.I.R.L.,129411,49640,18220,31420,31.42,CHANCAY - 5003,2024-12-28 19:14:00,00:19:00,00:52:00,2024-12-28 19:55:00,49570,18160,31410,-10,2024-12-28 20:57:00,00:41:00,01:02:00,02:35:00,0,0
809,AFRICAN ROADRUNNER,MAIZ AMARILLO ARGENTINO,JORNADA 13,15-23,202412280346,-,1,SILOS,-,2024-12-28 18:05:00,2024-12-28 18:50:00,2024-12-28 18:55:00,00:05:00,00:45:00,-,2280346,BUY726,TOSA E.I.R.L.,129412,49180,18320,30860,30.86,CHANCAY - 5003,2024-12-28 19:17:00,00:22:00,01:12:00,2024-12-28 19:58:00,49090,18220,30870,10,2024-12-28 20:53:00,00:41:00,00:55:00,02:48:00,0,0
810,AFRICAN ROADRUNNER,MAIZ AMARILLO ARGENTINO,JORNADA 13,15-23,202412280342,-,1,SILOS,-,2024-12-28 18:18:00,2024-12-28 18:50:00,2024-12-28 18:55:00,00:05:00,00:32:00,-,2280342,BYP785,TOSA E.I.R.L.,129410,50540,18160,32380,32.38,CHANCAY - 5003,2024-12-28 19:07:00,00:12:00,00:49:00,2024-12-28 19:50:00,50480,18080,32400,20,2024-12-28 20:37:00,00:43:00,00:47:00,02:19:00,0,0
811,AFRICAN ROADRUNNER,MAIZ AMARILLO ARGENTINO,JORNADA 13,15-23,202412280347,-,1,SILOS,-,2024-12-28 18:36:00,2024-12-28 18:50:00,2024-12-28 18:55:00,00:05:00,00:14:00,-,2280347,AFX858,TOSA E.I.R.L.,129413,48780,16760,32020,32.02,CHANCAY - 5003,2024-12-28 19:58:00,01:03:00,01:22:00,2024-12-28 20:27:00,48700,16770,31930,-90,2024-12-28 21:03:00,00:29:00,00:36:00,02:27:00,0,0
812,AFRICAN ROADRUNNER,MAIZ AMARILLO ARGENTINO,JORNADA 13,15-23,202412280338,-,1,SILOS,-,2024-12-28 18:06:00,2024-12-28 18:51:00,2024-12-28 18:56:00,00:05:00,00:45:00,-,2280338,D6D940,TOSA E.I.R.L.,129409,51420,16620,34800,34.8,CHANCAY - 5003,2024-12-28 18:57:00,00:01:00,00:51:00,2024-12-28 19:40:00,51350,16550,34800,0,2024-12-28 20:34:00,00:43:00,00:54:00,02:28:00,0,0
813,AFRICAN ROADRUNNER,MAIZ AMARILLO ARGENTINO,JORNADA 13,15-23,202412280354,-,1,SILOS,-,2024-12-28 18:59:00,2024-12-28 19:20:00,2024-12-28 19:25:00,00:05:00,00:21:00,-,2280354,AZS811,TOSA E.I.R.L.,129414,49720,17300,32420,32.42,CHANCAY - 5003,2024-12-28 20:02:00,00:37:00,01:03:00,2024-12-28 20:29:00,49660,17230,32430,10,2024-12-28 21:00:00,00:27:00,00:31:00,02:01:00,0,0
814,AFRICAN ROADRUNNER,MAIZ AMARILLO ARGENTINO,JORNADA 13,15-23,202412280355,-,1,SILOS,-,2024-12-28 19:02:00,2024-12-28 19:20:00,2024-12-28 19:25:00,00:05:00,00:18:00,-,2280355,F4O747,TOSA E.I.R.L.,129415,50260,17060,33200,33.2,CHANCAY - 5003,2024-12-28 20:05:00,00:40:00,01:03:00,2024-12-28 20:31:00,50220,17020,33200,0,2024-12-28 21:06:00,00:26:00,00:35:00,02:04:00,0,0
815,AFRICAN ROADRUNNER,MAIZ AMARILLO ARGENTINO,JORNADA 13,15-23,202412280363,-,1,SILOS,-,2024-12-28 19:26:00,2024-12-28 19:45:00,2024-12-28 19:50:00,00:05:00,00:19:00,-,280363,AUL936,TOSA E.I.R.L.,129417,50840,16940,33900,33.9,CHANCAY - 5003,2024-12-28 20:18:00,00:28:00,00:52:00,2024-12-28 20:46:00,50780,16880,33900,0,2024-12-28 21:24:00,00:28:00,00:38:00,01:58:00,0,0
816,AFRICAN ROADRUNNER,MAIZ AMARILLO ARGENTINO,JORNADA 13,15-23,202412280366,-,1,SILOS,-,2024-12-28 19:38:00,2024-12-28 19:45:00,2024-12-28 19:50:00,00:05:00,00:07:00,-,2280366,AZT768,TOSA E.I.R.L.,129419,52000,17740,34260,34.26,CHANCAY - 5003,2024-12-28 20:24:00,00:34:00,00:46:00,2024-12-28 20:51:00,51910,17670,34240,-20,2024-12-28 21:37:00,00:27:00,00:46:00,01:59:00,0,0
817,AFRICAN ROADRUNNER,MAIZ AMARILLO ARGENTINO,JORNADA 13,15-23,202412280356,-,1,SILOS,-,2024-12-28 19:26:00,2024-12-28 19:50:00,2024-12-28 19:55:00,00:05:00,00:24:00,-,2280356,C9H901,TOSA E.I.R.L.,129416,50840,16940,33900,33.9,CHANCAY - 5003,2024-12-28 20:18:00,00:23:00,00:52:00,2024-12-28 20:43:00,49860,16140,33720,-180,2024-12-28 21:21:00,00:25:00,00:38:00,01:55:00,0,0
818,AFRICAN ROADRUNNER,MAIZ AMARILLO ARGENTINO,JORNADA 13,15-23,202412280362,-,1,SILOS,-,2024-12-28 19:25:00,2024-12-28 19:52:00,2024-12-28 19:58:00,00:06:00,00:27:00,-,2280362,D7X754,TOSA E.I.R.L.,129418,51500,17120,34380,34.38,CHANCAY - 5003,2024-12-28 20:21:00,00:23:00,00:56:00,2024-12-28 20:48:00,51420,17040,34380,0,2024-12-28 21:34:00,00:27:00,00:46:00,02:09:00,0,0
819,AFRICAN ROADRUNNER,MAIZ AMARILLO ARGENTINO,JORNADA 13,15-23,202412280370,-,1,SILOS,-,2024-12-28 19:49:00,2024-12-28 19:56:00,2024-12-28 20:00:00,00:04:00,00:07:00,-,2280370,ATA883,TOSA E.I.R.L.,129420,48320,16720,31600,31.6,CHANCAY - 5003,2024-12-28 20:34:00,00:34:00,00:45:00,2024-12-28 21:13:00,48260,16660,31600,0,2024-12-28 21:47:00,00:39:00,00:34:00,01:58:00,0,0
820,AFRICAN ROADRUNNER,MAIZ AMARILLO ARGENTINO,JORNADA 13,15-23,202412280374,-,1,SILOS,-,2024-12-28 20:05:00,2024-12-28 20:15:00,2024-12-28 20:20:00,00:05:00,00:10:00,-,2280374,AZR943,TOSA E.I.R.L.,129421,51120,17620,33500,33.5,CHANCAY - 5003,2024-12-28 20:37:00,00:17:00,00:32:00,2024-12-28 21:10:00,51040,17530,33510,10,2024-12-28 21:44:00,00:33:00,00:34:00,01:39:00,0,0
821,AFRICAN ROADRUNNER,MAIZ AMARILLO ARGENTINO,JORNADA 13,15-23,202412280393,-,1,SILOS,-,2024-12-28 20:39:00,2024-12-28 20:42:00,2024-12-28 20:46:00,00:04:00,00:03:00,-,280393,AJI820,TOSA E.I.R.L.,129424,50140,17520,32620,32.62,CHANCAY - 5003,2024-12-28 21:18:00,00:32:00,00:39:00,2024-12-28 21:41:00,50050,17440,32610,-10,2024-12-28 22:09:00,00:23:00,00:28:00,01:30:00,0,0
822,AFRICAN ROADRUNNER,MAIZ AMARILLO ARGENTINO,JORNADA 13,15-23,202412280378,-,1,SILOS,-,2024-12-28 20:16:00,2024-12-28 20:49:00,2024-12-28 21:03:00,00:14:00,00:33:00,-,280378,ASA876,TOSA E.I.R.L.,129423,51660,17180,34480,34.48,CHANCAY - 5003,2024-12-28 21:10:00,00:07:00,00:54:00,2024-12-28 21:32:00,51600,17110,34490,10,2024-12-28 22:00:00,00:22:00,00:28:00,01:44:00,0,0
823,AFRICAN ROADRUNNER,MAIZ AMARILLO ARGENTINO,JORNADA 13,15-23,202412280381,-,1,SILOS,-,2024-12-28 20:21:00,2024-12-28 20:50:00,2024-12-28 20:55:00,00:05:00,00:29:00,-,280381,ABY910,TOSA E.I.R.L.,129422,51540,16820,34720,34.72,CHANCAY - 5003,2024-12-28 21:00:00,00:05:00,00:39:00,2024-12-28 21:29:00,51480,16760,34720,0,2024-12-28 22:04:00,00:29:00,00:35:00,01:43:00,0,0
824,AFRICAN ROADRUNNER,MAIZ AMARILLO ARGENTINO,JORNADA 13,15-23,202412280402,-,1,SILOS,-,2024-12-28 20:33:00,2024-12-28 21:05:00,2024-12-28 21:10:00,00:05:00,00:32:00,-,2280402,F0J926,TOSA E.I.R.L.,129426,49620,17120,32500,32.5,CHANCAY - 5003,2024-12-28 22:04:00,00:54:00,01:31:00,2024-12-28 22:46:00,49560,17030,32530,30,2024-12-28 23:05:00,00:42:00,00:19:00,02:32:00,0,0
825,AFRICAN ROADRUNNER,MAIZ AMARILLO ARGENTINO,JORNADA 13,15-23,202412280398,-,1,SILOS,-,2024-12-28 20:53:00,2024-12-28 21:15:00,2024-12-28 21:20:00,00:05:00,00:22:00,-,987065,BYP785,TOSA E.I.R.L.,129425,52620,18140,34480,34.48,LURIN - 5001,2024-12-28 22:01:00,00:41:00,01:08:00,2024-12-29 01:29:00,52420,18020,34400,-80,2024-12-29 01:37:00,03:28:00,00:08:00,04:44:00,0,0
826,AFRICAN ROADRUNNER,MAIZ AMARILLO ARGENTINO,JORNADA 13,15-23,202412280405,-,1,SILOS,-,2024-12-28 21:33:00,2024-12-28 21:52:00,2024-12-28 21:57:00,00:05:00,00:19:00,-,987066,D6D940,TOSA E.I.R.L.,129428,49200,16600,32600,32.6,LURIN - 5001,2024-12-28 22:24:00,00:27:00,00:51:00,2024-12-29 02:12:00,49030,16490,32540,-60,2024-12-29 02:46:00,03:48:00,00:34:00,05:13:00,0,0
827,AFRICAN ROADRUNNER,MAIZ AMARILLO ARGENTINO,JORNADA 13,15-23,202412280413,-,1,SILOS,-,2024-12-28 21:43:00,2024-12-28 21:53:00,2024-12-28 22:00:00,00:07:00,00:10:00,-,2280413,AWS916,TOSA E.I.R.L.,129429,50620,17560,33060,33.06,CHANCAY - 5003,2024-12-28 22:30:00,00:30:00,00:47:00,2024-12-28 23:01:00,50560,17520,33040,-20,2024-12-28 23:13:00,00:31:00,00:12:00,01:30:00,0,0
828,AFRICAN ROADRUNNER,MAIZ AMARILLO ARGENTINO,JORNADA 13,15-23,202412280412,-,1,SILOS,-,2024-12-28 21:41:00,2024-12-28 21:55:00,2024-12-28 22:00:00,00:05:00,00:14:00,-,2280412,BYP751,TOSA E.I.R.L.,129427,50140,18260,31880,31.88,CHANCAY - 5003,2024-12-28 22:20:00,00:20:00,00:39:00,2024-12-28 22:49:00,50100,18220,31880,0,2024-12-28 23:09:00,00:29:00,00:20:00,01:28:00,0,0
829,AFRICAN ROADRUNNER,MAIZ AMARILLO ARGENTINO,JORNADA 13,15-23,202412280416,-,1,SILOS,-,2024-12-28 21:42:00,2024-12-28 22:01:00,2024-12-28 22:06:00,00:05:00,00:19:00,-,987067,BUY726,TOSA E.I.R.L.,129430,52520,18320,34200,34.2,LURIN - 5001,2024-12-28 22:39:00,00:33:00,00:57:00,2024-12-29 01:43:00,52300,18140,34160,-40,2024-12-29 01:53:00,03:04:00,00:10:00,04:11:00,0,0
830,AFRICAN ROADRUNNER,MAIZ AMARILLO ARGENTINO,JORNADA 13,15-23,202412280429,-,1,SILOS,-,2024-12-28 21:53:00,2024-12-28 22:10:00,2024-12-28 22:15:00,00:05:00,00:17:00,-,987068,F4O747,TOSA E.I.R.L.,129431,51220,17060,34160,34.16,LURIN - 5001,2024-12-28 22:41:00,00:26:00,00:48:00,2024-12-29 01:45:00,51050,16960,34090,-70,2024-12-29 02:06:00,03:04:00,00:21:00,04:13:00,0,0
831,AFRICAN ROADRUNNER,MAIZ AMARILLO ARGENTINO,JORNADA 13,15-23,202412280430,-,1,SILOS,-,2024-12-28 21:48:00,2024-12-28 22:10:00,2024-12-28 22:15:00,00:05:00,00:22:00,-,987070,D7X754,TOSA E.I.R.L.,129433,50800,17120,33680,33.68,LURIN - 5001,2024-12-28 22:49:00,00:34:00,01:01:00,2024-12-29 01:56:00,50610,16980,33630,-50,2024-12-29 02:24:00,03:07:00,00:28:00,04:36:00,0,0
832,AFRICAN ROADRUNNER,MAIZ AMARILLO ARGENTINO,JORNADA 13,15-23,202412280424,-,1,SILOS,-,2024-12-28 21:50:00,2024-12-28 22:30:00,2024-12-28 22:35:00,00:05:00,00:40:00,-,987069,AZS811,TOSA E.I.R.L.,129432,50520,17300,33220,33.22,LURIN - 5001,2024-12-28 22:44:00,00:09:00,00:54:00,2024-12-29 01:47:00,50330,17160,33170,-50,2024-12-29 02:14:00,03:03:00,00:27:00,04:24:00,0,0
833,AFRICAN ROADRUNNER,MAIZ AMARILLO ARGENTINO,JORNADA 13,15-23,202412280435,-,1,SILOS,-,2024-12-28 22:45:00,2024-12-28 22:50:00,2024-12-28 22:55:00,00:05:00,00:05:00,-,2280435,ABV921,TOSA E.I.R.L.,129434,49800,16700,33100,33.1,CHANCAY - 5003,2024-12-28 23:24:00,00:29:00,00:39:00,2024-12-28 23:59:00,49750,16630,33120,20,2024-12-29 00:18:00,00:35:00,00:19:00,01:33:00,0,0
834,AFRICAN ROADRUNNER,MAIZ AMARILLO ARGENTINO,JORNADA 14,2025-07-23 00:00:00,202412280442,-,1,SILOS,-,2024-12-28 22:39:00,2024-12-28 23:01:00,2024-12-28 23:06:00,00:05:00,00:22:00,-,987071,AZT768,TOSA E.I.R.L.,129435,51340,17740,33600,33.6,LURIN - 5001,2024-12-28 23:38:00,00:32:00,00:59:00,2024-12-29 02:04:00,51140,17600,33540,-60,2024-12-29 02:34:00,02:26:00,00:30:00,03:55:00,0,0
835,AFRICAN ROADRUNNER,MAIZ AMARILLO ARGENTINO,JORNADA 14,2025-07-23 00:00:00,202412280447,-,1,SILOS,-,2024-12-28 23:00:00,2024-12-28 23:10:00,2024-12-28 23:15:00,00:05:00,00:10:00,-,987074,C9H901,TOSA E.I.R.L.,129438,48220,16200,32020,32.02,LURIN - 5001,2024-12-28 23:51:00,00:36:00,00:51:00,2024-12-29 05:33:00,48220,16260,31960,-60,2024-12-29 05:59:00,05:42:00,00:26:00,06:59:00,0,0
836,AFRICAN ROADRUNNER,MAIZ AMARILLO ARGENTINO,JORNADA 14,2025-07-23 00:00:00,202412280443,-,1,SILOS,-,2024-12-28 22:45:00,2024-12-28 23:10:00,2024-12-28 23:15:00,00:05:00,00:25:00,-,987072,AZR943,TOSA E.I.R.L.,129436,50740,17620,33120,33.12,LURIN - 5001,2024-12-28 23:41:00,00:26:00,00:56:00,2024-12-29 02:20:00,50540,17470,33070,-50,2024-12-29 02:52:00,02:39:00,00:32:00,04:07:00,0,0
837,AFRICAN ROADRUNNER,MAIZ AMARILLO ARGENTINO,JORNADA 14,2025-07-23 00:00:00,202412280432,-,1,SILOS,-,2024-12-28 22:38:00,2024-12-28 23:10:00,2024-12-28 23:15:00,00:05:00,00:32:00,-,987073,AUL898,TOSA E.I.R.L.,129437,50100,16940,33160,33.16,LURIN - 5001,2024-12-28 23:45:00,00:30:00,01:07:00,2024-12-29 02:30:00,49910,16800,33110,-50,2024-12-29 03:12:00,02:45:00,00:42:00,04:34:00,0,0
838,AFRICAN ROADRUNNER,MAIZ AMARILLO ARGENTINO,JORNADA 14,2025-07-23 00:00:00,202412280450,-,1,SILOS,-,2024-12-28 23:10:00,2024-12-28 23:20:00,2024-12-28 23:25:00,00:05:00,00:10:00,-,2280450,ABY910,TOSA E.I.R.L.,129439,48680,16820,31860,31.86,CHANCAY - 5003,2024-12-28 23:58:00,00:33:00,00:48:00,2024-12-29 00:34:00,48640,16760,31880,20,2024-12-29 01:08:00,00:36:00,00:34:00,01:58:00,0,0
839,AFRICAN ROADRUNNER,MAIZ AMARILLO ARGENTINO,JORNADA 14,2025-07-23 00:00:00,202412280446,-,1,SILOS,-,2024-12-28 23:02:00,2024-12-28 23:45:00,2024-12-28 23:50:00,00:05:00,00:43:00,-,2280446,AFX858,TOSA E.I.R.L.,129442,49560,16840,32720,32.72,CHANCAY - 5003,2024-12-29 00:19:00,00:29:00,01:17:00,2024-12-29 01:00:00,49480,16760,32720,0,2024-12-29 01:13:00,00:41:00,00:13:00,02:11:00,0,0
840,AFRICAN ROADRUNNER,MAIZ AMARILLO ARGENTINO,JORNADA 14,2025-07-23 00:00:00,20241228,-,1,SILOS,-,2024-12-28 23:15:00,2024-12-28 23:45:00,2024-12-28 23:50:00,00:05:00,00:30:00,-,2280451,AJI820,TOSA E.I.R.L.,129441,48340,17520,30820,30.82,CHANCAY - 5003,2024-12-29 00:07:00,00:17:00,00:52:00,2024-12-29 00:49:00,48270,17430,30840,20,2024-12-29 01:05:00,00:42:00,00:16:00,01:50:00,0,0
841,AFRICAN ROADRUNNER,MAIZ AMARILLO ARGENTINO,JORNADA 14,2025-07-23 00:00:00,202412280453,-,1,SILOS,-,2024-12-28 23:19:00,2024-12-28 23:50:00,2024-12-28 23:55:00,00:05:00,00:31:00,-,2280453,ATA883,TOSA E.I.R.L.,129440,47680,16720,30960,30.96,CHANCAY - 5003,2024-12-29 00:02:00,00:07:00,00:43:00,2024-12-29 00:54:00,47610,16650,30960,0,2024-12-29 01:02:00,00:52:00,00:08:00,01:43:00,0,0
842,AFRICAN ROADRUNNER,MAIZ AMARILLO ARGENTINO,JORNADA 14,2025-07-23 00:00:00,202412280462,-,1,SILOS,-,2024-12-28 23:48:00,2024-12-28 23:58:00,2024-12-29 00:03:00,00:05:00,00:10:00,-,2280462,BYP790,TOSA E.I.R.L.,129445,50340,18220,32120,32.12,CHANCAY - 5003,2024-12-29 00:34:00,00:31:00,00:46:00,2024-12-29 01:31:00,50270,18150,32120,0,2024-12-29 01:47:00,00:57:00,00:16:00,01:59:00,0,0
843,AFRICAN ROADRUNNER,MAIZ AMARILLO ARGENTINO,JORNADA 14,2025-07-23 00:00:00,202412280457,-,1,SILOS,-,2024-12-28 23:40:00,2024-12-29 00:00:00,2024-12-29 00:05:00,00:05:00,00:20:00,-,987075,BYP721,TOSA E.I.R.L.,129443,52360,18400,33960,33.96,LURIN - 5001,2024-12-29 00:27:00,00:22:00,00:47:00,2024-12-29 03:33:00,52180,18270,33910,-50,2024-12-29 03:44:00,03:06:00,00:11:00,04:04:00,0,0
844,AFRICAN ROADRUNNER,MAIZ AMARILLO ARGENTINO,JORNADA 14,2025-07-23 00:00:00,202412280461,-,1,SILOS,-,2024-12-28 23:03:00,2024-12-29 00:15:00,2024-12-29 00:20:00,00:05:00,01:12:00,-,987076,AUL936,TOSA E.I.R.L.,129444,47720,17000,30720,30.72,LURIN - 5001,2024-12-29 00:29:00,00:09:00,01:26:00,2024-12-29 05:27:00,47770,17020,30750,30,2024-12-29 05:42:00,04:58:00,00:15:00,06:39:00,0,0
845,AFRICAN ROADRUNNER,MAIZ AMARILLO ARGENTINO,JORNADA 14,2025-07-23 00:00:00,202412290034,-,1,SILOS,-,2024-12-29 00:25:00,2024-12-29 00:36:00,2024-12-29 00:40:00,00:04:00,00:11:00,-,2290034,BUX821,TOSA E.I.R.L.,129456,50520,18340,32180,32.18,CHANCAY - 5003,2024-12-29 01:59:00,01:19:00,01:34:00,2024-12-29 03:20:00,50430,18260,32170,-10,2024-12-29 03:43:00,01:21:00,00:23:00,03:18:00,0,0
846,AFRICAN ROADRUNNER,MAIZ AMARILLO ARGENTINO,JORNADA 14,2025-07-23 00:00:00,202412290022,-,1,SILOS,-,2024-12-29 00:30:00,2024-12-29 00:45:00,2024-12-29 00:49:00,00:04:00,00:15:00,-,987077,AKV816,TOSA E.I.R.L.,129449,47740,17100,30640,30.64,LURIN - 5001,2024-12-29 01:33:00,00:44:00,01:03:00,2024-12-29 05:25:00,47570,16950,30620,-20,2024-12-29 05:37:00,03:52:00,00:12:00,05:07:00,0,0
847,AFRICAN ROADRUNNER,MAIZ AMARILLO ARGENTINO,JORNADA 14,2025-07-23 00:00:00,202412290005,-,1,SILOS,-,2024-12-29 00:24:00,2024-12-29 00:50:00,2024-12-29 00:52:00,00:02:00,00:26:00,-,2290005,AWS916,TOSA E.I.R.L.,129446,49640,17560,32080,32.08,CHANCAY - 5003,2024-12-29 01:11:00,00:19:00,00:47:00,2024-12-29 02:01:00,49600,17510,32090,10,2024-12-29 02:12:00,00:50:00,00:11:00,01:48:00,0,0
848,AFRICAN ROADRUNNER,MAIZ AMARILLO ARGENTINO,JORNADA 14,2025-07-23 00:00:00,202412290020,-,1,SILOS,-,2024-12-29 00:38:00,2024-12-29 00:56:00,2024-12-29 01:00:00,00:04:00,00:18:00,-,2290020,D7W933,TOSA E.I.R.L.,129447,47400,17340,30060,30.06,CHANCAY - 5003,2024-12-29 01:17:00,00:17:00,00:39:00,2024-12-29 02:05:00,47360,17270,30090,30,2024-12-29 02:18:00,00:48:00,00:13:00,01:40:00,0,0
849,AFRICAN ROADRUNNER,MAIZ AMARILLO ARGENTINO,JORNADA 14,2025-07-23 00:00:00,202412290009,-,1,SILOS,-,2024-12-29 00:27:00,2024-12-29 01:05:00,2024-12-29 01:10:00,00:05:00,00:38:00,-,2290009,ABV921,TOSA E.I.R.L.,129448,49020,16680,32340,32.34,CHANCAY - 5003,2024-12-29 01:22:00,00:12:00,00:55:00,2024-12-29 02:08:00,48960,16620,32340,0,2024-12-29 02:29:00,00:46:00,00:21:00,02:02:00,0,0
850,AFRICAN ROADRUNNER,MAIZ AMARILLO ARGENTINO,JORNADA 14,2025-07-23 00:00:00,202412290024,-,1,SILOS,-,2024-12-29 00:42:00,2024-12-29 01:15:00,2024-12-29 01:20:00,00:05:00,00:33:00,-,2290024,F0J926,TOSA E.I.R.L.,129450,49100,17100,32000,32,CHANCAY - 5003,2024-12-29 01:37:00,00:17:00,00:55:00,2024-12-29 02:23:00,49030,17020,32010,10,2024-12-29 02:36:00,00:46:00,00:13:00,01:54:00,0,0
851,AFRICAN ROADRUNNER,MAIZ AMARILLO ARGENTINO,JORNADA 14,2025-07-23 00:00:00,202412290023,-,1,SILOS,-,2024-12-29 00:41:00,2024-12-29 01:23:00,2024-12-29 01:30:00,00:07:00,00:42:00,-,2290023,BYP751,TOSA E.I.R.L.,129453,50720,18260,32460,32.46,CHANCAY - 5003,2024-12-29 01:50:00,00:20:00,01:09:00,2024-12-29 02:43:00,50680,18210,32470,10,2024-12-29 02:59:00,00:53:00,00:16:00,02:18:00,0,0
852,AFRICAN ROADRUNNER,MAIZ AMARILLO ARGENTINO,JORNADA 14,2025-07-23 00:00:00,202412290027,-,1,SILOS,-,2024-12-29 00:44:00,2024-12-29 01:30:00,2024-12-29 01:35:00,00:05:00,00:46:00,-,2290027,ASA876,TOSA E.I.R.L.,129451,49280,17160,32120,32.12,CHANCAY - 5003,2024-12-29 01:41:00,00:06:00,00:57:00,2024-12-29 02:27:00,49220,17100,32120,0,2024-12-29 02:46:00,00:46:00,00:19:00,02:02:00,0,0
853,AFRICAN ROADRUNNER,MAIZ AMARILLO ARGENTINO,JORNADA 14,2025-07-23 00:00:00,202412290030,-,1,SILOS,-,2024-12-29 00:44:00,2024-12-29 01:33:00,2024-12-29 01:37:00,00:04:00,00:49:00,-,2290030,AWS791,TOSA E.I.R.L.,129452,50780,17660,33120,33.12,CHANCAY - 5003,2024-12-29 01:46:00,00:09:00,01:02:00,2024-12-29 02:41:00,50710,17580,33130,10,2024-12-29 02:56:00,00:55:00,00:15:00,02:12:00,0,0
854,AFRICAN ROADRUNNER,MAIZ AMARILLO ARGENTINO,JORNADA 14,2025-07-23 00:00:00,202412290036,-,1,SILOS,-,2024-12-29 00:50:00,2024-12-29 01:35:00,2024-12-29 01:40:00,00:05:00,00:45:00,-,2290036,D8A721,TOSA E.I.R.L.,129454,49080,17180,31900,31.9,CHANCAY - 5003,2024-12-29 01:52:00,00:12:00,01:02:00,2024-12-29 02:54:00,49000,17090,31910,10,2024-12-29 03:08:00,01:02:00,00:14:00,02:18:00,0,0
855,AFRICAN ROADRUNNER,MAIZ AMARILLO ARGENTINO,JORNADA 14,2025-07-23 00:00:00,202412290031,-,1,SILOS,-,2024-12-29 00:43:00,2024-12-29 01:36:00,2024-12-29 01:40:00,00:04:00,00:53:00,-,987078,BYP743,TOSA E.I.R.L.,129455,51780,18160,33620,33.62,LURIN - 5001,2024-12-29 01:56:00,00:16:00,01:13:00,2024-12-29 05:31:00,51590,18020,33570,-50,2024-12-29 05:53:00,03:35:00,00:22:00,05:10:00,0,0
856,AFRICAN ROADRUNNER,MAIZ AMARILLO ARGENTINO,JORNADA 14,2025-07-23 00:00:00,202412290040,-,1,SILOS,-,2024-12-29 01:13:00,2024-12-29 01:38:00,2024-12-29 01:47:00,00:09:00,00:25:00,-,2290040,ATA883,TOSA E.I.R.L.,129459,46840,16720,30120,30.12,CHANCAY - 5003,2024-12-29 02:10:00,00:23:00,00:57:00,2024-12-29 03:32:00,46760,16650,30110,-10,2024-12-29 03:50:00,01:22:00,00:18:00,02:37:00,0,0
857,AFRICAN ROADRUNNER,MAIZ AMARILLO ARGENTINO,JORNADA 14,2025-07-23 00:00:00,202412290045,-,1,SILOS,-,2024-12-29 01:21:00,2024-12-29 01:45:00,2024-12-29 01:50:00,00:05:00,00:24:00,-,2290045,ABY910,TOSA E.I.R.L.,129458,48680,16820,31860,31.86,CHANCAY - 5003,2024-12-29 02:07:00,00:17:00,00:46:00,2024-12-29 03:28:00,48620,16750,31870,10,2024-12-29 03:47:00,01:21:00,00:19:00,02:26:00,0,0
858,AFRICAN ROADRUNNER,MAIZ AMARILLO ARGENTINO,JORNADA 14,2025-07-23 00:00:00,202412290050,-,1,SILOS,-,2024-12-29 01:25:00,2024-12-29 01:50:00,2024-12-29 01:55:00,00:05:00,00:25:00,-,2290050,AFX858,TOSA E.I.R.L.,129460,49000,16840,32160,32.16,CHANCAY - 5003,2024-12-29 02:23:00,00:28:00,00:58:00,2024-12-29 03:35:00,48930,16750,32180,20,2024-12-29 03:58:00,01:12:00,00:23:00,02:33:00,0,0
859,AFRICAN ROADRUNNER,MAIZ AMARILLO ARGENTINO,JORNADA 14,2025-07-23 00:00:00,202412290042,-,1,SILOS,-,2024-12-29 01:15:00,2024-12-29 01:50:00,2024-12-29 01:54:00,00:04:00,00:35:00,-,2290042,AJI820,TOSA E.I.R.L.,129457,49360,17500,31860,31.86,CHANCAY - 5003,2024-12-29 02:02:00,00:08:00,00:47:00,2024-12-29 03:04:00,49290,17420,31870,10,2024-12-29 03:15:00,01:02:00,00:11:00,02:00:00,0,0
860,AFRICAN ROADRUNNER,MAIZ AMARILLO ARGENTINO,JORNADA 14,2025-07-23 00:00:00,202412290051,-,1,SILOS,-,2024-12-29 01:40:00,2024-12-29 01:55:00,2024-12-29 02:00:00,00:05:00,00:15:00,-,2290051,BUY724,TOSA E.I.R.L.,129461,48640,18200,30440,30.44,CHANCAY - 5003,2024-12-29 02:29:00,00:29:00,00:49:00,2024-12-29 03:41:00,48590,18130,30460,20,2024-12-29 04:02:00,01:12:00,00:21:00,02:22:00,0,0
861,AFRICAN ROADRUNNER,MAIZ AMARILLO ARGENTINO,JORNADA 14,2025-07-23 00:00:00,202412290053,-,1,SILOS,-,2024-12-29 02:02:00,2024-12-29 02:25:00,2024-12-29 02:30:00,00:05:00,00:23:00,-,2290053,BYP790,TOSA E.I.R.L.,129462,50400,18220,32180,32.18,CHANCAY - 5003,2024-12-29 02:48:00,00:18:00,00:46:00,2024-12-29 03:54:00,50340,18150,32190,10,2024-12-29 04:23:00,01:06:00,00:29:00,02:21:00,0,0
862,AFRICAN ROADRUNNER,MAIZ AMARILLO ARGENTINO,JORNADA 14,2025-07-23 00:00:00,202412290061,-,1,SILOS,-,2024-12-29 02:34:00,2024-12-29 02:42:00,2024-12-29 02:46:00,00:04:00,00:08:00,-,2290061,D7W933,TOSA E.I.R.L.,129464,49140,17320,31820,31.82,CHANCAY - 5003,2024-12-29 03:18:00,00:32:00,00:44:00,2024-12-29 04:08:00,49080,17260,31820,0,2024-12-29 04:46:00,00:50:00,00:38:00,02:12:00,0,0
863,AFRICAN ROADRUNNER,MAIZ AMARILLO ARGENTINO,JORNADA 14,2025-07-23 00:00:00,202412290056,-,1,SILOS,-,2024-12-29 02:23:00,2024-12-29 02:48:00,2024-12-29 02:52:00,00:04:00,00:25:00,-,2290056,AWS916,TOSA E.I.R.L.,129463,48900,17560,31340,31.34,CHANCAY - 5003,2024-12-29 03:09:00,00:17:00,00:46:00,2024-12-29 03:57:00,48840,17510,31330,-10,2024-12-29 04:27:00,00:48:00,00:30:00,02:04:00,0,0
864,AFRICAN ROADRUNNER,MAIZ AMARILLO ARGENTINO,JORNADA 14,2025-07-23 00:00:00,202412290062,-,1,SILOS,-,2024-12-29 02:41:00,2024-12-29 03:00:00,2024-12-29 03:05:00,00:05:00,00:19:00,-,2290062,ABV921,TOSA E.I.R.L.,129465,47840,16680,31160,31.16,CHANCAY - 5003,2024-12-29 03:27:00,00:22:00,00:46:00,2024-12-29 04:18:00,47790,16610,31180,20,2024-12-29 04:52:00,00:51:00,00:34:00,02:11:00,0,0
865,AFRICAN ROADRUNNER,MAIZ AMARILLO ARGENTINO,JORNADA 14,2025-07-23 00:00:00,202412290065,-,1,SILOS,-,2024-12-29 02:47:00,2024-12-29 03:10:00,2024-12-29 03:15:00,00:05:00,00:23:00,-,2290065,F0J926,TOSA E.I.R.L.,129466,49400,17100,32300,32.3,CHANCAY - 5003,2024-12-29 03:35:00,00:20:00,00:48:00,2024-12-29 04:20:00,49330,17010,32320,20,2024-12-29 05:12:00,00:45:00,00:52:00,02:25:00,0,0
866,AFRICAN ROADRUNNER,MAIZ AMARILLO ARGENTINO,JORNADA 14,2025-07-23 00:00:00,202412290068,-,1,SILOS,-,2024-12-29 02:55:00,2024-12-29 03:20:00,2024-12-29 03:25:00,00:05:00,00:25:00,-,2290068,ASA876,TOSA E.I.R.L.,129467,47800,17160,30640,30.64,CHANCAY - 5003,2024-12-29 03:40:00,00:15:00,00:45:00,2024-12-29 04:32:00,47730,17100,30630,-10,2024-12-29 05:25:00,00:52:00,00:53:00,02:30:00,0,0
867,AFRICAN ROADRUNNER,MAIZ AMARILLO ARGENTINO,JORNADA 14,2025-07-23 00:00:00,202412290073,-,1,SILOS,-,2024-12-29 03:10:00,2024-12-29 03:25:00,2024-12-29 03:30:00,00:05:00,00:15:00,-,987079,AWS791,TOSA E.I.R.L.,129468,48940,17640,31300,31.3,LURIN - 5001,2024-12-29 03:49:00,00:19:00,00:39:00,2024-12-29 06:49:00,48750,17510,31240,-60,2024-12-29 06:56:00,03:00:00,00:07:00,03:46:00,0,0
868,AFRICAN ROADRUNNER,MAIZ AMARILLO ARGENTINO,JORNADA 14,2025-07-23 00:00:00,202412290076,-,1,SILOS,-,2024-12-29 03:08:00,2024-12-29 03:35:00,2024-12-29 03:40:00,00:05:00,00:27:00,-,987080,BYP751,TOSA E.I.R.L.,129469,51500,18260,33240,33.24,LURIN - 5001,2024-12-29 03:57:00,00:17:00,00:49:00,2024-12-29 07:00:00,51330,18140,33190,-50,2024-12-29 07:19:00,03:03:00,00:19:00,04:11:00,0,0
869,AFRICAN ROADRUNNER,MAIZ AMARILLO ARGENTINO,JORNADA 14,2025-07-23 00:00:00,202412290077,-,1,SILOS,-,2024-12-29 03:18:00,2024-12-29 03:45:00,2024-12-29 03:50:00,00:05:00,00:27:00,-,987081,D8A721,TOSA E.I.R.L.,129470,51040,17180,33860,33.86,LURIN - 5001,2024-12-29 04:01:00,00:11:00,00:43:00,2024-12-29 07:04:00,50810,17020,33790,-70,2024-12-29 07:14:00,03:03:00,00:10:00,03:56:00,0,0
870,AFRICAN ROADRUNNER,MAIZ AMARILLO ARGENTINO,JORNADA 14,2025-07-23 00:00:00,202412290080,-,1,SILOS,-,2024-12-29 03:25:00,2024-12-29 03:50:00,2024-12-29 03:55:00,00:05:00,00:25:00,-,290080,AJI820,TOSA E.I.R.L.,129471,48960,17500,31460,31.46,LURIN - 5001,2024-12-29 04:05:00,00:10:00,00:40:00,2024-12-29 07:22:00,48760,17350,31410,-50,2024-12-29 07:32:00,03:17:00,00:10:00,04:07:00,0,0
871,AFRICAN ROADRUNNER,MAIZ AMARILLO ARGENTINO,JORNADA 14,2025-07-23 00:00:00,202412290086,-,1,SILOS,-,2024-12-29 03:55:00,2024-12-29 04:20:00,2024-12-29 04:25:00,00:05:00,00:25:00,-,987083,BUX821,TOSA E.I.R.L.,129472,50000,18340,31660,31.66,LURIN - 5001,2024-12-29 04:44:00,00:19:00,00:49:00,2024-12-29 08:36:00,49820,18210,31610,-50,2024-12-29 08:56:00,03:52:00,00:20:00,05:01:00,0,0
872,AFRICAN ROADRUNNER,MAIZ AMARILLO ARGENTINO,JORNADA 14,2025-07-23 00:00:00,202412290091,-,1,SILOS,-,2024-12-29 04:08:00,2024-12-29 04:25:00,2024-12-29 04:30:00,00:05:00,00:17:00,-,987084,AFX858,TOSA E.I.R.L.,129473,50120,16820,33300,33.3,LURIN - 5001,2024-12-29 04:47:00,00:17:00,00:39:00,2024-12-29 09:53:00,50390,17170,33220,-80,2024-12-29 10:06:00,05:06:00,00:13:00,05:58:00,0,0
873,AFRICAN ROADRUNNER,MAIZ AMARILLO ARGENTINO,JORNADA 14,2025-07-23 00:00:00,202412290092,-,1,SILOS,-,2024-12-29 04:11:00,2024-12-29 04:30:00,2024-12-29 04:35:00,00:05:00,00:19:00,-,987085,BUY724,TOSA E.I.R.L.,129474,49860,18200,31660,31.66,LURIN - 5001,2024-12-29 04:51:00,00:16:00,00:40:00,2024-12-29 08:23:00,49710,18070,31640,-20,2024-12-29 08:30:00,03:32:00,00:07:00,04:19:00,0,0
874,AFRICAN ROADRUNNER,MAIZ AMARILLO ARGENTINO,JORNADA 14,2025-07-23 00:00:00,202412290102,-,1,SILOS,-,2024-12-29 04:40:00,2024-12-29 04:50:00,2024-12-29 04:55:00,00:05:00,00:10:00,-,987087,AWS916,TOSA E.I.R.L.,129476,49300,17560,31740,31.74,LURIN - 5001,2024-12-29 05:18:00,00:23:00,00:38:00,2024-12-29 08:47:00,49100,17420,31680,-60,2024-12-29 09:27:00,03:29:00,00:40:00,04:47:00,0,0
875,AFRICAN ROADRUNNER,MAIZ AMARILLO ARGENTINO,JORNADA 14,2025-07-23 00:00:00,202412290095,-,1,SILOS,-,2024-12-29 04:21:00,2024-12-29 04:50:00,2024-12-29 04:55:00,00:05:00,00:29:00,-,987086,AZT768,TOSA E.I.R.L.,129475,49060,17640,31420,31.42,LURIN - 5001,2024-12-29 05:05:00,00:10:00,00:44:00,2024-12-29 08:40:00,48860,17500,31360,-60,2024-12-29 09:30:00,03:35:00,00:50:00,05:09:00,0,0
876,AFRICAN ROADRUNNER,MAIZ AMARILLO ARGENTINO,JORNADA 14,2025-07-23 00:00:00,202412290109,-,1,SILOS,-,2024-12-29 04:32:00,2024-12-29 04:54:00,2024-12-29 05:00:00,00:06:00,00:22:00,-,987090,ATA883,TOSA E.I.R.L.,129479,48280,16700,31580,31.58,LURIN - 5001,2024-12-29 05:43:00,00:43:00,01:11:00,2024-12-29 11:29:00,48310,16790,31520,-60,2024-12-29 11:51:00,05:46:00,00:22:00,07:19:00,0,0
877,AFRICAN ROADRUNNER,MAIZ AMARILLO ARGENTINO,JORNADA 14,2025-07-23 00:00:00,202412290100,-,1,SILOS,-,2024-12-29 04:34:00,2024-12-29 04:54:00,2024-12-29 05:00:00,00:06:00,00:20:00,-,987088,BYP790,TOSA E.I.R.L.,129477,50960,18220,32740,32.74,LURIN - 5001,2024-12-29 05:33:00,00:33:00,00:59:00,2024-12-29 08:44:00,50800,18090,32710,-30,2024-12-29 09:21:00,03:11:00,00:37:00,04:47:00,0,0
878,AFRICAN ROADRUNNER,MAIZ AMARILLO ARGENTINO,JORNADA 14,2025-07-23 00:00:00,202412290108,-,1,SILOS,-,2024-12-29 04:45:00,2024-12-29 05:10:00,2024-12-29 05:15:00,00:05:00,00:25:00,-,987091,BUY726,TOSA E.I.R.L.,129480,49620,18220,31400,31.4,LURIN - 5001,2024-12-29 05:46:00,00:31:00,01:01:00,2024-12-29 09:05:00,49410,18040,31370,-30,2024-12-29 09:35:00,03:19:00,00:30:00,04:50:00,0,0
879,AFRICAN ROADRUNNER,MAIZ AMARILLO ARGENTINO,JORNADA 14,2025-07-23 00:00:00,202412290114,-,1,SILOS,-,2024-12-29 05:08:00,2024-12-29 05:20:00,2024-12-29 05:25:00,00:05:00,00:12:00,-,987089,D7W933,TOSA E.I.R.L.,129478,48620,17320,31300,31.3,LURIN - 5001,2024-12-29 05:41:00,00:16:00,00:33:00,2024-12-29 08:38:00,48440,17180,31260,-40,2024-12-29 09:00:00,02:57:00,00:22:00,03:52:00,0,0
880,AFRICAN ROADRUNNER,MAIZ AMARILLO ARGENTINO,JORNADA 14,2025-07-23 00:00:00,202412290119,-,1,SILOS,-,2024-12-29 05:12:00,2024-12-29 05:25:00,2024-12-29 05:30:00,00:05:00,00:13:00,-,987092,F4O747,TOSA E.I.R.L.,129481,48540,17220,31320,31.32,LURIN - 5001,2024-12-29 05:48:00,00:18:00,00:36:00,2024-12-29 10:33:00,48370,17110,31260,-60,2024-12-29 10:50:00,04:45:00,00:17:00,05:38:00,0,0
881,AFRICAN ROADRUNNER,MAIZ AMARILLO ARGENTINO,JORNADA 14,2025-07-23 00:00:00,202412290122,-,1,SILOS,-,2024-12-29 05:25:00,2024-12-29 05:35:00,2024-12-29 05:40:00,00:05:00,00:10:00,-,987094,F0J926,TOSA E.I.R.L.,129483,48440,17080,31360,31.36,LURIN - 5001,2024-12-29 06:16:00,00:36:00,00:51:00,2024-12-29 10:23:00,48250,16920,31330,-30,2024-12-29 10:43:00,04:07:00,00:20:00,05:18:00,0,0
882,AFRICAN ROADRUNNER,MAIZ AMARILLO ARGENTINO,JORNADA 14,2025-07-23 00:00:00,202412290115,-,1,SILOS,-,2024-12-29 05:08:00,2024-12-29 05:45:00,2024-12-29 05:50:00,00:05:00,00:37:00,-,987093,ABV921,TOSA E.I.R.L.,129482,48640,16680,31960,31.96,LURIN - 5001,2024-12-29 05:52:00,00:02:00,00:44:00,2024-12-29 11:05:00,48660,16740,31920,-40,2024-12-29 11:30:00,05:13:00,00:25:00,06:22:00,0,0
883,AFRICAN ROADRUNNER,MAIZ AMARILLO ARGENTINO,JORNADA 14,2025-07-23 00:00:00,202412290128,-,1,SILOS,-,2024-12-29 05:40:00,2024-12-29 05:50:00,2024-12-29 05:55:00,00:05:00,00:10:00,-,987095,AZS811,TOSA E.I.R.L.,129484,48720,17460,31260,31.26,LURIN - 5001,2024-12-29 06:24:00,00:29:00,00:44:00,2024-12-29 10:36:00,48520,17330,31190,-70,2024-12-29 10:55:00,04:12:00,00:19:00,05:15:00,0,0
884,AFRICAN ROADRUNNER,MAIZ AMARILLO ARGENTINO,JORNADA 14,2025-07-23 00:00:00,202412290129,-,1,SILOS,-,2024-12-29 05:40:00,2024-12-29 05:50:00,2024-12-29 05:55:00,00:05:00,00:10:00,-,290129,ASA876,TOSA E.I.R.L.,129485,50620,17160,33460,33.46,CHANCAY - 5003,2024-12-29 06:36:00,00:41:00,00:56:00,2024-12-29 07:36:00,50550,17090,33460,0,2024-12-29 07:54:00,01:00:00,00:18:00,02:14:00,0,0
885,AFRICAN ROADRUNNER,MAIZ AMARILLO ARGENTINO,JORNADA 14,2025-07-23 00:00:00,202412290135,-,1,SILOS,-,2024-12-29 05:49:00,2024-12-29 06:00:00,2024-12-29 06:05:00,00:05:00,00:11:00,-,987096,BYP721,TOSA E.I.R.L.,129486,50320,18320,32000,32,LURIN - 5001,2024-12-29 06:40:00,00:35:00,00:51:00,2024-12-29 10:38:00,50150,18180,31970,-30,2024-12-29 11:07:00,03:58:00,00:29:00,05:18:00,0,0
886,AFRICAN ROADRUNNER,MAIZ AMARILLO ARGENTINO,JORNADA 14,2025-07-23 00:00:00,202412290142,-,1,SILOS,-,2024-12-29 06:02:00,2024-12-29 06:10:00,2024-12-29 06:15:00,00:05:00,00:08:00,-,987097,AUL898,TOSA E.I.R.L.,129488,48740,17060,31680,31.68,LURIN - 5001,2024-12-29 06:47:00,00:32:00,00:45:00,2024-12-29 10:02:00,48550,16910,31640,-40,2024-12-29 10:11:00,03:15:00,00:09:00,04:09:00,0,0
887,AFRICAN ROADRUNNER,MAIZ AMARILLO ARGENTINO,JORNADA 14,2025-07-23 00:00:00,202412290139,-,1,SILOS,-,2024-12-29 05:49:00,2024-12-29 06:10:00,2024-12-29 06:15:00,00:05:00,00:21:00,-,987098,D7X754,TOSA E.I.R.L.,129487,48980,17280,31700,31.7,LURIN - 5001,2024-12-29 06:42:00,00:27:00,00:53:00,2024-12-29 11:26:00,48790,17150,31640,-60,2024-12-29 11:38:00,04:44:00,00:12:00,05:49:00,0,0
888,AFRICAN ROADRUNNER,MAIZ AMARILLO ARGENTINO,JORNADA 14,2025-07-23 00:00:00,202412290141,-,1,SILOS,-,2024-12-29 05:18:00,2024-12-29 06:20:00,2024-12-29 06:25:00,00:05:00,01:02:00,-,2290141,ABY907,TOSA E.I.R.L.,129489,48500,16860,31640,31.64,LURIN - 5001,2024-12-29 06:50:00,00:25:00,01:32:00,2024-12-29 10:41:00,48300,16740,31560,-80,2024-12-29 11:11:00,03:51:00,00:30:00,05:53:00,0,0
889,AFRICAN ROADRUNNER,MAIZ AMARILLO ARGENTINO,JORNADA 14,2025-07-23 00:00:00,202412290147,-,1,SILOS,-,2024-12-29 06:06:00,2024-12-29 06:27:00,2024-12-29 06:32:00,00:05:00,00:21:00,-,2290147,AZR943,TOSA E.I.R.L.,129490,49780,17780,32000,32,LURIN - 5001,2024-12-29 06:53:00,00:21:00,00:47:00,2024-12-29 10:30:00,49590,17630,31960,-40,2024-12-29 10:48:00,03:37:00,00:18:00,04:42:00,0,0
890,AFRICAN ROADRUNNER,MAIZ AMARILLO ARGENTINO,JORNADA 14,2025-07-23 00:00:00,202412290148,-,1,SILOS,-,2024-12-29 06:07:00,2024-12-29 06:35:00,2024-12-29 06:40:00,00:05:00,00:28:00,-,2290148,BYP785,TOSA E.I.R.L.,129491,52100,18060,34040,34.04,LURIN - 5001,2024-12-29 06:57:00,00:17:00,00:50:00,2024-12-29 11:02:00,51880,17930,33950,-90,2024-12-29 11:21:00,04:05:00,00:19:00,05:14:00,0,0
891,AFRICAN ROADRUNNER,MAIZ AMARILLO ARGENTINO,JORNADA 15,7-15,202412290155,-,1,SILOS,-,2024-12-29 09:08:00,2024-12-29 10:05:00,2024-12-29 10:10:00,00:05:00,00:57:00,-,2290155,AWS791,TOSA E.I.R.L.,129492,48740,17560,31180,31.18,LURIN - 5001,2024-12-29 10:18:00,00:08:00,01:10:00,2024-12-29 13:46:00,48530,17410,31120,-60,2024-12-29 13:54:00,03:28:00,00:08:00,04:46:00,0,0
892,AFRICAN ROADRUNNER,MAIZ AMARILLO ARGENTINO,JORNADA 15,7-15,202412290153,-,1,SILOS,-,2024-12-29 08:19:00,2024-12-29 10:15:00,2024-12-29 10:20:00,00:05:00,01:56:00,-,2290153,ASA876,TOSA E.I.R.L.,129493,48980,17140,31840,31.84,LURIN - 5001,2024-12-29 10:32:00,00:12:00,02:13:00,2024-12-29 14:10:00,48780,17000,31780,-60,2024-12-29 14:19:00,03:38:00,00:09:00,06:00:00,0,0
893,AFRICAN ROADRUNNER,MAIZ AMARILLO ARGENTINO,JORNADA 15,7-15,202412290156,-,1,SILOS,-,2024-12-29 09:10:00,2024-12-29 10:33:00,2024-12-29 10:38:00,00:05:00,01:23:00,-,2290156,D6D940,TOSA E.I.R.L.,129494,48580,16760,31820,31.82,LURIN - 5001,2024-12-29 10:40:00,00:02:00,01:30:00,2024-12-29 14:47:00,48420,16610,31810,-10,2024-12-29 15:03:00,04:07:00,00:16:00,05:53:00,0,0
894,AFRICAN ROADRUNNER,MAIZ AMARILLO ARGENTINO,JORNADA 15,7-15,202412290159,-,1,SILOS,-,2024-12-29 10:47:00,2024-12-29 11:10:00,2024-12-29 11:15:00,00:05:00,00:23:00,-,2290159,AKV816,TOSA E.I.R.L.,129495,48280,17240,31040,31.04,LURIN - 5001,2024-12-29 11:37:00,00:22:00,00:50:00,2024-12-29 15:34:00,48050,17080,30970,-70,2024-12-29 15:44:00,03:57:00,00:10:00,04:57:00,0,0
895,AFRICAN ROADRUNNER,MAIZ AMARILLO ARGENTINO,JORNADA 15,7-15,202412290157,-,1,SILOS,-,2024-12-29 09:12:00,2024-12-29 11:50:00,2024-12-29 11:55:00,00:05:00,02:38:00,-,9871499,BYP743,TOSA E.I.R.L.,129496,38920,18080,20840,20.84,CHANCAY - 5003,2024-12-29 12:07:00,00:12:00,02:55:00,2024-12-29 12:50:00,38850,18010,20840,0,2024-12-29 13:27:00,00:43:00,00:37:00,04:15:00,UNIDAD CON BOLSONES DE BARREDURA,0
896,AFRICAN ROADRUNNER,MAIZ AMARILLO ARGENTINO,JORNADA 15,7-15,202412290162,-,1,SILOS,-,2024-12-29 11:19:00,2024-12-29 12:00:00,2024-12-29 12:05:00,00:05:00,00:41:00,-,2290162,D8A721,TOSA E.I.R.L.,129497,49340,17320,32020,32.02,LURIN - 5001,2024-12-29 12:11:00,00:06:00,00:52:00,2024-12-29 16:10:00,49090,17170,31920,-100,2024-12-29 16:21:00,03:59:00,00:11:00,05:02:00,0,0
897,AFRICAN ROADRUNNER,MAIZ AMARILLO ARGENTINO,JORNADA 15,7-15,202412290165,-,1,SILOS,-,2024-12-29 11:29:00,2024-12-29 12:12:00,2024-12-29 12:17:00,00:05:00,00:43:00,-,2290165,ABY910,TOSA E.I.R.L.,129498,50960,16800,34160,34.16,LURIN - 5001,2024-12-29 12:23:00,00:06:00,00:54:00,2024-12-29 15:37:00,50780,16660,34120,-40,2024-12-29 15:55:00,03:14:00,00:18:00,04:26:00,0,0
898,AFRICAN ROADRUNNER,MAIZ AMARILLO ARGENTINO,JORNADA 15,7-15,202412290168,-,1,SILOS,-,2024-12-29 11:44:00,2024-12-29 12:30:00,2024-12-29 12:35:00,00:05:00,00:46:00,-,2290168,AJI820,TOSA E.I.R.L.,129499,50080,17720,32360,32.36,LURIN - 5001,2024-12-29 12:51:00,00:16:00,01:07:00,2024-12-29 16:08:00,49860,17570,32290,-70,2024-12-29 16:18:00,03:17:00,00:10:00,04:34:00,0,0
899,AFRICAN ROADRUNNER,MAIZ AMARILLO ARGENTINO,JORNADA 15,7-15,202412290169,-,1,SILOS,-,2024-12-29 11:57:00,2024-12-29 12:40:00,2024-12-29 12:45:00,00:05:00,00:43:00,-,2290169,BUX821,TOSA E.I.R.L.,129500,49960,18240,31720,31.72,LURIN - 5001,2024-12-29 12:55:00,00:10:00,00:58:00,2024-12-29 16:25:00,49770,18110,31660,-60,2024-12-29 16:35:00,03:30:00,00:10:00,04:38:00,0,0
900,AFRICAN ROADRUNNER,MAIZ AMARILLO ARGENTINO,JORNADA 15,7-15,202412290176,-,1,SILOS,-,2024-12-29 12:33:00,2024-12-29 13:05:00,2024-12-29 13:10:00,00:05:00,00:32:00,-,2290176,AUL898,TOSA E.I.R.L.,129501,50460,16960,33500,33.5,LURIN - 5001,2024-12-29 13:22:00,00:12:00,00:49:00,2024-12-29 16:54:00,50260,16820,33440,-60,2024-12-29 17:01:00,03:32:00,00:07:00,04:28:00,0,0
901,AFRICAN ROADRUNNER,MAIZ AMARILLO ARGENTINO,JORNADA 15,7-15,202412290172,-,1,SILOS,-,2024-12-29 12:26:00,2024-12-29 13:08:00,2024-12-29 13:13:00,00:05:00,00:42:00,-,2290172,BYP790,TOSA E.I.R.L.,129502,50640,18120,32520,32.52,LURIN - 5001,2024-12-29 13:25:00,00:12:00,00:59:00,2024-12-29 17:05:00,50460,18010,32450,-70,2024-12-29 17:19:00,03:40:00,00:14:00,04:53:00,0,0
902,AFRICAN ROADRUNNER,MAIZ AMARILLO ARGENTINO,JORNADA 15,7-15,202412290177,-,1,SILOS,-,2024-12-29 12:37:00,2024-12-29 13:17:00,2024-12-29 13:22:00,00:05:00,00:40:00,-,2290177,C9H901,TOSA E.I.R.L.,129503,48440,16320,32120,32.12,LURIN - 5001,2024-12-29 13:27:00,00:05:00,00:50:00,2024-12-29 17:08:00,48220,16180,32040,-80,2024-12-29 17:26:00,03:41:00,00:18:00,04:49:00,0,0
903,AFRICAN ROADRUNNER,MAIZ AMARILLO ARGENTINO,JORNADA 15,7-15,202412290174,-,1,SILOS,-,2024-12-29 12:30:00,2024-12-29 13:24:00,2024-12-29 13:29:00,00:05:00,00:54:00,-,2290174,AUL936,TOSA E.I.R.L.,129504,48500,17060,31440,31.44,LURIN - 5001,2024-12-29 13:31:00,00:02:00,01:01:00,2024-12-29 16:59:00,48310,16920,31390,-50,2024-12-29 17:12:00,03:28:00,00:13:00,04:42:00,0,0
904,AFRICAN ROADRUNNER,MAIZ AMARILLO ARGENTINO,JORNADA 15,7-15,202412290180,-,1,SILOS,-,2024-12-29 13:27:00,2024-12-29 13:55:00,2024-12-29 14:00:00,00:05:00,00:28:00,-,2290180,BUY724,TOSA E.I.R.L.,129505,50580,18300,32280,32.28,LURIN - 5001,2024-12-29 14:02:00,00:02:00,00:35:00,2024-12-29 17:10:00,50380,18180,32200,-80,2024-12-29 17:33:00,03:08:00,00:23:00,04:06:00,0,0
905,AFRICAN ROADRUNNER,MAIZ AMARILLO ARGENTINO,JORNADA 15,7-15,202412290183,-,1,SILOS,-,2024-12-29 13:19:00,2024-12-29 14:00:00,2024-12-29 14:05:00,00:05:00,00:41:00,-,2290183,D7W933,TOSA E.I.R.L.,129506,50720,17480,33240,33.24,LURIN - 5001,2024-12-29 14:10:00,00:05:00,00:51:00,2024-12-29 17:22:00,50520,17340,33180,-60,2024-12-29 17:42:00,03:12:00,00:20:00,04:23:00,0,0
906,AFRICAN ROADRUNNER,MAIZ AMARILLO ARGENTINO,JORNADA 15,7-15,202412290185,-,1,SILOS,-,2024-12-29 13:33:00,2024-12-29 14:07:00,2024-12-29 14:14:00,00:07:00,00:34:00,-,2290185,AWS916,TOSA E.I.R.L.,129507,49960,17760,32200,32.2,LURIN - 5001,2024-12-29 14:16:00,00:02:00,00:43:00,2024-12-29 17:29:00,49780,17630,32150,-50,2024-12-29 17:51:00,03:13:00,00:22:00,04:18:00,0,0
907,AFRICAN ROADRUNNER,MAIZ AMARILLO ARGENTINO,JORNADA 15,7-15,202412290188,-,1,SILOS,-,2024-12-29 13:56:00,2024-12-29 14:20:00,2024-12-29 14:25:00,00:05:00,00:24:00,-,2290188,BYP721,TOSA E.I.R.L.,129508,51660,18240,33420,33.42,LURIN - 5001,2024-12-29 14:41:00,00:16:00,00:45:00,2024-12-29 18:36:00,51440,18100,33340,-80,2024-12-29 18:45:00,03:55:00,00:09:00,04:49:00,0,0
908,AFRICAN ROADRUNNER,MAIZ AMARILLO ARGENTINO,JORNADA 15,7-15,202412290193,-,1,SILOS,-,2024-12-29 14:05:00,2024-12-29 14:37:00,2024-12-29 14:42:00,00:05:00,00:32:00,-,2290193,ABY907,TOSA E.I.R.L.,129509,49360,16780,32580,32.58,LURIN - 5001,2024-12-29 14:50:00,00:08:00,00:45:00,2024-12-29 18:39:00,49150,16660,32490,-90,2024-12-29 18:54:00,03:49:00,00:15:00,04:49:00,0,0
909,AFRICAN ROADRUNNER,MAIZ AMARILLO ARGENTINO,JORNADA 15,7-15,202412290197,-,1,SILOS,-,2024-12-29 14:15:00,2024-12-29 14:55:00,2024-12-29 15:00:00,00:05:00,00:40:00,-,2290197,BYP743,TOSA E.I.R.L.,129510,50620,18060,32560,32.56,LURIN - 5001,2024-12-29 15:04:00,00:04:00,00:49:00,2024-12-29 18:33:00,50450,17920,32530,-30,2024-12-29 18:41:00,03:29:00,00:08:00,04:26:00,0,0
910,AFRICAN ROADRUNNER,MAIZ AMARILLO ARGENTINO,JORNADA 16,15-23,202412290196,-,1,SILOS,-,2024-12-29 14:12:00,2024-12-29 15:10:00,2024-12-29 15:15:00,00:05:00,00:58:00,-,2290196,ABV921,TOSA E.I.R.L.,129511,50300,16800,33500,33.5,LURIN - 5001,2024-12-29 15:21:00,00:06:00,01:09:00,2024-12-29 19:01:00,50120,16660,33460,-40,2024-12-29 19:10:00,03:40:00,00:09:00,04:58:00,0,0
911,AFRICAN ROADRUNNER,MAIZ AMARILLO ARGENTINO,JORNADA 16,15-23,202412290199,-,1,SILOS,-,2024-12-29 14:24:00,2024-12-29 15:18:00,2024-12-29 15:23:00,00:05:00,00:54:00,-,2290199,AFX858,TOSA E.I.R.L.,129512,49680,17220,32460,32.46,LURIN - 5001,2024-12-29 15:28:00,00:05:00,01:04:00,2024-12-29 20:54:00,49490,17080,32410,-50,2024-12-29 21:08:00,05:26:00,00:14:00,06:44:00,0,0
912,AFRICAN ROADRUNNER,MAIZ AMARILLO ARGENTINO,JORNADA 16,15-23,202412290200,-,1,SILOS,-,2024-12-29 14:52:00,2024-12-29 15:32:00,2024-12-29 15:37:00,00:05:00,00:40:00,-,2290200,BYP785,TOSA E.I.R.L.,129513,52360,17980,34380,34.38,LURIN - 5001,2024-12-29 15:40:00,00:03:00,00:48:00,2024-12-29 19:18:00,52150,17830,34320,-60,2024-12-29 19:24:00,03:38:00,00:06:00,04:32:00,0,0
913,AFRICAN ROADRUNNER,MAIZ AMARILLO ARGENTINO,JORNADA 16,15-23,202412290202,-,1,SILOS,-,2024-12-29 16:01:00,2024-12-29 16:33:00,2024-12-29 16:38:00,00:05:00,00:32:00,-,2290202,AWS791,TOSA E.I.R.L.,129514,50400,17480,32920,32.92,LURIN - 5001,2024-12-29 16:40:00,00:02:00,00:39:00,2024-12-29 20:23:00,50190,17340,32850,-70,2024-12-29 20:31:00,03:43:00,00:08:00,04:30:00,0,0
914,AFRICAN ROADRUNNER,MAIZ AMARILLO ARGENTINO,JORNADA 16,15-23,202412290205,-,1,SILOS,-,2024-12-29 16:18:00,2024-12-29 16:42:00,2024-12-29 16:47:00,00:05:00,00:24:00,-,2290205,F0J926,TOSA E.I.R.L.,129515,49780,17200,32580,32.58,LURIN - 5001,2024-12-29 16:55:00,00:08:00,00:37:00,2024-12-29 21:35:00,49560,17060,32500,-80,2024-12-29 21:54:00,04:40:00,00:19:00,05:36:00,0,0
915,AFRICAN ROADRUNNER,MAIZ AMARILLO ARGENTINO,JORNADA 16,15-23,202412290214,-,1,SILOS,-,2024-12-29 17:29:00,2024-12-29 17:30:00,2024-12-29 17:35:00,00:05:00,00:01:00,-,2290214,BUY726,TOSA E.I.R.L.,129516,50620,18120,32500,32.5,LURIN - 5001,2024-12-29 17:56:00,00:21:00,00:27:00,2024-12-29 21:12:00,50410,17950,32460,-40,2024-12-29 21:26:00,03:16:00,00:14:00,03:57:00,0,0
916,AFRICAN ROADRUNNER,MAIZ AMARILLO ARGENTINO,JORNADA 16,15-23,202412290213,-,1,SILOS,-,2024-12-29 17:20:00,2024-12-29 17:50:00,2024-12-29 17:55:00,00:05:00,00:30:00,-,2290213,F4O747,TOSA E.I.R.L.,129517,51760,17140,34620,34.62,LURIN - 5001,2024-12-29 17:59:00,00:04:00,00:39:00,2024-12-29 21:39:00,51580,17030,34550,-70,2024-12-29 22:13:00,03:40:00,00:34:00,04:53:00,0,0
917,AFRICAN ROADRUNNER,MAIZ AMARILLO ARGENTINO,JORNADA 16,15-23,202412290211,-,1,SILOS,-,2024-12-29 17:20:00,2024-12-29 17:56:00,2024-12-29 18:01:00,00:05:00,00:36:00,-,2290211,D7X754,TOSA E.I.R.L.,129518,50560,17200,33360,33.36,LURIN - 5001,2024-12-29 18:03:00,00:02:00,00:43:00,2024-12-29 21:30:00,50350,17070,33280,-80,2024-12-29 21:41:00,03:27:00,00:11:00,04:21:00,0,0
918,AFRICAN ROADRUNNER,MAIZ AMARILLO ARGENTINO,JORNADA 16,15-23,202412290217,-,1,SILOS,-,2024-12-29 17:22:00,2024-12-29 18:02:00,2024-12-29 18:07:00,00:05:00,00:40:00,-,2290217,BYP751,TOSA E.I.R.L.,129519,50860,18080,32780,32.78,LURIN - 5001,2024-12-29 18:10:00,00:03:00,00:48:00,2024-12-29 21:33:00,50680,17970,32710,-70,2024-12-29 21:46:00,03:23:00,00:13:00,04:24:00,0,0
919,AFRICAN ROADRUNNER,MAIZ AMARILLO ARGENTINO,JORNADA 16,15-23,202412290220,-,1,SILOS,-,2024-12-29 17:39:00,2024-12-29 18:10:00,2024-12-29 18:15:00,00:05:00,00:31:00,-,2290220,AZT768,TOSA E.I.R.L.,129520,49560,17940,31620,31.62,LURIN - 5001,2024-12-29 18:23:00,00:08:00,00:44:00,2024-12-29 22:09:00,49370,17800,31570,-50,2024-12-29 22:22:00,03:46:00,00:13:00,04:43:00,0,0
920,AFRICAN ROADRUNNER,MAIZ AMARILLO ARGENTINO,JORNADA 16,15-23,202412290221,-,1,SILOS,-,2024-12-29 17:39:00,2024-12-29 18:17:00,2024-12-29 18:22:00,00:05:00,00:38:00,-,2290221,AZR943,TOSA E.I.R.L.,129521,51200,17680,33520,33.52,LURIN - 5001,2024-12-29 18:25:00,00:03:00,00:46:00,2024-12-29 21:37:00,50990,17530,33460,-60,2024-12-29 22:04:00,03:12:00,00:27:00,04:25:00,0,0
921,AFRICAN ROADRUNNER,MAIZ AMARILLO ARGENTINO,JORNADA 16,15-23,202412290216,-,1,SILOS,-,2024-12-29 17:22:00,2024-12-29 18:21:00,2024-12-29 18:26:00,00:05:00,00:59:00,-,2290216,AZS811,TOSA E.I.R.L.,129522,52140,17380,34760,34.76,LURIN - 5001,2024-12-29 18:28:00,00:02:00,01:06:00,2024-12-29 22:28:00,51930,17250,34680,-80,2024-12-29 22:38:00,04:00:00,00:10:00,05:16:00,0,0
922,AFRICAN ROADRUNNER,MAIZ AMARILLO ARGENTINO,JORNADA 16,15-23,202412290224,-,1,SILOS,-,2024-12-29 17:51:00,2024-12-29 18:35:00,2024-12-29 18:40:00,00:05:00,00:44:00,-,2290224,ATA883,TOSA E.I.R.L.,129523,51400,16840,34560,34.56,LURIN - 5001,2024-12-29 18:50:00,00:10:00,00:59:00,2024-12-29 23:29:00,51210,16710,34500,-60,2024-12-29 23:40:00,04:39:00,00:11:00,05:49:00,0,0
923,AFRICAN ROADRUNNER,MAIZ AMARILLO ARGENTINO,JORNADA 16,15-23,202412290226,-,1,SILOS,-,2024-12-29 18:33:00,2024-12-29 18:50:00,2024-12-29 18:55:00,00:05:00,00:17:00,-,2290226,ASA876,TOSA E.I.R.L.,129524,51460,17020,34440,34.44,LURIN - 5001,2024-12-29 19:21:00,00:26:00,00:48:00,2024-12-29 23:10:00,51270,16890,34380,-60,2024-12-29 23:21:00,03:49:00,00:11:00,04:48:00,0,0
924,AFRICAN ROADRUNNER,MAIZ AMARILLO ARGENTINO,JORNADA 16,15-23,202412290229,-,1,SILOS,-,2024-12-29 18:55:00,2024-12-29 19:20:00,2024-12-29 19:25:00,00:05:00,00:25:00,-,2290229,AJI820,TOSA E.I.R.L.,129525,52280,17640,34640,34.64,LURIN - 5001,2024-12-29 19:49:00,00:24:00,00:54:00,2024-12-30 01:12:00,52080,17490,34590,-50,2024-12-30 01:24:00,05:23:00,00:12:00,06:29:00,0,0
925,AFRICAN ROADRUNNER,MAIZ AMARILLO ARGENTINO,JORNADA 16,15-23,202412290244,-,1,SILOS,-,2024-12-29 19:56:00,2024-12-29 20:02:00,2024-12-29 20:06:00,00:04:00,00:06:00,-,2290244,ABY910,TOSA E.I.R.L.,129528,50960,16880,34080,34.08,LURIN - 5001,2024-12-29 20:43:00,00:37:00,00:47:00,2024-12-30 01:21:00,50770,16760,34010,-70,2024-12-30 02:01:00,04:38:00,00:40:00,06:05:00,0,0
926,AFRICAN ROADRUNNER,MAIZ AMARILLO ARGENTINO,JORNADA 16,15-23,202412290233,-,1,SILOS,-,2024-12-29 19:06:00,2024-12-29 20:10:00,2024-12-29 20:15:00,00:05:00,01:04:00,-,2290233,D8A721,TOSA E.I.R.L.,129526,50980,17260,33720,33.72,LURIN - 5001,2024-12-29 20:31:00,00:16:00,01:25:00,2024-12-30 01:55:00,50770,17110,33660,-60,2024-12-30 02:16:00,05:24:00,00:21:00,07:10:00,0,0
927,AFRICAN ROADRUNNER,MAIZ AMARILLO ARGENTINO,JORNADA 16,15-23,202412290236,-,1,SILOS,-,2024-12-29 19:32:00,2024-12-29 20:10:00,2024-12-29 20:14:00,00:04:00,00:38:00,-,2290236,AUL898,TOSA E.I.R.L.,129527,50680,16880,33800,33.8,LURIN - 5001,2024-12-29 20:38:00,00:24:00,01:06:00,2024-12-30 01:14:00,50680,16940,33740,-60,2024-12-30 01:26:00,04:36:00,00:12:00,05:54:00,0,0
928,AFRICAN ROADRUNNER,MAIZ AMARILLO ARGENTINO,JORNADA 16,15-23,202412290243,-,1,SILOS,-,2024-12-29 19:50:00,2024-12-29 20:25:00,2024-12-29 20:30:00,00:05:00,00:35:00,-,2290243,BUX821,TOSA E.I.R.L.,129529,51660,18160,33500,33.5,LURIN - 5001,2024-12-29 20:53:00,00:23:00,01:03:00,2024-12-30 02:09:00,51460,18040,33420,-80,2024-12-30 02:38:00,05:16:00,00:29:00,06:48:00,0,0
929,AFRICAN ROADRUNNER,MAIZ AMARILLO ARGENTINO,JORNADA 16,15-23,202412290240,-,1,SILOS,-,2024-12-29 19:50:00,2024-12-29 20:45:00,2024-12-29 20:50:00,00:05:00,00:55:00,-,2290240,D6D940,TOSA E.I.R.L.,129530,51160,16680,34480,34.48,LURIN - 5001,2024-12-29 21:04:00,00:14:00,01:14:00,2024-12-30 01:18:00,50980,16560,34420,-60,2024-12-30 01:47:00,04:14:00,00:29:00,05:57:00,0,0
930,AFRICAN ROADRUNNER,MAIZ AMARILLO ARGENTINO,JORNADA 16,15-23,202412290247,-,1,SILOS,-,2024-12-29 20:01:00,2024-12-29 21:00:00,2024-12-29 21:05:00,00:05:00,00:59:00,-,2290247,BUY724,TOSA E.I.R.L.,129531,51820,18220,33600,33.6,LURIN - 5001,2024-12-29 21:49:00,00:44:00,01:48:00,2024-12-30 01:15:00,51670,18130,33540,-60,2024-12-30 01:37:00,03:26:00,00:22:00,05:36:00,0,0
931,AFRICAN ROADRUNNER,MAIZ AMARILLO ARGENTINO,JORNADA 16,15-23,202412290249,-,1,SILOS,-,2024-12-29 20:21:00,2024-12-29 21:10:00,2024-12-29 21:15:00,00:05:00,00:49:00,-,2290249,AUL936,TOSA E.I.R.L.,129532,50080,16980,33100,33.1,LURIN - 5001,2024-12-29 21:53:00,00:38:00,01:32:00,2024-12-30 01:32:00,49920,16860,33060,-40,2024-12-30 02:11:00,03:39:00,00:39:00,05:50:00,0,0
932,AFRICAN ROADRUNNER,MAIZ AMARILLO ARGENTINO,JORNADA 16,15-23,202412290252,-,1,SILOS,-,2024-12-29 21:08:00,2024-12-29 21:25:00,2024-12-29 21:30:00,00:05:00,00:17:00,-,2290252,AWS916,TOSA E.I.R.L.,129533,50620,17680,32940,32.94,LURIN - 5001,2024-12-29 21:53:00,00:23:00,00:45:00,2024-12-30 05:24:00,50480,17550,32930,-10,2024-12-30 07:16:00,07:31:00,01:52:00,10:08:00,0,0
933,AFRICAN ROADRUNNER,MAIZ AMARILLO ARGENTINO,JORNADA 16,15-23,202412290265,-,1,SILOS,-,2024-12-29 21:37:00,2024-12-29 21:48:00,2024-12-29 21:52:00,00:04:00,00:11:00,-,2290265,D7W933,TOSA E.I.R.L.,129535,50700,17400,33300,33.3,LURIN - 5001,2024-12-29 22:18:00,00:26:00,00:41:00,2024-12-30 02:19:00,50530,17260,33270,-30,2024-12-30 02:44:00,04:01:00,00:25:00,05:07:00,0,0
934,AFRICAN ROADRUNNER,MAIZ AMARILLO ARGENTINO,JORNADA 16,15-23,202412290267,-,1,SILOS,-,2024-12-29 21:40:00,2024-12-29 21:56:00,2024-12-29 22:01:00,00:05:00,00:16:00,-,229026,AKV816,TOSA E.I.R.L.,129536,51360,17160,34200,34.2,LURIN - 5001,2024-12-29 22:27:00,00:26:00,00:47:00,2024-12-30 06:52:00,51150,17000,34150,-50,2024-12-30 07:25:00,08:25:00,00:33:00,09:45:00,0,0
935,AFRICAN ROADRUNNER,MAIZ AMARILLO ARGENTINO,JORNADA 16,15-23,202412290255,-,1,SILOS,-,2024-12-29 21:28:00,2024-12-29 21:58:00,2024-12-29 22:04:00,00:06:00,00:30:00,-,2290255,BYP743,TOSA E.I.R.L.,129534,51600,17980,33620,33.62,LURIN - 5001,2024-12-29 22:14:00,00:10:00,00:46:00,2024-12-30 04:26:00,51420,17860,33560,-60,2024-12-30 04:38:00,06:12:00,00:12:00,07:10:00,0,0
936,AFRICAN ROADRUNNER,MAIZ AMARILLO ARGENTINO,JORNADA 16,15-23,202412290268,-,1,SILOS,-,2024-12-29 21:38:00,2024-12-29 22:00:00,2024-12-29 22:04:00,00:04:00,00:22:00,-,2290268,BYP790,TOSA E.I.R.L.,129537,52020,18220,33800,33.8,LURIN - 5001,2024-12-29 22:32:00,00:28:00,00:54:00,2024-12-30 03:03:00,51860,18130,33730,-70,2024-12-30 04:04:00,04:31:00,01:01:00,06:26:00,0,0
937,AFRICAN ROADRUNNER,MAIZ AMARILLO ARGENTINO,JORNADA 16,15-23,202412290269,-,1,SILOS,-,2024-12-29 21:40:00,2024-12-29 22:10:00,2024-12-29 22:15:00,00:05:00,00:30:00,-,2290269,C9H901,TOSA E.I.R.L.,129538,50860,16320,34540,34.54,LURIN - 5001,2024-12-29 22:36:00,00:21:00,00:56:00,2024-12-30 06:42:00,50680,16190,34490,-50,2024-12-30 07:19:00,08:06:00,00:37:00,09:39:00,0,0
938,AFRICAN ROADRUNNER,MAIZ AMARILLO ARGENTINO,JORNADA 16,15-23,202412290270,-,1,SILOS,-,2024-12-29 21:42:00,2024-12-29 22:30:00,2024-12-29 22:35:00,00:05:00,00:48:00,-,2290270,ABV921,TOSA E.I.R.L.,129539,51320,16700,34620,34.62,LURIN - 5001,2024-12-29 23:00:00,00:25:00,01:18:00,2024-12-30 01:58:00,51120,16580,34540,-80,2024-12-30 02:29:00,02:58:00,00:31:00,04:47:00,0,0
939,AFRICAN ROADRUNNER,MAIZ AMARILLO ARGENTINO,JORNADA 17,2025-07-23 00:00:00,202412290274,-,1,SILOS,-,2024-12-29 23:58:00,2024-12-30 00:05:00,2024-12-30 00:10:00,00:05:00,00:07:00,-,2290274,AFX858,TOSA E.I.R.L.,129540,50960,16880,34080,34.08,LURIN - 5001,2024-12-30 00:50:00,00:40:00,00:52:00,2024-12-30 07:10:00,50770,16750,34020,-60,2024-12-30 07:35:00,06:20:00,00:25:00,07:37:00,0,0
940,AFRICAN ROADRUNNER,MAIZ AMARILLO ARGENTINO,JORNADA 17,2025-07-23 00:00:00,202412300014,-,1,SILOS,-,2024-12-30 00:50:00,2024-12-30 01:10:00,2024-12-30 01:15:00,00:05:00,00:20:00,-,2300014,BUY726,TOSA E.I.R.L.,129542,52080,18020,34060,34.06,LURIN - 5001,2024-12-30 01:58:00,00:43:00,01:08:00,2024-12-30 05:17:00,51900,17860,34040,-20,2024-12-30 05:36:00,03:19:00,00:19:00,04:46:00,0,0
941,AFRICAN ROADRUNNER,MAIZ AMARILLO ARGENTINO,JORNADA 17,2025-07-23 00:00:00,202412300009,-,1,SILOS,-,2024-12-30 00:39:00,2024-12-30 01:20:00,2024-12-30 01:25:00,00:05:00,00:41:00,-,2300009,AZR943,TOSA E.I.R.L.,129541,51860,17600,34260,34.26,LURIN - 5001,2024-12-30 01:57:00,00:32:00,01:18:00,2024-12-30 05:18:00,51670,17450,34220,-40,2024-12-30 06:43:00,03:21:00,01:25:00,06:04:00,0,0
942,AFRICAN ROADRUNNER,MAIZ AMARILLO ARGENTINO,JORNADA 17,2025-07-23 00:00:00,202412300012,-,1,SILOS,-,2024-12-30 00:39:00,2024-12-30 01:20:00,2024-12-30 01:25:00,00:05:00,00:41:00,-,2300012,F4O747,TOSA E.I.R.L.,129543,51180,17060,34120,34.12,LURIN - 5001,2024-12-30 01:56:00,00:31:00,01:17:00,2024-12-30 05:20:00,51010,16950,34060,-60,2024-12-30 06:53:00,03:24:00,01:33:00,06:14:00,0,0
943,AFRICAN ROADRUNNER,MAIZ AMARILLO ARGENTINO,JORNADA 17,2025-07-23 00:00:00,202412300017,-,1,SILOS,-,2024-12-30 00:23:00,2024-12-30 01:22:00,2024-12-30 01:25:00,00:03:00,00:59:00,-,2300017,BYP751,TOSA E.I.R.L.,129545,52620,18000,34620,34.62,LURIN - 5001,2024-12-30 02:05:00,00:40:00,01:42:00,2024-12-30 08:25:00,52450,17880,34570,-50,2024-12-30 08:49:00,06:20:00,00:24:00,08:26:00,0,0
944,AFRICAN ROADRUNNER,MAIZ AMARILLO ARGENTINO,JORNADA 17,2025-07-23 00:00:00,202412300018,-,1,SILOS,-,2024-12-30 00:31:00,2024-12-30 01:36:00,2024-12-30 01:40:00,00:04:00,01:05:00,-,2300018,AWS791,TOSA E.I.R.L.,129546,51660,17400,34260,34.26,LURIN - 5001,2024-12-30 02:08:00,00:28:00,01:37:00,2024-12-30 05:13:00,51490,17260,34230,-30,2024-12-30 05:26:00,03:05:00,00:13:00,04:55:00,0,0
945,AFRICAN ROADRUNNER,MAIZ AMARILLO ARGENTINO,JORNADA 17,2025-07-23 00:00:00,202412300015,-,1,SILOS,-,2024-12-30 00:42:00,2024-12-30 01:52:00,2024-12-30 01:57:00,00:05:00,01:10:00,-,2300015,AZT768,TOSA E.I.R.L.,129547,51520,17860,33660,33.66,LURIN - 5001,2024-12-30 02:29:00,00:32:00,01:47:00,2024-12-30 05:22:00,51310,17740,33570,-90,2024-12-30 07:02:00,02:53:00,01:40:00,06:20:00,0,0
946,AFRICAN ROADRUNNER,MAIZ AMARILLO ARGENTINO,JORNADA 17,2025-07-23 00:00:00,202412300016,-,1,SILOS,-,2024-12-30 00:04:00,2024-12-30 01:55:00,2024-12-30 01:59:00,00:04:00,01:51:00,-,2300016,D7X754,TOSA E.I.R.L.,129544,51700,17120,34580,34.58,LURIN - 5001,2024-12-30 02:04:00,00:05:00,02:00:00,2024-12-30 05:15:00,51550,17000,34550,-30,2024-12-30 05:29:00,03:11:00,00:14:00,05:25:00,0,0
947,AFRICAN ROADRUNNER,MAIZ AMARILLO ARGENTINO,JORNADA 17,2025-07-23 00:00:00,202412300022,-,1,SILOS,-,2024-12-30 02:24:00,2024-12-30 02:40:00,2024-12-30 02:44:00,00:04:00,00:16:00,-,2300022,BYP785,TOSA E.I.R.L.,129549,52380,18160,34220,34.22,LURIN - 5001,2024-12-30 03:18:00,00:34:00,00:54:00,2024-12-30 07:11:00,52190,18010,34180,-40,2024-12-30 07:46:00,03:53:00,00:35:00,05:22:00,0,0
948,AFRICAN ROADRUNNER,MAIZ AMARILLO ARGENTINO,JORNADA 17,2025-07-23 00:00:00,202412300020,-,1,SILOS,-,2024-12-30 02:05:00,2024-12-30 02:52:00,2024-12-30 02:58:00,00:06:00,00:47:00,-,2300020,AZS811,TOSA E.I.R.L.,129548,52240,17300,34940,34.94,LURIN - 5001,2024-12-30 03:18:00,00:20:00,01:13:00,2024-12-30 07:14:00,52060,17180,34880,-60,2024-12-30 08:18:00,03:56:00,01:04:00,06:13:00,0,0
949,AFRICAN ROADRUNNER,MAIZ AMARILLO ARGENTINO,JORNADA 17,2025-07-23 00:00:00,202412300026,-,1,SILOS,-,2024-12-30 03:15:00,2024-12-30 03:50:00,2024-12-30 03:52:00,00:02:00,00:35:00,-,2300026,BYP721,TOSA E.I.R.L.,129550,52500,18160,34340,34.34,LURIN - 5001,2024-12-30 04:12:00,00:20:00,00:57:00,2024-12-30 08:23:00,52330,18010,34320,-20,2024-12-30 08:41:00,04:11:00,00:18:00,05:26:00,0,0
950,AFRICAN ROADRUNNER,MAIZ AMARILLO ARGENTINO,JORNADA 17,2025-07-23 00:00:00,202412300029,-,1,SILOS,-,2024-12-30 03:36:00,2024-12-30 03:55:00,2024-12-30 04:00:00,00:05:00,00:19:00,-,2300029,AJI820,TOSA E.I.R.L.,129552,51780,17560,34220,34.22,LURIN - 5001,2024-12-30 04:24:00,00:24:00,00:48:00,2024-12-30 09:16:00,51610,17420,34190,-30,2024-12-30 09:29:00,04:52:00,00:13:00,05:53:00,0,0
951,AFRICAN ROADRUNNER,MAIZ AMARILLO ARGENTINO,JORNADA 17,2025-07-23 00:00:00,202412300030,-,1,SILOS,-,2024-12-30 03:36:00,2024-12-30 03:58:00,2024-12-30 04:03:00,00:05:00,00:22:00,-,2300030,BUY724,TOSA E.I.R.L.,129551,52920,18180,34740,34.74,LURIN - 5001,2024-12-30 04:24:00,00:21:00,00:48:00,2024-12-30 08:45:00,52780,18050,34730,-10,2024-12-30 08:56:00,04:21:00,00:11:00,05:20:00,0,0
952,AFRICAN ROADRUNNER,MAIZ AMARILLO ARGENTINO,JORNADA 17,2025-07-23 00:00:00,202412300038,-,1,SILOS,-,2024-12-30 05:33:00,2024-12-30 05:45:00,2024-12-30 05:50:00,00:05:00,00:12:00,-,2300038,ATA883,TOSA E.I.R.L.,129554,51100,16760,34340,34.34,LURIN - 5001,2024-12-30 06:42:00,00:52:00,01:09:00,2024-12-30 14:06:00,51050,16780,34270,-70,2024-12-30 14:35:00,07:24:00,00:29:00,09:02:00,0,0
953,AFRICAN ROADRUNNER,MAIZ AMARILLO ARGENTINO,JORNADA 17,2025-07-23 00:00:00,202412300034,-,1,SILOS,-,2024-12-30 05:34:00,2024-12-30 05:50:00,2024-12-30 05:55:00,00:05:00,00:16:00,-,2300034,ABV921,TOSA E.I.R.L.,129553,51580,16800,34780,34.78,LURIN - 5001,2024-12-30 06:33:00,00:38:00,00:59:00,2024-12-30 11:56:00,51380,16670,34710,-70,2024-12-30 13:03:00,05:23:00,01:07:00,07:29:00,0,0
954,AFRICAN ROADRUNNER,MAIZ AMARILLO ARGENTINO,JORNADA 17,2025-07-23 00:00:00,202412300039,-,1,SILOS,-,2024-12-30 05:48:00,2024-12-30 06:00:00,2024-12-30 06:05:00,00:05:00,00:12:00,-,2300039,ASA876,TOSA E.I.R.L.,129555,51660,16940,34720,34.72,LURIN - 5001,2024-12-30 06:57:00,00:52:00,01:09:00,2024-12-30 11:01:00,51470,16810,34660,-60,2024-12-30 11:13:00,04:04:00,00:12:00,05:25:00,0,0
955,AFRICAN ROADRUNNER,MAIZ AMARILLO ARGENTINO,JORNADA 18,7-15,202412300042,-,1,SILOS,-,2024-12-30 07:23:00,2024-12-30 07:57:00,2024-12-30 08:06:00,00:09:00,00:34:00,-,2300042,F0J926,TOSA E.I.R.L.,129556,51320,17120,34200,34.2,LURIN - 5001,2024-12-30 08:21:00,00:15:00,00:58:00,2024-12-30 13:15:00,51120,16960,34160,-40,2024-12-30 13:30:00,04:54:00,00:15:00,06:07:00,0,0
956,AFRICAN ROADRUNNER,MAIZ AMARILLO ARGENTINO,JORNADA 18,7-15,202412300053,-,1,SILOS,-,2024-12-30 07:53:00,2024-12-30 08:05:00,2024-12-30 08:13:00,00:08:00,00:12:00,-,2300053,BUY726,TOSA E.I.R.L.,129557,52000,17940,34060,34.06,LURIN - 5001,2024-12-30 08:33:00,00:20:00,00:40:00,2024-12-30 13:47:00,52270,18240,34030,-30,2024-12-30 13:48:00,05:14:00,00:01:00,05:55:00,0,0
957,AFRICAN ROADRUNNER,MAIZ AMARILLO ARGENTINO,JORNADA 18,7-15,202412300054,-,1,SILOS,-,2024-12-30 06:51:00,2024-12-30 08:14:00,2024-12-30 08:26:00,00:12:00,01:23:00,-,2300054,ABY907,TOSA E.I.R.L.,129558,49520,16860,32660,32.66,LURIN - 5001,2024-12-30 08:37:00,00:11:00,01:46:00,2024-12-30 13:06:00,49340,16730,32610,-50,2024-12-30 13:18:00,04:29:00,00:12:00,06:27:00,0,0
958,AFRICAN ROADRUNNER,MAIZ AMARILLO ARGENTINO,JORNADA 18,7-15,202412300051,-,1,SILOS,-,2024-12-30 07:51:00,2024-12-30 08:21:00,2024-12-30 08:30:00,00:09:00,00:30:00,-,2300051,D7X754,TOSA E.I.R.L.,129559,50660,17060,33600,33.6,LURIN - 5001,2024-12-30 08:39:00,00:09:00,00:48:00,2024-12-30 15:40:00,50740,17230,33510,-90,2024-12-30 15:57:00,07:01:00,00:17:00,08:06:00,0,0
959,AFRICAN ROADRUNNER,MAIZ AMARILLO ARGENTINO,JORNADA 18,7-15,202412300060,-,1,SILOS,-,2024-12-30 08:13:00,2024-12-30 09:04:00,2024-12-30 09:16:00,00:12:00,00:51:00,-,2230060,ABY910,TOSA E.I.R.L.,129560,49760,16800,32960,32.96,LURIN - 5001,2024-12-30 09:44:00,00:28:00,01:31:00,2024-12-30 14:20:00,49640,16670,32970,10,2024-12-30 14:48:00,04:36:00,00:28:00,06:35:00,0,0
960,AFRICAN ROADRUNNER,MAIZ AMARILLO ARGENTINO,JORNADA 18,7-15,202412300065,-,1,SILOS,-,2024-12-30 08:17:00,2024-12-30 09:24:00,2024-12-30 09:38:00,00:14:00,01:07:00,-,2300065,AUL898,TOSA E.I.R.L.,129561,50880,17000,33880,33.88,LURIN - 5001,2024-12-30 10:07:00,00:29:00,01:50:00,2024-12-30 14:47:00,50700,16850,33850,-30,2024-12-30 14:58:00,04:40:00,00:11:00,06:41:00,0,0
961,AFRICAN ROADRUNNER,MAIZ AMARILLO ARGENTINO,JORNADA 18,7-15,202412300070,-,1,SILOS,-,2024-12-30 09:54:00,2024-12-30 10:27:00,2024-12-30 10:38:00,00:11:00,00:33:00,-,2300070,BUX931,TOSA E.I.R.L.,129562,51560,18080,33480,33.48,LURIN - 5001,2024-12-30 10:49:00,00:11:00,00:55:00,2024-12-30 15:37:00,51380,17950,33430,-50,2024-12-30 15:49:00,04:48:00,00:12:00,05:55:00,0,0
962,AFRICAN ROADRUNNER,MAIZ AMARILLO ARGENTINO,JORNADA 18,7-15,202412300082,-,1,SILOS,-,2024-12-30 10:31:00,2024-12-30 11:14:00,2024-12-30 11:21:00,00:07:00,00:43:00,-,2300082,AWS916,TOSA E.I.R.L.,129563,52140,17580,34560,34.56,LURIN - 5001,2024-12-30 11:30:00,00:09:00,00:59:00,2024-12-30 16:46:00,51970,17460,34510,-50,2024-12-30 16:57:00,05:16:00,00:11:00,06:26:00,0,0
963,AFRICAN ROADRUNNER,MAIZ AMARILLO ARGENTINO,JORNADA 18,7-15,202412300087,-,1,SILOS,-,2024-12-30 11:00:00,2024-12-30 11:36:00,2024-12-30 11:45:00,00:09:00,00:36:00,-,2300087,AFX858,TOSA E.I.R.L.,129564,48320,16800,31520,31.52,LURIN - 5001,2024-12-30 11:59:00,00:14:00,00:59:00,2024-12-30 19:41:00,48630,17160,31470,-50,2024-12-30 19:55:00,07:42:00,00:14:00,08:55:00,0,0
964,AFRICAN ROADRUNNER,MAIZ AMARILLO ARGENTINO,JORNADA 18,7-15,202412300079,-,1,SILOS,-,2024-12-30 10:26:00,2024-12-30 11:49:00,2024-12-30 11:58:00,00:09:00,01:23:00,-,2300079,BYP790,TOSA E.I.R.L.,129565,52720,18140,34580,34.58,LURIN - 5001,2024-12-30 12:06:00,00:08:00,01:40:00,2024-12-30 18:05:00,52530,18040,34490,-90,2024-12-30 18:25:00,05:59:00,00:20:00,07:59:00,0,0
965,AFRICAN ROADRUNNER,MAIZ AMARILLO ARGENTINO,JORNADA 18,7-15,202412300083,-,1,SILOS,-,2024-12-30 10:33:00,2024-12-30 11:50:00,2024-12-30 11:59:00,00:09:00,01:17:00,-,2300083,BYP785,TOSA E.I.R.L.,129566,51640,18060,33580,33.58,LURIN - 5001,2024-12-30 12:09:00,00:10:00,01:36:00,2024-12-30 18:00:00,51460,17910,33550,-30,2024-12-30 18:18:00,05:51:00,00:18:00,07:45:00,0,0
966,AFRICAN ROADRUNNER,MAIZ AMARILLO ARGENTINO,JORNADA 18,7-15,202412300092,-,1,SILOS,-,2024-12-30 11:09:00,2024-12-30 11:53:00,2024-12-30 12:02:00,00:09:00,00:44:00,-,2300092,AZS811,TOSA E.I.R.L.,129567,51260,17200,34060,34.06,LURIN - 5001,2024-12-30 12:15:00,00:13:00,01:06:00,2024-12-30 19:39:00,51100,17090,34010,-50,2024-12-30 19:48:00,07:24:00,00:09:00,08:39:00,0,0
967,AFRICAN ROADRUNNER,MAIZ AMARILLO ARGENTINO,JORNADA 18,7-15,202412300097,-,1,SILOS,-,2024-12-30 11:02:00,2024-12-30 12:03:00,2024-12-30 12:12:00,00:09:00,01:01:00,-,2300097,D8A721,TOSA E.I.R.L.,129568,51980,17340,34640,34.64,LURIN - 5001,2024-12-30 12:24:00,00:12:00,01:22:00,2024-12-30 18:03:00,51760,17170,34590,-50,2024-12-30 18:22:00,05:39:00,00:19:00,07:20:00,0,0
968,AFRICAN ROADRUNNER,MAIZ AMARILLO ARGENTINO,JORNADA 18,7-15,202412300100,-,1,SILOS,-,2024-12-30 12:03:00,2024-12-30 12:14:00,2024-12-30 12:22:00,00:08:00,00:11:00,-,2300100,AZR943,TOSA E.I.R.L.,129569,51800,17760,34040,34.04,LURIN - 5001,2024-12-30 12:32:00,00:10:00,00:29:00,2024-12-31 01:51:00,51620,17610,34010,-30,2024-12-31 02:02:00,13:19:00,00:11:00,13:59:00,0,0
969,AFRICAN ROADRUNNER,MAIZ AMARILLO ARGENTINO,JORNADA 18,7-15,202412300107,-,1,SILOS,-,2024-12-30 12:07:00,2024-12-30 12:26:00,2024-12-30 12:35:00,00:09:00,00:19:00,-,2300107,BYP743,TOSA E.I.R.L.,129570,51800,18400,33400,33.4,LURIN - 5001,2024-12-30 12:47:00,00:12:00,00:40:00,2024-12-30 16:44:00,51630,18270,33360,-40,2024-12-30 16:54:00,03:57:00,00:10:00,04:47:00,0,0
970,AFRICAN ROADRUNNER,MAIZ AMARILLO ARGENTINO,JORNADA 18,7-15,202412300108,-,1,SILOS,-,2024-12-30 12:14:00,2024-12-30 12:34:00,2024-12-30 12:42:00,00:08:00,00:20:00,-,2300108,C9H901,TOSA E.I.R.L.,129571,49580,16360,33220,33.22,LURIN - 5001,2024-12-30 12:55:00,00:13:00,00:41:00,2024-12-30 18:09:00,49410,16220,33190,-30,2024-12-30 18:34:00,05:14:00,00:25:00,06:20:00,0,0
971,AFRICAN ROADRUNNER,MAIZ AMARILLO ARGENTINO,JORNADA 18,7-15,202412300115,-,1,SILOS,-,2024-12-30 13:05:00,2024-12-30 13:51:00,2024-12-30 14:00:00,00:09:00,00:46:00,-,2300115,F4O747,TOSA E.I.R.L.,129572,51360,17220,34140,34.14,LURIN - 5001,2024-12-30 14:17:00,00:17:00,01:12:00,2024-12-31 01:55:00,51230,17100,34130,-10,2024-12-31 02:46:00,11:38:00,00:51:00,13:41:00,0,0
972,AFRICAN ROADRUNNER,MAIZ AMARILLO ARGENTINO,JORNADA 18,7-15,202412300117,-,1,SILOS,-,2024-12-30 13:05:00,2024-12-30 13:57:00,2024-12-30 14:06:00,00:09:00,00:52:00,-,2300117,BYP751,TOSA E.I.R.L.,129573,51860,17920,33940,33.94,LURIN - 5001,2024-12-30 14:22:00,00:16:00,01:17:00,2024-12-30 23:21:00,51720,17800,33920,-20,2024-12-30 23:29:00,08:59:00,00:08:00,10:24:00,0,0
973,AFRICAN ROADRUNNER,MAIZ AMARILLO ARGENTINO,JORNADA 18,7-15,202412300119,-,1,SILOS,-,2024-12-30 13:10:00,2024-12-30 14:09:00,2024-12-30 14:16:00,00:07:00,00:59:00,-,2300119,AUL936,TOSA E.I.R.L.,129574,51340,17100,34240,34.24,LURIN - 5001,2024-12-30 14:30:00,00:14:00,01:20:00,2024-12-30 22:09:00,51190,16970,34220,-20,2024-12-30 22:32:00,07:39:00,00:23:00,09:22:00,0,0
974,AFRICAN ROADRUNNER,MAIZ AMARILLO ARGENTINO,JORNADA 18,7-15,202412300122,-,1,SILOS,-,2024-12-30 14:15:00,2024-12-30 14:27:00,2024-12-30 14:36:00,00:09:00,00:12:00,-,2300122,AKV816,TOSA E.I.R.L.,129575,51120,17080,34040,34.04,LURIN - 5001,2024-12-30 14:55:00,00:19:00,00:40:00,2024-12-30 20:23:00,50920,16920,34000,-40,2024-12-30 20:34:00,05:28:00,00:11:00,06:19:00,0,0
975,AFRICAN ROADRUNNER,MAIZ AMARILLO ARGENTINO,JORNADA 19,15-23,202412300126,-,1,SILOS,-,2024-12-30 15:43:00,2024-12-30 15:55:00,2024-12-30 16:10:00,00:15:00,00:12:00,-,2300126,BUY724,TOSA E.I.R.L.,129576,51940,18080,33860,33.86,LURIN - 5001,2024-12-30 16:16:00,00:06:00,00:33:00,2024-12-30 22:05:00,51800,17960,33840,-20,2024-12-30 22:14:00,05:49:00,00:09:00,06:31:00,0,0
976,AFRICAN ROADRUNNER,MAIZ AMARILLO ARGENTINO,JORNADA 19,15-23,202412300129,-,1,SILOS,-,2024-12-30 16:20:00,2024-12-30 16:30:00,2024-12-30 16:45:00,00:15:00,00:10:00,-,2300129,AWS791,TOSA E.I.R.L.,129577,51800,17880,33920,33.92,LURIN - 5001,2024-12-30 17:00:00,00:15:00,00:40:00,2024-12-30 22:07:00,51630,17730,33900,-20,2024-12-30 22:19:00,05:07:00,00:12:00,05:59:00,0,0
977,AFRICAN ROADRUNNER,MAIZ AMARILLO ARGENTINO,JORNADA 19,15-23,202412300136,-,1,SILOS,-,2024-12-30 16:48:00,2024-12-30 16:50:00,2024-12-30 17:06:00,00:16:00,00:02:00,-,2300136,BUY726,TOSA E.I.R.L.,129578,52860,18320,34540,34.54,LURIN - 5001,2024-12-30 17:17:00,00:11:00,00:29:00,2024-12-31 00:01:00,52650,18150,34500,-40,2024-12-31 00:09:00,06:44:00,00:08:00,07:21:00,0,0
978,AFRICAN ROADRUNNER,MAIZ AMARILLO ARGENTINO,JORNADA 19,15-23,202412300143,-,1,SILOS,-,2024-12-30 17:03:00,2024-12-30 17:05:00,2024-12-30 17:10:00,00:05:00,00:02:00,-,2300143,F0J926,TOSA E.I.R.L.,129579,50360,17020,33340,33.34,LURIN - 5001,2024-12-30 17:36:00,00:26:00,00:33:00,2024-12-30 22:39:00,50170,16870,33300,-40,2024-12-30 22:50:00,05:03:00,00:11:00,05:47:00,0,0
979,AFRICAN ROADRUNNER,MAIZ AMARILLO ARGENTINO,JORNADA 19,15-23,202412300147,-,1,SILOS,-,2024-12-30 17:05:00,2024-12-30 17:15:00,2024-12-30 17:26:00,00:11:00,00:10:00,-,2300147,BYP721,TOSA E.I.R.L.,129580,52760,18520,34240,34.24,LURIN - 5001,2024-12-30 17:46:00,00:20:00,00:41:00,2024-12-30 22:40:00,52590,18400,34190,-50,2024-12-30 22:59:00,04:54:00,00:19:00,05:54:00,0,0
980,AFRICAN ROADRUNNER,MAIZ AMARILLO ARGENTINO,JORNADA 19,15-23,202412300148,-,1,SILOS,-,2024-12-30 17:12:00,2024-12-30 17:27:00,2024-12-30 17:39:00,00:12:00,00:15:00,-,2300148,ABV921,TOSA E.I.R.L.,129581,50800,16700,34100,34.1,LURIN - 5001,2024-12-30 17:58:00,00:19:00,00:46:00,2024-12-30 22:23:00,50620,16570,34050,-50,2024-12-30 22:45:00,04:25:00,00:22:00,05:33:00,0,0
981,AFRICAN ROADRUNNER,MAIZ AMARILLO ARGENTINO,JORNADA 19,15-23,202412300152,-,1,SILOS,-,2024-12-30 17:44:00,2024-12-30 18:05:00,2024-12-30 18:13:00,00:08:00,00:21:00,-,2300152,ASA876,TOSA E.I.R.L.,129582,52140,17320,34820,34.82,LURIN - 5001,2024-12-30 18:23:00,00:10:00,00:39:00,2024-12-31 01:58:00,51960,17200,34760,-60,2024-12-31 02:12:00,07:35:00,00:14:00,08:28:00,0,0
982,AFRICAN ROADRUNNER,MAIZ AMARILLO ARGENTINO,JORNADA 19,15-23,202412300157,-,1,SILOS,-,2024-12-30 18:28:00,2024-12-30 18:57:00,2024-12-30 19:10:00,00:13:00,00:29:00,-,2300157,AUL898,TOSA E.I.R.L.,129583,51160,16900,34260,34.26,LURIN - 5001,2024-12-30 19:28:00,00:18:00,01:00:00,2024-12-30 23:46:00,50970,16780,34190,-70,2024-12-30 23:54:00,04:18:00,00:08:00,05:26:00,0,0
983,AFRICAN ROADRUNNER,MAIZ AMARILLO ARGENTINO,JORNADA 19,15-23,202412300160,-,1,SILOS,-,2024-12-30 18:33:00,2024-12-30 19:10:00,2024-12-30 19:15:00,00:05:00,00:37:00,-,300160,ATA937,TOSA E.I.R.L.,129584,51200,17020,34180,34.18,LURIN - 5001,2024-12-30 19:47:00,00:32:00,01:14:00,2024-12-31 04:06:00,51050,16910,34140,-40,2024-12-31 04:18:00,08:19:00,00:12:00,09:45:00,0,0
984,AFRICAN ROADRUNNER,MAIZ AMARILLO ARGENTINO,JORNADA 19,15-23,202412300163,-,1,SILOS,-,2024-12-30 19:35:00,2024-12-30 19:50:00,2024-12-30 19:55:00,00:05:00,00:15:00,-,2300163,ATA883,TOSA E.I.R.L.,129585,49760,16820,32940,32.94,LURIN - 5001,2024-12-30 20:09:00,00:14:00,00:34:00,2024-12-31 04:10:00,49630,16700,32930,-10,2024-12-31 04:28:00,08:01:00,00:18:00,08:53:00,0,0
985,AFRICAN ROADRUNNER,MAIZ AMARILLO ARGENTINO,JORNADA 19,15-23,202412300167,-,1,SILOS,-,2024-12-30 19:49:00,2024-12-30 19:55:00,2024-12-30 20:20:00,00:25:00,00:06:00,-,2300167,D7X754,TOSA E.I.R.L.,129587,49640,17280,32360,32.36,LURIN - 5001,2024-12-30 20:46:00,00:26:00,00:57:00,2024-12-31 04:08:00,49480,17140,32340,-20,2024-12-31 04:25:00,07:22:00,00:17:00,08:36:00,0,0
986,AFRICAN ROADRUNNER,MAIZ AMARILLO ARGENTINO,JORNADA 19,15-23,202412300164,-,1,SILOS,-,2024-12-30 19:40:00,2024-12-30 20:10:00,2024-12-30 20:15:00,00:05:00,00:30:00,-,2300164,ABY910,TOSA E.I.R.L.,129586,49280,16720,32560,32.56,LURIN - 5001,2024-12-30 20:33:00,00:18:00,00:53:00,2024-12-31 02:00:00,49110,16600,32510,-50,2024-12-31 02:21:00,05:27:00,00:21:00,06:41:00,0,0
987,AFRICAN ROADRUNNER,MAIZ AMARILLO ARGENTINO,JORNADA 19,15-23,202412300173,-,1,SILOS,-,2024-12-30 20:38:00,2024-12-30 21:15:00,2024-12-30 21:20:00,00:05:00,00:37:00,-,2300173,BUX821,TOSA E.I.R.L.,129588,52960,18000,34960,34.96,LURIN - 5001,2024-12-30 21:58:00,00:38:00,01:20:00,2024-12-31 02:10:00,52760,17870,34890,-70,2024-12-31 02:23:00,04:12:00,00:13:00,05:45:00,0,0
988,AFRICAN ROADRUNNER,MAIZ AMARILLO ARGENTINO,JORNADA 19,15-23,202412300178,-,1,SILOS,-,2024-12-30 21:25:00,2024-12-30 22:20:00,2024-12-30 22:33:00,00:13:00,00:55:00,-,2300178,AWS916,TOSA E.I.R.L.,129589,52420,17500,34920,34.92,LURIN - 5001,2024-12-30 22:59:00,00:26:00,01:34:00,2024-12-31 06:57:00,52250,17380,34870,-50,2024-12-31 07:06:00,07:58:00,00:09:00,09:41:00,0,0
989,AFRICAN ROADRUNNER,MAIZ AMARILLO ARGENTINO,JORNADA 20,2025-07-23 00:00:00,202412310004,-,1,SILOS,-,2024-12-31 01:30:00,2024-12-31 02:30:00,2024-12-31 02:35:00,00:05:00,01:00:00,-,2310004,BUY724,TOSA E.I.R.L.,129590,52600,18000,34600,34.6,LURIN - 5001,2024-12-31 02:43:00,00:08:00,01:13:00,2024-12-31 06:59:00,52450,17880,34570,-30,2024-12-31 07:10:00,04:16:00,00:11:00,05:40:00,0,0
990,AFRICAN ROADRUNNER,MAIZ AMARILLO ARGENTINO,JORNADA 20,2025-07-23 00:00:00,202412310007,-,1,SILOS,-,2024-12-31 01:43:00,2024-12-31 02:35:00,2024-12-31 02:40:00,00:05:00,00:52:00,-,2310007,D8A721,TOSA E.I.R.L.,129591,52260,17260,35000,35,LURIN - 5001,2024-12-31 02:48:00,00:08:00,01:05:00,2024-12-31 07:02:00,52030,17100,34930,-70,2024-12-31 07:22:00,04:14:00,00:20:00,05:39:00,0,0
991,AFRICAN ROADRUNNER,MAIZ AMARILLO ARGENTINO,JORNADA 20,2025-07-23 00:00:00,202412310011,-,1,SILOS,-,2024-12-31 03:58:00,2024-12-31 05:20:00,2024-12-31 05:25:00,00:05:00,01:22:00,-,2310011,F4O747,TOSA E.I.R.L.,129592,52220,17140,35080,35.08,LURIN - 5001,2024-12-31 05:41:00,00:16:00,01:43:00,2024-12-31 08:50:00,52060,17070,34990,-90,2024-12-31 09:02:00,03:09:00,00:12:00,05:04:00,0,0
992,AFRICAN ROADRUNNER,MAIZ AMARILLO ARGENTINO,JORNADA 21,7-15,202412310014,-,1,SILOS,-,2024-12-31 06:30:00,2024-12-31 08:20:00,2024-12-31 08:34:00,00:14:00,01:50:00,-,2310014,D7X754,TOSA E.I.R.L.,129593,26680,17180,9500,9.5,LURIN - 5001,2024-12-31 08:49:00,00:15:00,02:19:00,2024-12-31 11:31:00,26550,17050,9500,0,2024-12-31 11:41:00,02:42:00,00:10:00,05:11:00,0,0
